path,name,virtual_address,virtual_size,raw_size,raw_offset,entropy
AdbWinApi.dll,.text,0x1000,81841,81920,1024,6.5298
AdbWinApi.dll,.data,0x15000,11620,4608,82944,2.2975
AdbWinApi.dll,.rsrc,0x18000,1032,1536,87552,2.2833
AdbWinApi.dll,.reloc,0x19000,6784,7168,89088,4.4878
AdbWinUsbApi.dll,.text,0x1000,48846,49152,1024,6.5163
AdbWinUsbApi.dll,.data,0xD000,6596,3584,50176,2.549
AdbWinUsbApi.dll,.rsrc,0xF000,1064,1536,53760,2.3732
AdbWinUsbApi.dll,.reloc,0x10000,5300,5632,55296,3.9568
AutoUpdater.NET.dll,.text,0x2000,453076,453120,512,5.8601
AutoUpdater.NET.dll,.rsrc,0x72000,1536,1536,453632,2.8141
AutoUpdater.NET.dll,.reloc,0x74000,12,512,455168,0.0815
Auto_ThanLong_Kteam_0789998118.exe,        ,0x2000,3031040,2819584,1024,7.9579
Auto_ThanLong_Kteam_0789998118.exe,        ,0x2E6000,214336,166400,2820608,7.9604
Auto_ThanLong_Kteam_0789998118.exe,        ,0x31C000,12,512,2987008,1.5519
Auto_ThanLong_Kteam_0789998118.exe,.idata,0x31E000,8192,512,2987520,1.1486
Auto_ThanLong_Kteam_0789998118.exe,.rsrc,0x320000,214528,214528,2988032,6.4829
Auto_ThanLong_Kteam_0789998118.exe,.themida,0x356000,5939200,0,3202560,0.0
Auto_ThanLong_Kteam_0789998118.exe,.boot,0x900000,3573248,3573248,3202560,7.9581
Auto_ThanLong_obfusca.exe,Fl.j&!,0x2000,2861236,2861568,1024,7.9999
Auto_ThanLong_obfusca.exe,.text,0x2BE000,133880,134144,2862592,5.6084
Auto_ThanLong_obfusca.exe,.rsrc,0x2E0000,214260,214528,2996736,6.4821
Auto_ThanLong_obfusca.exe,,0x316000,16,512,3211264,0.1426
Auto_ThanLong_obfusca.exe,.reloc,0x318000,12,512,3211776,0.098
Emgu.CV.World.dll,.text,0x2000,639140,639488,512,5.8277
Emgu.CV.World.dll,.rsrc,0xA0000,992,1024,640000,3.1977
Emgu.CV.World.dll,.reloc,0xA2000,12,512,641024,0.1019
KAutoHelper.dll,.text,0x2000,49576,49664,512,6.0078
KAutoHelper.dll,.rsrc,0x10000,904,1024,50176,2.8533
KAutoHelper.dll,.reloc,0x12000,12,512,51200,0.0815
Microsoft.Web.WebView2.Core.dll,.text,0x2000,460152,460288,512,5.5092
Microsoft.Web.WebView2.Core.dll,.rsrc,0x74000,1000,1024,460800,3.2727
Microsoft.Web.WebView2.Core.dll,.reloc,0x76000,12,512,461824,0.1019
Microsoft.Web.WebView2.WinForms.dll,.text,0x2000,25216,25600,512,5.8486
Microsoft.Web.WebView2.WinForms.dll,.rsrc,0xA000,1028,1536,26112,2.4214
Microsoft.Web.WebView2.WinForms.dll,.reloc,0xC000,12,512,27648,0.0815
Microsoft.Web.WebView2.Wpf.dll,.text,0x2000,32088,32256,512,5.872
Microsoft.Web.WebView2.Wpf.dll,.rsrc,0xA000,984,1024,32768,3.2085
Microsoft.Web.WebView2.Wpf.dll,.reloc,0xC000,12,512,33792,0.0815
Newtonsoft.Json.dll,.text,0x2000,691412,691712,512,5.9245
Newtonsoft.Json.dll,.rsrc,0xAC000,1188,1536,692224,2.7573
Newtonsoft.Json.dll,.reloc,0xAE000,12,512,693760,0.1019
System.ComponentModel.Annotations.dll,.text,0x2000,22600,23040,512,5.0431
System.ComponentModel.Annotations.dll,.rsrc,0x8000,2952,3072,23552,3.3957
System.ComponentModel.Annotations.dll,.reloc,0xA000,12,512,26624,0.0815
System.Runtime.CompilerServices.Unsafe.dll,.text,0x2000,4708,5120,512,4.9523
System.Runtime.CompilerServices.Unsafe.dll,.rsrc,0x4000,1536,1536,5632,3.4721
System.Runtime.CompilerServices.Unsafe.dll,.reloc,0x6000,12,512,7168,0.0815
System.Threading.Tasks.Extensions.dll,.text,0x2000,14048,14336,512,5.6817
System.Threading.Tasks.Extensions.dll,.rsrc,0x6000,1488,1536,14848,3.3987
System.Threading.Tasks.Extensions.dll,.reloc,0x8000,12,512,16384,0.0815
Tesseract.dll,.text,0x2000,129224,129536,512,5.8837
Tesseract.dll,.rsrc,0x22000,1776,2048,130048,3.0157
Tesseract.dll,.reloc,0x24000,12,512,132096,0.1019
Xceed.Wpf.AvalonDock.Themes.Aero.dll,.text,0x2000,84184,84480,512,6.1027
Xceed.Wpf.AvalonDock.Themes.Aero.dll,.rsrc,0x18000,1296,1536,84992,2.9474
Xceed.Wpf.AvalonDock.Themes.Aero.dll,.reloc,0x1A000,12,512,86528,0.1019
Xceed.Wpf.AvalonDock.Themes.Metro.dll,.text,0x2000,76624,76800,512,5.6689
Xceed.Wpf.AvalonDock.Themes.Metro.dll,.rsrc,0x16000,1304,1536,77312,2.9713
Xceed.Wpf.AvalonDock.Themes.Metro.dll,.reloc,0x18000,12,512,78848,0.1019
Xceed.Wpf.AvalonDock.Themes.VS2010.dll,.text,0x2000,81756,81920,512,5.7394
Xceed.Wpf.AvalonDock.Themes.VS2010.dll,.rsrc,0x16000,1312,1536,82432,2.9867
Xceed.Wpf.AvalonDock.Themes.VS2010.dll,.reloc,0x18000,12,512,83968,0.1019
Xceed.Wpf.AvalonDock.dll,.text,0x2000,452460,452608,512,6.0999
Xceed.Wpf.AvalonDock.dll,.rsrc,0x72000,1332,1536,453120,3.0154
Xceed.Wpf.AvalonDock.dll,.reloc,0x74000,12,512,454656,0.0815
Xceed.Wpf.Toolkit.dll,.text,0x2000,1208312,1208320,512,6.2916
Xceed.Wpf.Toolkit.dll,.rsrc,0x12A000,1156,1536,1208832,2.6754
Xceed.Wpf.Toolkit.dll,.reloc,0x12C000,12,512,1210368,0.1019
hu/Xceed.Wpf.AvalonDock.resources.dll,.text,0x2000,3204,3584,512,5.0162
hu/Xceed.Wpf.AvalonDock.resources.dll,.rsrc,0x4000,1368,1536,4096,3.0673
hu/Xceed.Wpf.AvalonDock.resources.dll,.reloc,0x6000,12,512,5632,0.0815
it/Xceed.Wpf.AvalonDock.resources.dll,.text,0x2000,3172,3584,512,4.9019
it/Xceed.Wpf.AvalonDock.resources.dll,.rsrc,0x4000,1368,1536,4096,3.0673
it/Xceed.Wpf.AvalonDock.resources.dll,.reloc,0x6000,12,512,5632,0.0815
nl-BE/Xceed.Wpf.AvalonDock.resources.dll,.text,0x2000,3172,3584,512,4.9051
nl-BE/Xceed.Wpf.AvalonDock.resources.dll,.rsrc,0x4000,1368,1536,4096,3.0673
nl-BE/Xceed.Wpf.AvalonDock.resources.dll,.reloc,0x6000,12,512,5632,0.0815
pt-BR/Xceed.Wpf.AvalonDock.resources.dll,.text,0x2000,3140,3584,512,4.8691
pt-BR/Xceed.Wpf.AvalonDock.resources.dll,.rsrc,0x4000,1368,1536,4096,3.0673
pt-BR/Xceed.Wpf.AvalonDock.resources.dll,.reloc,0x6000,12,512,5632,0.0815
ro/Xceed.Wpf.AvalonDock.resources.dll,.text,0x2000,3172,3584,512,4.9351
ro/Xceed.Wpf.AvalonDock.resources.dll,.rsrc,0x4000,1368,1536,4096,3.0673
ro/Xceed.Wpf.AvalonDock.resources.dll,.reloc,0x6000,12,512,5632,0.0815
ru/Xceed.Wpf.AvalonDock.resources.dll,.text,0x2000,3540,3584,512,5.5855
ru/Xceed.Wpf.AvalonDock.resources.dll,.rsrc,0x4000,1368,1536,4096,3.0673
ru/Xceed.Wpf.AvalonDock.resources.dll,.reloc,0x6000,12,512,5632,0.0815
sv/Xceed.Wpf.AvalonDock.resources.dll,.text,0x2000,3108,3584,512,4.8579
sv/Xceed.Wpf.AvalonDock.resources.dll,.rsrc,0x4000,1368,1536,4096,3.0673
sv/Xceed.Wpf.AvalonDock.resources.dll,.reloc,0x6000,12,512,5632,0.0776
x64/cvextern.dll,.text,0x1000,18820344,18820608,1024,6.4761
x64/cvextern.dll,.rdata,0x11F4000,10702534,10702848,18821632,6.5577
x64/cvextern.dll,.data,0x1C29000,6445864,977408,29524480,7.2095
x64/cvextern.dll,.pdata,0x224F000,614460,614912,30501888,6.7465
x64/cvextern.dll,_RDATA,0x22E6000,55344,55808,31116800,6.7571
x64/cvextern.dll,.rsrc,0x22F4000,1208,1536,31172608,3.5758
x64/cvextern.dll,.reloc,0x22F5000,139736,139776,31174144,5.4894
x64/libtesseract3052.dll,.text,0x1000,1798259,1798656,1024,6.5312
x64/libtesseract3052.dll,.rdata,0x1B9000,957772,957952,1799680,5.7989
x64/libtesseract3052.dll,.data,0x2A3000,2449504,10752,2757632,4.6846
x64/libtesseract3052.dll,.pdata,0x4FA000,77280,77312,2768384,6.2608
x64/libtesseract3052.dll,.gfids,0x50D000,60,512,2845696,0.296
x64/libtesseract3052.dll,.tls,0x50E000,9,512,2846208,0.0204
x64/libtesseract3052.dll,_RDATA,0x50F000,5968,6144,2846720,5.6667
x64/libtesseract3052.dll,.rsrc,0x511000,1368,1536,2852864,3.8424
x64/libtesseract3052.dll,.reloc,0x512000,5540,5632,2854400,5.4312
x64/opencv_ffmpeg343_64.dll,.text,0x1000,13984888,13985280,1024,6.5167
x64/opencv_ffmpeg343_64.dll,.rodata,0xD58000,39152,39424,13986304,5.4156
x64/opencv_ffmpeg343_64.dll,.data,0xD62000,249520,249856,14025728,1.4186
x64/opencv_ffmpeg343_64.dll,.rdata,0xD9F000,3298368,3298816,14275584,6.3803
x64/opencv_ffmpeg343_64.dll,.pdata,0x10C5000,179196,179200,17574400,6.6214
x64/opencv_ffmpeg343_64.dll,.xdata,0x10F1000,235180,235520,17753600,4.8272
x64/opencv_ffmpeg343_64.dll,.bss,0x112B000,8579936,0,0,0.0
x64/opencv_ffmpeg343_64.dll,.edata,0x195A000,623,1024,17989120,3.7935
x64/opencv_ffmpeg343_64.dll,.idata,0x195B000,7640,7680,17990144,4.835
x64/opencv_ffmpeg343_64.dll,.CRT,0x195D000,88,512,17997824,0.2123
x64/opencv_ffmpeg343_64.dll,.tls,0x195E000,104,512,17998336,0.2765
x64/opencv_ffmpeg343_64.dll,.rsrc,0x195F000,792,1024,17998848,2.7197
x64/opencv_ffmpeg343_64.dll,.reloc,0x1960000,53856,54272,17999872,5.4453
x86/concrt140.dll,.text,0x1000,197004,197120,1024,6.4992
x86/concrt140.dll,.data,0x32000,11940,11264,198144,4.8372
x86/concrt140.dll,.idata,0x35000,4380,4608,209408,5.376
x86/concrt140.dll,.rsrc,0x37000,1032,1536,214016,2.4782
x86/concrt140.dll,.reloc,0x38000,10484,10752,215552,6.4803
x86/cvextern.dll,.text,0x1000,16305860,16306176,1024,6.5974
x86/cvextern.dll,.rdata,0xF8E000,8262210,8262656,16307200,6.8971
x86/cvextern.dll,.data,0x1770000,5162084,903680,24569856,7.5055
x86/cvextern.dll,_RDATA,0x1C5D000,45104,45568,25473536,6.9971
x86/cvextern.dll,.rsrc,0x1C69000,1208,1536,25519104,3.5788
x86/cvextern.dll,.reloc,0x1C6A000,694564,694784,25520640,6.6101
x86/liblept1753.dll,.text,0x1000,2325794,2326016,1024,6.6773
x86/liblept1753.dll,.rdata,0x239000,477222,477696,2327040,6.039
x86/liblept1753.dll,.data,0x2AE000,28856,20480,2804736,2.8993
x86/liblept1753.dll,.gfids,0x2B6000,28,512,2825216,0.1387
x86/liblept1753.dll,_RDATA,0x2B7000,4896,5120,2825728,5.6371
x86/liblept1753.dll,.rsrc,0x2B9000,1632,2048,2830848,3.4549
x86/liblept1753.dll,.reloc,0x2BA000,45140,45568,2832896,6.6837
x86/libtesseract3052.dll,.text,0x1000,1420994,1421312,1024,6.697
x86/libtesseract3052.dll,.rdata,0x15C000,721114,721408,1422336,5.7367
x86/libtesseract3052.dll,.data,0x20D000,1394544,8704,2143744,5.1997
x86/libtesseract3052.dll,.gfids,0x362000,80,512,2152448,0.3936
x86/libtesseract3052.dll,.tls,0x363000,9,512,2152960,0.0204
x86/libtesseract3052.dll,_RDATA,0x364000,2016,2048,2153472,4.4775
x86/libtesseract3052.dll,.rsrc,0x365000,1368,1536,2155520,3.8391
x86/libtesseract3052.dll,.reloc,0x366000,67396,67584,2157056,6.7502
x86/msvcp140.dll,.text,0x1000,394098,394240,1024,6.5501
x86/msvcp140.dll,.data,0x62000,10256,6144,395264,4.4054
x86/msvcp140.dll,.idata,0x65000,5174,5632,401408,5.0879
x86/msvcp140.dll,.didat,0x67000,52,512,407040,0.7204
x86/msvcp140.dll,.rsrc,0x68000,1016,1024,407552,3.3606
x86/msvcp140.dll,.reloc,0x69000,14900,15360,408576,6.5208
x86/opencv_ffmpeg343.dll,.text,0x1000,13592284,13592576,1024,6.4142
x86/opencv_ffmpeg343.dll,.rodata,0xCF8000,35952,36352,13593600,5.4503
x86/opencv_ffmpeg343.dll,.data,0xD01000,132416,132608,13629952,2.4488
x86/opencv_ffmpeg343.dll,.rdata,0xD22000,3089984,3090432,13762560,6.634
x86/opencv_ffmpeg343.dll,.bss,0x1015000,8567968,0,0,0.0
x86/opencv_ffmpeg343.dll,.edata,0x1841000,620,1024,16852992,3.717
x86/opencv_ffmpeg343.dll,.idata,0x1842000,5636,6144,16854016,5.3263
x86/opencv_ffmpeg343.dll,.CRT,0x1844000,44,512,16860160,0.2123
x86/opencv_ffmpeg343.dll,.tls,0x1845000,32,512,16860672,0.2765
x86/opencv_ffmpeg343.dll,.rsrc,0x1846000,792,1024,16861184,2.7197
x86/opencv_ffmpeg343.dll,.reloc,0x1847000,261872,262144,16862208,6.6851
x86/vcruntime140.dll,.text,0x1000,59844,59904,1024,6.6172
x86/vcruntime140.dll,.data,0x10000,1604,512,60928,3.7144
x86/vcruntime140.dll,.idata,0x11000,1464,1536,61440,5.0419
x86/vcruntime140.dll,.rsrc,0x12000,1032,1536,62976,2.4648
x86/vcruntime140.dll,.reloc,0x13000,2708,3072,64512,6.209
zh-Hans/Xceed.Wpf.AvalonDock.resources.dll,.text,0x2000,3092,3584,512,5.0644
zh-Hans/Xceed.Wpf.AvalonDock.resources.dll,.rsrc,0x4000,1368,1536,4096,3.0673
zh-Hans/Xceed.Wpf.AvalonDock.resources.dll,.reloc,0x6000,12,512,5632,0.0815
