caller_type,caller_method,caller_rid,il_offset,opcode,target_kind,target_type,target_method,target_token
KAutoHelper.ADBHelper,SetADBFolderPath,1,13,call,MemberRef,System.String,Concat,0x0A000012
KAutoHelper.ADBHelper,SetADBFolderPath,1,28,call,MemberRef,System.IO.File,Exists,0x0A000013
KAutoHelper.ADBHelper,ExecuteCMD,2,2,newobj,MemberRef,System.Diagnostics.Process,.ctor,0x0A000014
KAutoHelper.ADBHelper,ExecuteCMD,2,8,newobj,MemberRef,System.Diagnostics.ProcessStartInfo,.ctor,0x0A000015
KAutoHelper.ADBHelper,ExecuteCMD,2,20,callvirt,MemberRef,System.Diagnostics.ProcessStartInfo,set_WorkingDirectory,0x0A000016
KAutoHelper.ADBHelper,ExecuteCMD,2,32,callvirt,MemberRef,System.Diagnostics.ProcessStartInfo,set_FileName,0x0A000017
KAutoHelper.ADBHelper,ExecuteCMD,2,40,callvirt,MemberRef,System.Diagnostics.ProcessStartInfo,set_CreateNoWindow,0x0A000018
KAutoHelper.ADBHelper,ExecuteCMD,2,48,callvirt,MemberRef,System.Diagnostics.ProcessStartInfo,set_UseShellExecute,0x0A000019
KAutoHelper.ADBHelper,ExecuteCMD,2,56,callvirt,MemberRef,System.Diagnostics.ProcessStartInfo,set_WindowStyle,0x0A00001A
KAutoHelper.ADBHelper,ExecuteCMD,2,64,callvirt,MemberRef,System.Diagnostics.ProcessStartInfo,set_RedirectStandardInput,0x0A00001B
KAutoHelper.ADBHelper,ExecuteCMD,2,72,callvirt,MemberRef,System.Diagnostics.ProcessStartInfo,set_RedirectStandardOutput,0x0A00001C
KAutoHelper.ADBHelper,ExecuteCMD,2,80,callvirt,MemberRef,System.Diagnostics.Process,set_StartInfo,0x0A00001D
KAutoHelper.ADBHelper,ExecuteCMD,2,87,callvirt,MemberRef,System.Diagnostics.Process,Start,0x0A00001E
KAutoHelper.ADBHelper,ExecuteCMD,2,94,callvirt,MemberRef,System.Diagnostics.Process,get_StandardInput,0x0A00001F
KAutoHelper.ADBHelper,ExecuteCMD,2,100,callvirt,MemberRef,System.IO.TextWriter,WriteLine,0x0A000020
KAutoHelper.ADBHelper,ExecuteCMD,2,107,callvirt,MemberRef,System.Diagnostics.Process,get_StandardInput,0x0A00001F
KAutoHelper.ADBHelper,ExecuteCMD,2,112,callvirt,MemberRef,System.IO.TextWriter,Flush,0x0A000021
KAutoHelper.ADBHelper,ExecuteCMD,2,119,callvirt,MemberRef,System.Diagnostics.Process,get_StandardInput,0x0A00001F
KAutoHelper.ADBHelper,ExecuteCMD,2,124,callvirt,MemberRef,System.IO.TextWriter,Close,0x0A000022
KAutoHelper.ADBHelper,ExecuteCMD,2,131,callvirt,MemberRef,System.Diagnostics.Process,WaitForExit,0x0A000023
KAutoHelper.ADBHelper,ExecuteCMD,2,138,callvirt,MemberRef,System.Diagnostics.Process,get_StandardOutput,0x0A000024
KAutoHelper.ADBHelper,ExecuteCMD,2,143,callvirt,MemberRef,System.IO.TextReader,ReadToEnd,0x0A000025
KAutoHelper.ADBHelper,GetDevices,3,1,newobj,MemberRef,,.ctor,0x0A000026
KAutoHelper.ADBHelper,GetDevices,3,12,call,MethodDef,KAutoHelper.ADBHelper,ExecuteCMD,0x06000002
KAutoHelper.ADBHelper,GetDevices,3,28,call,MemberRef,System.Text.RegularExpressions.Regex,Matches,0x0A000027
KAutoHelper.ADBHelper,GetDevices,3,35,callvirt,MemberRef,System.Text.RegularExpressions.MatchCollection,get_Count,0x0A000028
KAutoHelper.ADBHelper,GetDevices,3,55,callvirt,MemberRef,System.Text.RegularExpressions.MatchCollection,get_Item,0x0A000029
KAutoHelper.ADBHelper,GetDevices,3,60,callvirt,MemberRef,System.Text.RegularExpressions.Match,get_Groups,0x0A00002A
KAutoHelper.ADBHelper,GetDevices,3,66,callvirt,MemberRef,System.Text.RegularExpressions.GroupCollection,get_Item,0x0A00002B
KAutoHelper.ADBHelper,GetDevices,3,71,callvirt,MemberRef,System.Text.RegularExpressions.Capture,get_Value,0x0A00002C
KAutoHelper.ADBHelper,GetDevices,3,85,call,MemberRef,System.Text.RegularExpressions.Regex,Split,0x0A00002D
KAutoHelper.ADBHelper,GetDevices,3,112,call,MemberRef,System.String,IsNullOrEmpty,0x0A00002E
KAutoHelper.ADBHelper,GetDevices,3,126,call,MemberRef,System.String,op_Inequality,0x0A00002F
KAutoHelper.ADBHelper,GetDevices,3,143,callvirt,MemberRef,System.String,Trim,0x0A000030
KAutoHelper.ADBHelper,GetDevices,3,158,callvirt,MemberRef,System.String,Replace,0x0A000031
KAutoHelper.ADBHelper,GetDevices,3,168,callvirt,MemberRef,System.String,Trim,0x0A000030
KAutoHelper.ADBHelper,GetDevices,3,173,callvirt,MemberRef,,Add,0x0A000032
KAutoHelper.ADBHelper,GetDeviceName,4,14,call,MethodDef,KAutoHelper.ADBHelper,ExecuteCMD,0x06000002
KAutoHelper.ADBHelper,TapByPercent,5,2,call,MethodDef,KAutoHelper.ADBHelper,GetScreenResolution,0x0600000C
KAutoHelper.ADBHelper,TapByPercent,5,11,call,MemberRef,System.Drawing.Point,get_X,0x0A000033
KAutoHelper.ADBHelper,TapByPercent,5,43,call,MemberRef,System.Drawing.Point,get_Y,0x0A000034
KAutoHelper.ADBHelper,TapByPercent,5,90,call,MemberRef,System.String,Format,0x0A000035
KAutoHelper.ADBHelper,TapByPercent,5,126,call,MemberRef,System.String,Format,0x0A000035
KAutoHelper.ADBHelper,TapByPercent,5,131,call,MemberRef,System.String,Concat,0x0A000036
KAutoHelper.ADBHelper,TapByPercent,5,156,call,MethodDef,KAutoHelper.ADBHelper,ExecuteCMD,0x06000002
KAutoHelper.ADBHelper,Tap,6,19,call,MemberRef,System.String,Format,0x0A000035
KAutoHelper.ADBHelper,Tap,6,54,call,MemberRef,System.String,Format,0x0A000035
KAutoHelper.ADBHelper,Tap,6,59,call,MemberRef,System.String,Concat,0x0A000036
KAutoHelper.ADBHelper,Tap,6,79,call,MethodDef,KAutoHelper.ADBHelper,ExecuteCMD,0x06000002
KAutoHelper.ADBHelper,Key,7,13,call,MemberRef,System.String,Format,0x0A000037
KAutoHelper.ADBHelper,Key,7,20,call,MethodDef,KAutoHelper.ADBHelper,ExecuteCMD,0x06000002
KAutoHelper.ADBHelper,InputText,8,18,callvirt,MemberRef,System.String,Replace,0x0A000031
KAutoHelper.ADBHelper,InputText,8,33,callvirt,MemberRef,System.String,Replace,0x0A000031
KAutoHelper.ADBHelper,InputText,8,48,callvirt,MemberRef,System.String,Replace,0x0A000031
KAutoHelper.ADBHelper,InputText,8,63,callvirt,MemberRef,System.String,Replace,0x0A000031
KAutoHelper.ADBHelper,InputText,8,78,callvirt,MemberRef,System.String,Replace,0x0A000031
KAutoHelper.ADBHelper,InputText,8,93,callvirt,MemberRef,System.String,Replace,0x0A000031
KAutoHelper.ADBHelper,InputText,8,108,callvirt,MemberRef,System.String,Replace,0x0A000031
KAutoHelper.ADBHelper,InputText,8,123,callvirt,MemberRef,System.String,Replace,0x0A000031
KAutoHelper.ADBHelper,InputText,8,138,callvirt,MemberRef,System.String,Replace,0x0A000031
KAutoHelper.ADBHelper,InputText,8,153,callvirt,MemberRef,System.String,Replace,0x0A000031
KAutoHelper.ADBHelper,InputText,8,168,callvirt,MemberRef,System.String,Replace,0x0A000031
KAutoHelper.ADBHelper,InputText,8,173,call,MemberRef,System.String,Format,0x0A000037
KAutoHelper.ADBHelper,InputText,8,180,call,MethodDef,KAutoHelper.ADBHelper,ExecuteCMD,0x06000002
KAutoHelper.ADBHelper,SwipeByPercent,9,2,call,MethodDef,KAutoHelper.ADBHelper,GetScreenResolution,0x0600000C
KAutoHelper.ADBHelper,SwipeByPercent,9,11,call,MemberRef,System.Drawing.Point,get_X,0x0A000033
KAutoHelper.ADBHelper,SwipeByPercent,9,43,call,MemberRef,System.Drawing.Point,get_Y,0x0A000034
KAutoHelper.ADBHelper,SwipeByPercent,9,75,call,MemberRef,System.Drawing.Point,get_X,0x0A000033
KAutoHelper.ADBHelper,SwipeByPercent,9,108,call,MemberRef,System.Drawing.Point,get_Y,0x0A000034
KAutoHelper.ADBHelper,SwipeByPercent,9,200,call,MemberRef,System.String,Format,0x0A000038
KAutoHelper.ADBHelper,SwipeByPercent,9,209,call,MethodDef,KAutoHelper.ADBHelper,ExecuteCMD,0x06000002
KAutoHelper.ADBHelper,Swipe,10,63,call,MemberRef,System.String,Format,0x0A000038
KAutoHelper.ADBHelper,Swipe,10,70,call,MethodDef,KAutoHelper.ADBHelper,ExecuteCMD,0x06000002
KAutoHelper.ADBHelper,LongPress,11,61,call,MemberRef,System.String,Format,0x0A000038
KAutoHelper.ADBHelper,LongPress,11,68,call,MethodDef,KAutoHelper.ADBHelper,ExecuteCMD,0x06000002
KAutoHelper.ADBHelper,GetScreenResolution,12,7,call,MemberRef,System.String,Format,0x0A000039
KAutoHelper.ADBHelper,GetScreenResolution,12,14,call,MethodDef,KAutoHelper.ADBHelper,ExecuteCMD,0x06000002
KAutoHelper.ADBHelper,GetScreenResolution,12,27,callvirt,MemberRef,System.String,IndexOf,0x0A00003A
KAutoHelper.ADBHelper,GetScreenResolution,12,32,callvirt,MemberRef,System.String,Substring,0x0A00003B
KAutoHelper.ADBHelper,GetScreenResolution,12,42,callvirt,MemberRef,System.String,IndexOf,0x0A00003C
KAutoHelper.ADBHelper,GetScreenResolution,12,50,callvirt,MemberRef,System.String,IndexOf,0x0A00003C
KAutoHelper.ADBHelper,GetScreenResolution,12,58,callvirt,MemberRef,System.String,IndexOf,0x0A00003C
KAutoHelper.ADBHelper,GetScreenResolution,12,64,callvirt,MemberRef,System.String,Substring,0x0A00003D
KAutoHelper.ADBHelper,GetScreenResolution,12,82,callvirt,MemberRef,System.String,Split,0x0A00003E
KAutoHelper.ADBHelper,GetScreenResolution,12,91,callvirt,MemberRef,System.String,Trim,0x0A000030
KAutoHelper.ADBHelper,GetScreenResolution,12,96,call,MemberRef,System.Convert,ToInt32,0x0A00003F
KAutoHelper.ADBHelper,GetScreenResolution,12,105,callvirt,MemberRef,System.String,Trim,0x0A000030
KAutoHelper.ADBHelper,GetScreenResolution,12,110,call,MemberRef,System.Convert,ToInt32,0x0A00003F
KAutoHelper.ADBHelper,GetScreenResolution,12,120,newobj,MemberRef,System.Drawing.Point,.ctor,0x0A000040
KAutoHelper.ADBHelper,ScreenShoot,13,2,call,MemberRef,System.String,IsNullOrEmpty,0x0A00002E
KAutoHelper.ADBHelper,ScreenShoot,13,14,call,MethodDef,KAutoHelper.ADBHelper,GetDevices,0x06000003
KAutoHelper.ADBHelper,ScreenShoot,13,27,callvirt,MemberRef,,get_Count,0x0A000041
KAutoHelper.ADBHelper,ScreenShoot,13,47,call,Table0x2B,,,0x2B000001
KAutoHelper.ADBHelper,ScreenShoot,13,82,callvirt,MemberRef,System.String,Split,0x0A00003E
KAutoHelper.ADBHelper,ScreenShoot,13,99,call,MemberRef,System.IO.Path,GetFileNameWithoutExtension,0x0A000043
KAutoHelper.ADBHelper,ScreenShoot,13,106,call,MemberRef,System.IO.Path,GetExtension,0x0A000044
KAutoHelper.ADBHelper,ScreenShoot,13,111,call,MemberRef,System.String,Concat,0x0A000036
KAutoHelper.ADBHelper,ScreenShoot,13,121,call,MemberRef,System.IO.File,Exists,0x0A000013
KAutoHelper.ADBHelper,ScreenShoot,13,135,call,MemberRef,System.IO.File,Delete,0x0A000045
KAutoHelper.ADBHelper,ScreenShoot,13,172,call,MemberRef,System.String,Concat,0x0A000012
KAutoHelper.ADBHelper,ScreenShoot,13,177,call,MemberRef,System.String,Format,0x0A000037
KAutoHelper.ADBHelper,ScreenShoot,13,184,call,MemberRef,System.Environment,get_NewLine,0x0A000046
KAutoHelper.ADBHelper,ScreenShoot,13,201,call,MemberRef,System.String,Concat,0x0A000012
KAutoHelper.ADBHelper,ScreenShoot,13,206,call,MemberRef,System.String,Format,0x0A000037
KAutoHelper.ADBHelper,ScreenShoot,13,211,call,MemberRef,System.String,Concat,0x0A000036
KAutoHelper.ADBHelper,ScreenShoot,13,218,call,MemberRef,System.Environment,get_NewLine,0x0A000046
KAutoHelper.ADBHelper,ScreenShoot,13,235,call,MemberRef,System.String,Concat,0x0A000012
KAutoHelper.ADBHelper,ScreenShoot,13,240,call,MemberRef,System.String,Format,0x0A000037
KAutoHelper.ADBHelper,ScreenShoot,13,245,call,MemberRef,System.Environment,get_NewLine,0x0A000046
KAutoHelper.ADBHelper,ScreenShoot,13,250,call,MemberRef,System.String,Concat,0x0A000047
KAutoHelper.ADBHelper,ScreenShoot,13,257,call,MethodDef,KAutoHelper.ADBHelper,ExecuteCMD,0x06000002
KAutoHelper.ADBHelper,ScreenShoot,13,264,newobj,MemberRef,System.Drawing.Bitmap,.ctor,0x0A000048
KAutoHelper.ADBHelper,ScreenShoot,13,274,newobj,MemberRef,System.Drawing.Bitmap,.ctor,0x0A000049
KAutoHelper.ADBHelper,ScreenShoot,13,290,callvirt,MemberRef,System.IDisposable,Dispose,0x0A00004A
KAutoHelper.ADBHelper,ScreenShoot,13,307,call,MemberRef,System.IO.File,Delete,0x0A000045
KAutoHelper.ADBHelper,ConnectNox,14,39,call,MemberRef,System.String,Concat,0x0A00004B
KAutoHelper.ADBHelper,ConnectNox,14,63,call,MemberRef,System.String,Concat,0x0A00004B
KAutoHelper.ADBHelper,ConnectNox,14,87,call,MemberRef,System.Environment,get_NewLine,0x0A000046
KAutoHelper.ADBHelper,ConnectNox,14,112,call,MemberRef,System.String,Concat,0x0A00004C
KAutoHelper.ADBHelper,ConnectNox,14,138,call,MethodDef,KAutoHelper.ADBHelper,ExecuteCMD,0x06000002
KAutoHelper.ADBHelper,PlanModeON,15,3,call,MemberRef,System.Threading.CancellationToken,get_IsCancellationRequested,0x0A00004D
KAutoHelper.ADBHelper,PlanModeON,15,26,call,MemberRef,System.String,Concat,0x0A000036
KAutoHelper.ADBHelper,PlanModeON,15,44,call,MemberRef,System.Environment,get_NewLine,0x0A000046
KAutoHelper.ADBHelper,PlanModeON,15,70,call,MemberRef,System.String,Concat,0x0A00004E
KAutoHelper.ADBHelper,PlanModeON,15,77,call,MethodDef,KAutoHelper.ADBHelper,ExecuteCMD,0x06000002
KAutoHelper.ADBHelper,PlanModeOFF,16,3,call,MemberRef,System.Threading.CancellationToken,get_IsCancellationRequested,0x0A00004D
KAutoHelper.ADBHelper,PlanModeOFF,16,26,call,MemberRef,System.String,Concat,0x0A000036
KAutoHelper.ADBHelper,PlanModeOFF,16,44,call,MemberRef,System.Environment,get_NewLine,0x0A000046
KAutoHelper.ADBHelper,PlanModeOFF,16,70,call,MemberRef,System.String,Concat,0x0A00004E
KAutoHelper.ADBHelper,PlanModeOFF,16,77,call,MethodDef,KAutoHelper.ADBHelper,ExecuteCMD,0x06000002
KAutoHelper.ADBHelper,Delay,17,23,call,MemberRef,System.TimeSpan,FromMilliseconds,0x0A00004F
KAutoHelper.ADBHelper,Delay,17,28,call,MemberRef,System.Threading.Thread,Sleep,0x0A000050
KAutoHelper.ADBHelper,FindImage,18,2,newobj,MemberRef,System.IO.DirectoryInfo,.ctor,0x0A000051
KAutoHelper.ADBHelper,FindImage,18,9,callvirt,MemberRef,System.IO.DirectoryInfo,GetFiles,0x0A000052
KAutoHelper.ADBHelper,FindImage,18,29,call,MethodDef,KAutoHelper.ADBHelper,ScreenShoot,0x0600000D
KAutoHelper.ADBHelper,FindImage,18,53,call,MethodDef,KAutoHelper.ADBHelper,Delay,0x06000011
KAutoHelper.ADBHelper,FindImage,18,128,callvirt,MemberRef,System.IO.FileSystemInfo,get_FullName,0x0A000053
KAutoHelper.ADBHelper,FindImage,18,133,call,MemberRef,System.Drawing.Image,FromFile,0x0A000054
KAutoHelper.ADBHelper,FindImage,18,157,call,MethodDef,KAutoHelper.ImageScanOpenCV,FindOutPoint,0x0600007F
KAutoHelper.ADBHelper,FindImage,18,166,call,MemberRef,,get_HasValue,0x0A000055
KAutoHelper.ADBHelper,FindImage,18,196,call,MemberRef,,get_HasValue,0x0A000055
KAutoHelper.ADBHelper,FindImage,18,224,call,MethodDef,KAutoHelper.ADBHelper,Delay,0x06000011
KAutoHelper.ADBHelper,FindImageAndClick,19,2,newobj,MemberRef,System.IO.DirectoryInfo,.ctor,0x0A000051
KAutoHelper.ADBHelper,FindImageAndClick,19,9,callvirt,MemberRef,System.IO.DirectoryInfo,GetFiles,0x0A000052
KAutoHelper.ADBHelper,FindImageAndClick,19,29,call,MethodDef,KAutoHelper.ADBHelper,ScreenShoot,0x0600000D
KAutoHelper.ADBHelper,FindImageAndClick,19,53,call,MethodDef,KAutoHelper.ADBHelper,Delay,0x06000011
KAutoHelper.ADBHelper,FindImageAndClick,19,119,callvirt,MemberRef,System.IO.FileSystemInfo,get_FullName,0x0A000053
KAutoHelper.ADBHelper,FindImageAndClick,19,124,call,MemberRef,System.Drawing.Image,FromFile,0x0A000054
KAutoHelper.ADBHelper,FindImageAndClick,19,148,call,MethodDef,KAutoHelper.ImageScanOpenCV,FindOutPoint,0x0600007F
KAutoHelper.ADBHelper,FindImageAndClick,19,157,call,MemberRef,,get_HasValue,0x0A000055
KAutoHelper.ADBHelper,FindImageAndClick,19,187,call,MemberRef,,get_HasValue,0x0A000055
KAutoHelper.ADBHelper,FindImageAndClick,19,202,call,MemberRef,,get_Value,0x0A000056
KAutoHelper.ADBHelper,FindImageAndClick,19,211,call,MemberRef,System.Drawing.Point,get_X,0x0A000033
KAutoHelper.ADBHelper,FindImageAndClick,19,218,call,MemberRef,,get_Value,0x0A000056
KAutoHelper.ADBHelper,FindImageAndClick,19,227,call,MemberRef,System.Drawing.Point,get_Y,0x0A000034
KAutoHelper.ADBHelper,FindImageAndClick,19,233,call,MethodDef,KAutoHelper.ADBHelper,Tap,0x06000006
KAutoHelper.ADBHelper,FindImageAndClick,19,247,call,MethodDef,KAutoHelper.ADBHelper,Delay,0x06000011
KAutoHelper.ADBHelper,.ctor,20,1,call,MemberRef,System.Object,.ctor,0x0A000057
KAutoHelper.BitmapConversion,BitmapToBitmapSource,22,14,callvirt,MemberRef,System.Drawing.Bitmap,GetHbitmap,0x0A000058
KAutoHelper.BitmapConversion,BitmapToBitmapSource,22,24,call,MemberRef,System.Windows.Int32Rect,get_Empty,0x0A00005A
KAutoHelper.BitmapConversion,BitmapToBitmapSource,22,29,call,MemberRef,System.Windows.Media.Imaging.BitmapSizeOptions,FromEmptyOptions,0x0A00005B
KAutoHelper.BitmapConversion,BitmapToBitmapSource,22,34,call,MemberRef,System.Windows.Interop.Imaging,CreateBitmapSourceFromHBitmap,0x0A00005C
KAutoHelper.NoxMultiIni,GetNoxMultiIni,29,1,newobj,MemberRef,,.ctor,0x0A00005D
KAutoHelper.NoxMultiIni,GetNoxMultiIni,29,9,call,MemberRef,System.Environment,GetFolderPath,0x0A00005E
KAutoHelper.NoxMultiIni,GetNoxMultiIni,29,14,call,MemberRef,System.IO.Directory,GetParent,0x0A00005F
KAutoHelper.NoxMultiIni,GetNoxMultiIni,29,19,callvirt,MemberRef,System.IO.FileSystemInfo,get_FullName,0x0A000053
KAutoHelper.NoxMultiIni,GetNoxMultiIni,29,31,call,MemberRef,System.String,Concat,0x0A000012
KAutoHelper.NoxMultiIni,GetNoxMultiIni,29,36,call,MemberRef,System.IO.File,ReadAllLines,0x0A000060
KAutoHelper.NoxMultiIni,GetNoxMultiIni,29,47,newobj,MethodDef,KAutoHelper.NoxMultiIni,.ctor,0x0600001F
KAutoHelper.NoxMultiIni,GetNoxMultiIni,29,72,callvirt,MemberRef,System.String,Split,0x0A00003E
KAutoHelper.NoxMultiIni,GetNoxMultiIni,29,79,call,MemberRef,System.Convert,ToInt32,0x0A00003F
KAutoHelper.NoxMultiIni,GetNoxMultiIni,29,84,callvirt,MethodDef,KAutoHelper.NoxMultiIni,set_pid,0x06000018
KAutoHelper.NoxMultiIni,GetNoxMultiIni,29,108,callvirt,MemberRef,System.String,Split,0x0A00003E
KAutoHelper.NoxMultiIni,GetNoxMultiIni,29,115,call,MemberRef,System.Convert,ToInt32,0x0A00003F
KAutoHelper.NoxMultiIni,GetNoxMultiIni,29,120,callvirt,MethodDef,KAutoHelper.NoxMultiIni,set_vmpid,0x0600001A
KAutoHelper.NoxMultiIni,GetNoxMultiIni,29,129,callvirt,MemberRef,,Add,0x0A000061
KAutoHelper.NoxMultiIni,GetNoxTitleFromADBPort,30,0,newobj,MethodDef,<>c__DisplayClass13_0,.ctor,0x060000B6
KAutoHelper.NoxMultiIni,GetNoxTitleFromADBPort,30,14,call,MethodDef,KAutoHelper.ProcessHelper,GetNetStatPorts,0x0600009E
KAutoHelper.NoxMultiIni,GetNoxTitleFromADBPort,30,19,call,MethodDef,KAutoHelper.NoxMultiIni,set_Ports,0x0600001C
KAutoHelper.NoxMultiIni,GetNoxTitleFromADBPort,30,25,call,MethodDef,KAutoHelper.NoxMultiIni,GetNoxMultiIni,0x0600001D
KAutoHelper.NoxMultiIni,GetNoxTitleFromADBPort,30,32,call,MethodDef,KAutoHelper.NoxMultiIni,get_Ports,0x0600001B
KAutoHelper.NoxMultiIni,GetNoxTitleFromADBPort,30,44,newobj,MemberRef,,.ctor,0x0A000062
KAutoHelper.NoxMultiIni,GetNoxTitleFromADBPort,30,49,call,Table0x2B,,,0x2B000002
KAutoHelper.NoxMultiIni,GetNoxTitleFromADBPort,30,54,call,Table0x2B,,,0x2B000003
KAutoHelper.NoxMultiIni,GetNoxTitleFromADBPort,30,72,newobj,MemberRef,,.ctor,0x0A000065
KAutoHelper.NoxMultiIni,GetNoxTitleFromADBPort,30,77,call,Table0x2B,,,0x2B000004
KAutoHelper.NoxMultiIni,GetNoxTitleFromADBPort,30,82,call,Table0x2B,,,0x2B000005
KAutoHelper.NoxMultiIni,GetNoxTitleFromADBPort,30,89,callvirt,MethodDef,KAutoHelper.NoxMultiIni,get_pid,0x06000017
KAutoHelper.NoxMultiIni,GetNoxTitleFromADBPort,30,94,call,MemberRef,System.Diagnostics.Process,GetProcessById,0x0A000066
KAutoHelper.NoxMultiIni,GetNoxTitleFromADBPort,30,101,callvirt,MemberRef,System.Diagnostics.Process,get_MainWindowTitle,0x0A000067
KAutoHelper.NoxMultiIni,.ctor,31,1,call,MemberRef,System.Object,.ctor,0x0A000057
KAutoHelper.AutoControl,BringToFront,54,3,call,MethodDef,KAutoHelper.AutoControl,FindWindow,0x06000020
KAutoHelper.AutoControl,BringToFront,54,10,call,MethodDef,KAutoHelper.AutoControl,SetForegroundWindow,0x0600002F
KAutoHelper.AutoControl,BringToFront,55,2,call,MethodDef,KAutoHelper.AutoControl,SetForegroundWindow,0x0600002F
KAutoHelper.AutoControl,IsWindowVisible_,56,2,call,MethodDef,KAutoHelper.AutoControl,IsWindowVisible,0x06000035
KAutoHelper.AutoControl,FindWindowHandle,57,9,call,MethodDef,KAutoHelper.AutoControl,FindWindow,0x06000020
KAutoHelper.AutoControl,FindWindowHandlesFromProcesses,58,1,call,MemberRef,System.Diagnostics.Process,GetProcesses,0x0A000068
KAutoHelper.AutoControl,FindWindowHandlesFromProcesses,58,7,newobj,MemberRef,,.ctor,0x0A000069
KAutoHelper.AutoControl,FindWindowHandlesFromProcesses,58,36,callvirt,MemberRef,System.Diagnostics.Process,get_MainWindowHandle,0x0A00006A
KAutoHelper.AutoControl,FindWindowHandlesFromProcesses,58,45,call,MethodDef,KAutoHelper.AutoControl,GetClassName,0x06000066
KAutoHelper.AutoControl,FindWindowHandlesFromProcesses,58,54,call,MethodDef,KAutoHelper.AutoControl,GetText,0x06000065
KAutoHelper.AutoControl,FindWindowHandlesFromProcesses,58,64,call,MemberRef,System.String,op_Equality,0x0A00006B
KAutoHelper.AutoControl,FindWindowHandlesFromProcesses,58,74,call,MemberRef,System.String,op_Equality,0x0A00006B
KAutoHelper.AutoControl,FindWindowHandlesFromProcesses,58,92,callvirt,MemberRef,,Add,0x0A00006C
KAutoHelper.AutoControl,FindWindowHandleFromProcesses,59,1,call,MemberRef,System.Diagnostics.Process,GetProcesses,0x0A000068
KAutoHelper.AutoControl,FindWindowHandleFromProcesses,59,35,newobj,MemberRef,,.ctor,0x0A00006D
KAutoHelper.AutoControl,FindWindowHandleFromProcesses,59,46,call,Table0x2B,,,0x2B000006
KAutoHelper.AutoControl,FindWindowHandleFromProcesses,59,51,callvirt,MemberRef,,GetEnumerator,0x0A00006E
KAutoHelper.AutoControl,FindWindowHandleFromProcesses,59,60,callvirt,MemberRef,,get_Current,0x0A00006F
KAutoHelper.AutoControl,FindWindowHandleFromProcesses,59,68,callvirt,MemberRef,System.Diagnostics.Process,get_MainWindowHandle,0x0A00006A
KAutoHelper.AutoControl,FindWindowHandleFromProcesses,59,77,call,MethodDef,KAutoHelper.AutoControl,GetClassName,0x06000066
KAutoHelper.AutoControl,FindWindowHandleFromProcesses,59,86,call,MethodDef,KAutoHelper.AutoControl,GetText,0x06000065
KAutoHelper.AutoControl,FindWindowHandleFromProcesses,59,96,call,MemberRef,System.String,op_Equality,0x0A00006B
KAutoHelper.AutoControl,FindWindowHandleFromProcesses,59,106,call,MemberRef,System.String,op_Equality,0x0A00006B
KAutoHelper.AutoControl,FindWindowHandleFromProcesses,59,128,callvirt,MemberRef,System.Collections.IEnumerator,MoveNext,0x0A000070
KAutoHelper.AutoControl,FindWindowHandleFromProcesses,59,141,callvirt,MemberRef,System.IDisposable,Dispose,0x0A00004A
KAutoHelper.AutoControl,FindWindowExFromParent,60,9,call,MethodDef,KAutoHelper.AutoControl,FindWindowEx,0x0600002C
KAutoHelper.AutoControl,FindWindowByIndex,61,31,call,MethodDef,KAutoHelper.AutoControl,FindWindowEx,0x0600002C
KAutoHelper.AutoControl,FindWindowByIndex,61,43,call,MemberRef,System.IntPtr,op_Inequality,0x0A000071
KAutoHelper.AutoControl,FindWindowByIndex,61,69,call,MemberRef,System.IntPtr,op_Inequality,0x0A000071
KAutoHelper.AutoControl,GetControlHandleFromControlID,62,3,call,MethodDef,KAutoHelper.AutoControl,GetDlgItem,0x0600002A
KAutoHelper.AutoControl,GetChildHandle,63,1,newobj,MemberRef,,.ctor,0x0A000069
KAutoHelper.AutoControl,GetChildHandle,63,8,call,MemberRef,System.Runtime.InteropServices.GCHandle,Alloc,0x0A000072
KAutoHelper.AutoControl,GetChildHandle,63,15,call,MemberRef,System.Runtime.InteropServices.GCHandle,ToIntPtr,0x0A000073
KAutoHelper.AutoControl,GetChildHandle,63,42,newobj,MethodDef,EnumWindowProc,.ctor,0x060000BD
KAutoHelper.AutoControl,GetChildHandle,63,57,call,MethodDef,KAutoHelper.AutoControl,EnumChildWindows,0x06000031
KAutoHelper.AutoControl,GetChildHandle,63,69,call,MemberRef,System.Runtime.InteropServices.GCHandle,Free,0x0A000074
KAutoHelper.AutoControl,FindHandleWithText,64,0,newobj,MethodDef,<>c__DisplayClass35_0,.ctor,0x060000C5
KAutoHelper.AutoControl,FindHandleWithText,64,29,newobj,MemberRef,,.ctor,0x0A000075
KAutoHelper.AutoControl,FindHandleWithText,64,34,callvirt,MemberRef,,Find,0x0A000076
KAutoHelper.AutoControl,FindHandlesWithText,65,0,newobj,MethodDef,<>c__DisplayClass36_0,.ctor,0x060000C7
KAutoHelper.AutoControl,FindHandlesWithText,65,21,newobj,MemberRef,,.ctor,0x0A000069
KAutoHelper.AutoControl,FindHandlesWithText,65,35,newobj,MemberRef,,.ctor,0x0A000077
KAutoHelper.AutoControl,FindHandlesWithText,65,40,call,Table0x2B,,,0x2B000007
KAutoHelper.AutoControl,FindHandlesWithText,65,47,call,Table0x2B,,,0x2B000008
KAutoHelper.AutoControl,FindHandle,66,2,call,MethodDef,KAutoHelper.AutoControl,GetChildHandle,0x0600003F
KAutoHelper.AutoControl,FindHandle,66,9,call,MethodDef,KAutoHelper.AutoControl,FindHandleWithText,0x06000040
KAutoHelper.AutoControl,FindHandles,67,2,call,MethodDef,KAutoHelper.AutoControl,GetChildHandle,0x0600003F
KAutoHelper.AutoControl,FindHandles,67,9,call,MethodDef,KAutoHelper.AutoControl,FindHandlesWithText,0x06000041
KAutoHelper.AutoControl,CallbackChild,68,2,call,MethodDef,KAutoHelper.AutoControl,GetText,0x06000065
KAutoHelper.AutoControl,CallbackChild,68,9,call,MethodDef,KAutoHelper.AutoControl,GetClassName,0x06000066
KAutoHelper.AutoControl,CallbackChild,68,21,call,MemberRef,System.String,op_Equality,0x0A00006B
KAutoHelper.AutoControl,CallbackChild,68,34,callvirt,MemberRef,System.String,StartsWith,0x0A000079
KAutoHelper.AutoControl,CallbackChild,68,59,call,MethodDef,KAutoHelper.AutoControl,SendMessage,0x06000027
KAutoHelper.AutoControl,SendClickOnControlById,69,3,call,MethodDef,KAutoHelper.AutoControl,GetDlgItem,0x0600002A
KAutoHelper.AutoControl,SendClickOnControlById,69,27,call,MethodDef,KAutoHelper.AutoControl,SendMessage,0x06000026
KAutoHelper.AutoControl,SendClickOnControlByHandle,70,17,call,MethodDef,KAutoHelper.AutoControl,SendMessage,0x06000027
KAutoHelper.AutoControl,SendClickOnControlByHandle,70,39,call,MethodDef,KAutoHelper.AutoControl,SendMessage,0x06000027
KAutoHelper.AutoControl,SendClickOnPosition,71,53,call,MethodDef,KAutoHelper.AutoControl,MakeLParamFromXY,0x06000068
KAutoHelper.AutoControl,SendClickOnPosition,71,85,newobj,MemberRef,System.IntPtr,.ctor,0x0A00007A
KAutoHelper.AutoControl,SendClickOnPosition,71,91,call,MethodDef,KAutoHelper.AutoControl,PostMessage,0x0600002D
KAutoHelper.AutoControl,SendClickOnPosition,71,100,newobj,MemberRef,System.IntPtr,.ctor,0x0A00007A
KAutoHelper.AutoControl,SendClickOnPosition,71,106,call,MethodDef,KAutoHelper.AutoControl,PostMessage,0x0600002D
KAutoHelper.AutoControl,SendClickOnPosition,71,115,newobj,MemberRef,System.IntPtr,.ctor,0x0A00007A
KAutoHelper.AutoControl,SendClickOnPosition,71,121,call,MethodDef,KAutoHelper.AutoControl,PostMessage,0x0600002D
KAutoHelper.AutoControl,SendClickOnPosition,71,201,newobj,MemberRef,System.IntPtr,.ctor,0x0A00007A
KAutoHelper.AutoControl,SendClickOnPosition,71,207,call,MethodDef,KAutoHelper.AutoControl,PostMessage,0x0600002D
KAutoHelper.AutoControl,SendClickOnPosition,71,216,newobj,MemberRef,System.IntPtr,.ctor,0x0A00007A
KAutoHelper.AutoControl,SendClickOnPosition,71,222,call,MethodDef,KAutoHelper.AutoControl,PostMessage,0x0600002D
KAutoHelper.AutoControl,SendDragAndDropOnPosition,72,19,call,MethodDef,KAutoHelper.AutoControl,MakeLParamFromXY,0x06000068
KAutoHelper.AutoControl,SendDragAndDropOnPosition,72,28,call,MethodDef,KAutoHelper.AutoControl,MakeLParamFromXY,0x06000068
KAutoHelper.AutoControl,SendDragAndDropOnPosition,72,74,newobj,MemberRef,System.IntPtr,.ctor,0x0A00007A
KAutoHelper.AutoControl,SendDragAndDropOnPosition,72,80,call,MethodDef,KAutoHelper.AutoControl,PostMessage,0x0600002D
KAutoHelper.AutoControl,SendDragAndDropOnPosition,72,89,newobj,MemberRef,System.IntPtr,.ctor,0x0A00007A
KAutoHelper.AutoControl,SendDragAndDropOnPosition,72,95,call,MethodDef,KAutoHelper.AutoControl,PostMessage,0x0600002D
KAutoHelper.AutoControl,SendDragAndDropOnPosition,72,120,newobj,MemberRef,System.IntPtr,.ctor,0x0A00007A
KAutoHelper.AutoControl,SendDragAndDropOnPosition,72,127,call,MethodDef,KAutoHelper.AutoControl,MakeLParamFromXY,0x06000068
KAutoHelper.AutoControl,SendDragAndDropOnPosition,72,132,call,MethodDef,KAutoHelper.AutoControl,PostMessage,0x0600002D
KAutoHelper.AutoControl,SendDragAndDropOnPosition,72,289,call,MemberRef,System.TimeSpan,FromSeconds,0x0A00007B
KAutoHelper.AutoControl,SendDragAndDropOnPosition,72,294,call,MemberRef,System.Threading.Thread,Sleep,0x0A000050
KAutoHelper.AutoControl,SendDragAndDropOnPosition,72,312,newobj,MemberRef,System.IntPtr,.ctor,0x0A00007A
KAutoHelper.AutoControl,SendDragAndDropOnPosition,72,318,call,MethodDef,KAutoHelper.AutoControl,PostMessage,0x0600002D
KAutoHelper.AutoControl,SendDragAndDropOnMultiPosition,73,45,call,MemberRef,System.Drawing.Point,get_X,0x0A000033
KAutoHelper.AutoControl,SendDragAndDropOnMultiPosition,73,57,call,MemberRef,System.Drawing.Point,get_Y,0x0A000034
KAutoHelper.AutoControl,SendDragAndDropOnMultiPosition,73,62,call,MethodDef,KAutoHelper.AutoControl,MakeLParamFromXY,0x06000068
KAutoHelper.AutoControl,SendDragAndDropOnMultiPosition,73,71,newobj,MemberRef,System.IntPtr,.ctor,0x0A00007A
KAutoHelper.AutoControl,SendDragAndDropOnMultiPosition,73,77,call,MethodDef,KAutoHelper.AutoControl,PostMessage,0x0600002D
KAutoHelper.AutoControl,SendDragAndDropOnMultiPosition,73,86,newobj,MemberRef,System.IntPtr,.ctor,0x0A00007A
KAutoHelper.AutoControl,SendDragAndDropOnMultiPosition,73,92,call,MethodDef,KAutoHelper.AutoControl,PostMessage,0x0600002D
KAutoHelper.AutoControl,SendDragAndDropOnMultiPosition,73,113,call,MemberRef,System.Drawing.Point,get_X,0x0A000033
KAutoHelper.AutoControl,SendDragAndDropOnMultiPosition,73,126,call,MemberRef,System.Drawing.Point,get_Y,0x0A000034
KAutoHelper.AutoControl,SendDragAndDropOnMultiPosition,73,141,call,MemberRef,System.Drawing.Point,get_X,0x0A000033
KAutoHelper.AutoControl,SendDragAndDropOnMultiPosition,73,156,call,MemberRef,System.Drawing.Point,get_Y,0x0A000034
KAutoHelper.AutoControl,SendDragAndDropOnMultiPosition,73,165,call,MethodDef,KAutoHelper.AutoControl,MouseMoveDrag,0x0600004A
KAutoHelper.AutoControl,SendDragAndDropOnMultiPosition,73,196,newobj,MemberRef,System.IntPtr,.ctor,0x0A00007A
KAutoHelper.AutoControl,SendDragAndDropOnMultiPosition,73,212,call,MemberRef,System.Drawing.Point,get_X,0x0A000033
KAutoHelper.AutoControl,SendDragAndDropOnMultiPosition,73,228,call,MemberRef,System.Drawing.Point,get_Y,0x0A000034
KAutoHelper.AutoControl,SendDragAndDropOnMultiPosition,73,233,call,MethodDef,KAutoHelper.AutoControl,MakeLParamFromXY,0x06000068
KAutoHelper.AutoControl,SendDragAndDropOnMultiPosition,73,238,call,MethodDef,KAutoHelper.AutoControl,PostMessage,0x0600002D
KAutoHelper.AutoControl,MouseMoveDrag,74,4,call,MethodDef,KAutoHelper.AutoControl,MakeLParamFromXY,0x06000068
KAutoHelper.AutoControl,MouseMoveDrag,74,62,newobj,MemberRef,System.IntPtr,.ctor,0x0A00007A
KAutoHelper.AutoControl,MouseMoveDrag,74,69,call,MethodDef,KAutoHelper.AutoControl,MakeLParamFromXY,0x06000068
KAutoHelper.AutoControl,MouseMoveDrag,74,74,call,MethodDef,KAutoHelper.AutoControl,PostMessage,0x0600002D
KAutoHelper.AutoControl,MouseMoveDrag,74,225,call,MemberRef,System.TimeSpan,FromSeconds,0x0A00007B
KAutoHelper.AutoControl,MouseMoveDrag,74,230,call,MemberRef,System.Threading.Thread,Sleep,0x0A000050
KAutoHelper.AutoControl,SendClickDownOnPosition,75,37,call,MethodDef,KAutoHelper.AutoControl,MakeLParamFromXY,0x06000068
KAutoHelper.AutoControl,SendClickDownOnPosition,75,52,newobj,MemberRef,System.IntPtr,.ctor,0x0A00007A
KAutoHelper.AutoControl,SendClickDownOnPosition,75,58,call,MethodDef,KAutoHelper.AutoControl,PostMessage,0x0600002D
KAutoHelper.AutoControl,SendClickDownOnPosition,75,67,newobj,MemberRef,System.IntPtr,.ctor,0x0A00007A
KAutoHelper.AutoControl,SendClickDownOnPosition,75,73,call,MethodDef,KAutoHelper.AutoControl,PostMessage,0x0600002D
KAutoHelper.AutoControl,SendClickUpOnPosition,76,37,call,MethodDef,KAutoHelper.AutoControl,MakeLParamFromXY,0x06000068
KAutoHelper.AutoControl,SendClickUpOnPosition,76,52,newobj,MemberRef,System.IntPtr,.ctor,0x0A00007A
KAutoHelper.AutoControl,SendClickUpOnPosition,76,58,call,MethodDef,KAutoHelper.AutoControl,PostMessage,0x0600002D
KAutoHelper.AutoControl,SendClickUpOnPosition,76,67,newobj,MemberRef,System.IntPtr,.ctor,0x0A00007A
KAutoHelper.AutoControl,SendClickUpOnPosition,76,73,call,MethodDef,KAutoHelper.AutoControl,SendMessage,0x06000027
KAutoHelper.AutoControl,SendText,77,6,call,MethodDef,KAutoHelper.AutoControl,SendMessage,0x06000029
KAutoHelper.AutoControl,SendKeyBoardPress,78,4,newobj,MemberRef,System.IntPtr,.ctor,0x0A00007A
KAutoHelper.AutoControl,SendKeyBoardPress,78,10,newobj,MemberRef,System.IntPtr,.ctor,0x0A00007A
KAutoHelper.AutoControl,SendKeyBoardPress,78,15,call,MethodDef,KAutoHelper.AutoControl,PostMessage,0x0600002D
KAutoHelper.AutoControl,SendKeyBoardPress,78,28,newobj,MemberRef,System.IntPtr,.ctor,0x0A00007A
KAutoHelper.AutoControl,SendKeyBoardPress,78,34,newobj,MemberRef,System.IntPtr,.ctor,0x0A00007A
KAutoHelper.AutoControl,SendKeyBoardPress,78,39,call,MethodDef,KAutoHelper.AutoControl,PostMessage,0x0600002D
KAutoHelper.AutoControl,SendKeyBoardPress,78,52,newobj,MemberRef,System.IntPtr,.ctor,0x0A00007A
KAutoHelper.AutoControl,SendKeyBoardPress,78,58,newobj,MemberRef,System.IntPtr,.ctor,0x0A00007A
KAutoHelper.AutoControl,SendKeyBoardPress,78,63,call,MethodDef,KAutoHelper.AutoControl,PostMessage,0x0600002D
KAutoHelper.AutoControl,SendKeyBoardPressStepByStep,79,3,callvirt,MemberRef,System.String,ToLower,0x0A00007C
KAutoHelper.AutoControl,SendKeyBoardPressStepByStep,79,18,callvirt,MemberRef,System.String,get_Chars,0x0A00007D
KAutoHelper.AutoControl,SendKeyBoardPressStepByStep,79,416,call,MethodDef,KAutoHelper.AutoControl,SendKeyBoardPress,0x0600004E
KAutoHelper.AutoControl,SendKeyBoardPressStepByStep,79,424,call,MemberRef,System.TimeSpan,FromSeconds,0x0A00007B
KAutoHelper.AutoControl,SendKeyBoardPressStepByStep,79,429,call,MemberRef,System.Threading.Thread,Sleep,0x0A000050
KAutoHelper.AutoControl,SendKeyBoardPressStepByStep,79,442,callvirt,MemberRef,System.String,get_Length,0x0A00007E
KAutoHelper.AutoControl,SendKeyBoardUp,80,4,newobj,MemberRef,System.IntPtr,.ctor,0x0A00007A
KAutoHelper.AutoControl,SendKeyBoardUp,80,10,newobj,MemberRef,System.IntPtr,.ctor,0x0A00007A
KAutoHelper.AutoControl,SendKeyBoardUp,80,15,call,MethodDef,KAutoHelper.AutoControl,PostMessage,0x0600002D
KAutoHelper.AutoControl,SendKeyBoardUp,80,28,newobj,MemberRef,System.IntPtr,.ctor,0x0A00007A
KAutoHelper.AutoControl,SendKeyBoardUp,80,34,newobj,MemberRef,System.IntPtr,.ctor,0x0A00007A
KAutoHelper.AutoControl,SendKeyBoardUp,80,39,call,MethodDef,KAutoHelper.AutoControl,PostMessage,0x0600002D
KAutoHelper.AutoControl,SendKeyChar,81,4,newobj,MemberRef,System.IntPtr,.ctor,0x0A00007A
KAutoHelper.AutoControl,SendKeyChar,81,10,newobj,MemberRef,System.IntPtr,.ctor,0x0A00007A
KAutoHelper.AutoControl,SendKeyChar,81,15,call,MethodDef,KAutoHelper.AutoControl,PostMessage,0x0600002D
KAutoHelper.AutoControl,SendKeyChar,81,28,newobj,MemberRef,System.IntPtr,.ctor,0x0A00007A
KAutoHelper.AutoControl,SendKeyChar,81,34,newobj,MemberRef,System.IntPtr,.ctor,0x0A00007A
KAutoHelper.AutoControl,SendKeyChar,81,39,call,MethodDef,KAutoHelper.AutoControl,PostMessage,0x0600002D
KAutoHelper.AutoControl,SendKeyChar,82,4,newobj,MemberRef,System.IntPtr,.ctor,0x0A00007A
KAutoHelper.AutoControl,SendKeyChar,82,10,newobj,MemberRef,System.IntPtr,.ctor,0x0A00007A
KAutoHelper.AutoControl,SendKeyChar,82,15,call,MethodDef,KAutoHelper.AutoControl,PostMessage,0x0600002D
KAutoHelper.AutoControl,SendKeyChar,82,28,newobj,MemberRef,System.IntPtr,.ctor,0x0A00007A
KAutoHelper.AutoControl,SendKeyChar,82,34,newobj,MemberRef,System.IntPtr,.ctor,0x0A00007A
KAutoHelper.AutoControl,SendKeyChar,82,39,call,MethodDef,KAutoHelper.AutoControl,PostMessage,0x0600002D
KAutoHelper.AutoControl,SendKeyBoardDown,83,4,newobj,MemberRef,System.IntPtr,.ctor,0x0A00007A
KAutoHelper.AutoControl,SendKeyBoardDown,83,10,newobj,MemberRef,System.IntPtr,.ctor,0x0A00007A
KAutoHelper.AutoControl,SendKeyBoardDown,83,15,call,MethodDef,KAutoHelper.AutoControl,PostMessage,0x0600002D
KAutoHelper.AutoControl,SendKeyBoardDown,83,28,newobj,MemberRef,System.IntPtr,.ctor,0x0A00007A
KAutoHelper.AutoControl,SendKeyBoardDown,83,34,newobj,MemberRef,System.IntPtr,.ctor,0x0A00007A
KAutoHelper.AutoControl,SendKeyBoardDown,83,39,call,MethodDef,KAutoHelper.AutoControl,PostMessage,0x0600002D
KAutoHelper.AutoControl,SendTextKeyBoard,84,10,callvirt,MemberRef,System.String,get_Chars,0x0A00007D
KAutoHelper.AutoControl,SendTextKeyBoard,84,19,call,MethodDef,KAutoHelper.AutoControl,SendKeyChar,0x06000052
KAutoHelper.AutoControl,SendTextKeyBoard,84,32,callvirt,MemberRef,System.String,get_Length,0x0A00007E
KAutoHelper.AutoControl,SendKeyFocus,85,2,call,MethodDef,KAutoHelper.AutoControl,SendKeyPress,0x06000058
KAutoHelper.AutoControl,SendMultiKeysFocus,86,14,call,MethodDef,KAutoHelper.AutoControl,SendKeyDown,0x0600005A
KAutoHelper.AutoControl,SendMultiKeysFocus,86,48,call,MethodDef,KAutoHelper.AutoControl,SendKeyUp,0x0600005B
KAutoHelper.AutoControl,SendStringFocus,87,2,call,MemberRef,System.Windows.Forms.Clipboard,SetText,0x0A00007F
KAutoHelper.AutoControl,SendStringFocus,87,24,call,MethodDef,KAutoHelper.AutoControl,SendMultiKeysFocus,0x06000056
KAutoHelper.AutoControl,SendKeyPress,88,199,call,MemberRef,System.Type,GetTypeFromHandle,0x0A000080
KAutoHelper.AutoControl,SendKeyPress,88,204,call,MemberRef,System.Runtime.InteropServices.Marshal,SizeOf,0x0A000081
KAutoHelper.AutoControl,SendKeyPress,88,209,call,MethodDef,KAutoHelper.AutoControl,SendInput,0x06000034
KAutoHelper.AutoControl,SendKeyPress,88,223,newobj,MemberRef,System.Exception,.ctor,0x0A000082
KAutoHelper.AutoControl,SendKeyPressStepByStep,89,13,callvirt,MemberRef,System.String,get_Chars,0x0A00007D
KAutoHelper.AutoControl,SendKeyPressStepByStep,89,75,call,MethodDef,KAutoHelper.AutoControl,SendKeyPress,0x06000058
KAutoHelper.AutoControl,SendKeyPressStepByStep,89,85,call,MethodDef,KAutoHelper.AutoControl,SendKeyPress,0x06000058
KAutoHelper.AutoControl,SendKeyPressStepByStep,89,95,call,MethodDef,KAutoHelper.AutoControl,SendKeyPress,0x06000058
KAutoHelper.AutoControl,SendKeyPressStepByStep,89,105,call,MethodDef,KAutoHelper.AutoControl,SendKeyPress,0x06000058
KAutoHelper.AutoControl,SendKeyPressStepByStep,89,115,call,MethodDef,KAutoHelper.AutoControl,SendKeyPress,0x06000058
KAutoHelper.AutoControl,SendKeyPressStepByStep,89,125,call,MethodDef,KAutoHelper.AutoControl,SendKeyPress,0x06000058
KAutoHelper.AutoControl,SendKeyPressStepByStep,89,135,call,MethodDef,KAutoHelper.AutoControl,SendKeyPress,0x06000058
KAutoHelper.AutoControl,SendKeyPressStepByStep,89,145,call,MethodDef,KAutoHelper.AutoControl,SendKeyPress,0x06000058
KAutoHelper.AutoControl,SendKeyPressStepByStep,89,155,call,MethodDef,KAutoHelper.AutoControl,SendKeyPress,0x06000058
KAutoHelper.AutoControl,SendKeyPressStepByStep,89,165,call,MethodDef,KAutoHelper.AutoControl,SendKeyPress,0x06000058
KAutoHelper.AutoControl,SendKeyPressStepByStep,89,176,call,MemberRef,System.TimeSpan,FromSeconds,0x0A00007B
KAutoHelper.AutoControl,SendKeyPressStepByStep,89,181,call,MemberRef,System.Threading.Thread,Sleep,0x0A000050
KAutoHelper.AutoControl,SendKeyPressStepByStep,89,194,callvirt,MemberRef,System.String,get_Length,0x0A00007E
KAutoHelper.AutoControl,SendKeyDown,90,153,call,MemberRef,System.Type,GetTypeFromHandle,0x0A000080
KAutoHelper.AutoControl,SendKeyDown,90,158,call,MemberRef,System.Runtime.InteropServices.Marshal,SizeOf,0x0A000081
KAutoHelper.AutoControl,SendKeyDown,90,163,call,MethodDef,KAutoHelper.AutoControl,SendInput,0x06000034
KAutoHelper.AutoControl,SendKeyDown,90,176,newobj,MemberRef,System.Exception,.ctor,0x0A000082
KAutoHelper.AutoControl,SendKeyUp,91,153,call,MemberRef,System.Type,GetTypeFromHandle,0x0A000080
KAutoHelper.AutoControl,SendKeyUp,91,158,call,MemberRef,System.Runtime.InteropServices.Marshal,SizeOf,0x0A000081
KAutoHelper.AutoControl,SendKeyUp,91,163,call,MethodDef,KAutoHelper.AutoControl,SendInput,0x06000034
KAutoHelper.AutoControl,SendKeyUp,91,175,newobj,MemberRef,System.Exception,.ctor,0x0A000082
KAutoHelper.AutoControl,MouseClick,92,3,newobj,MemberRef,System.Drawing.Point,.ctor,0x0A000040
KAutoHelper.AutoControl,MouseClick,92,8,call,MemberRef,System.Windows.Forms.Cursor,set_Position,0x0A000083
KAutoHelper.AutoControl,MouseClick,92,15,call,MethodDef,KAutoHelper.AutoControl,Click,0x06000061
KAutoHelper.AutoControl,MouseDragX,93,2,call,MemberRef,System.Windows.Forms.Cursor,set_Position,0x0A000083
KAutoHelper.AutoControl,MouseDragX,93,17,call,MethodDef,KAutoHelper.AutoControl,mouse_event,0x06000032
KAutoHelper.AutoControl,MouseDragX,93,46,call,MethodDef,KAutoHelper.AutoControl,mouse_event,0x06000032
KAutoHelper.AutoControl,MouseDragX,93,65,call,MethodDef,KAutoHelper.AutoControl,mouse_event,0x06000032
KAutoHelper.AutoControl,MouseDragX,93,98,call,MethodDef,KAutoHelper.AutoControl,mouse_event,0x06000032
KAutoHelper.AutoControl,MouseDragY,94,2,call,MemberRef,System.Windows.Forms.Cursor,set_Position,0x0A000083
KAutoHelper.AutoControl,MouseDragY,94,17,call,MethodDef,KAutoHelper.AutoControl,mouse_event,0x06000032
KAutoHelper.AutoControl,MouseDragY,94,46,call,MethodDef,KAutoHelper.AutoControl,mouse_event,0x06000032
KAutoHelper.AutoControl,MouseDragY,94,65,call,MethodDef,KAutoHelper.AutoControl,mouse_event,0x06000032
KAutoHelper.AutoControl,MouseDragY,94,98,call,MethodDef,KAutoHelper.AutoControl,mouse_event,0x06000032
KAutoHelper.AutoControl,MouseScroll,95,2,call,MemberRef,System.Windows.Forms.Cursor,set_Position,0x0A000083
KAutoHelper.AutoControl,MouseScroll,95,21,call,MethodDef,KAutoHelper.AutoControl,mouse_event,0x06000032
KAutoHelper.AutoControl,MouseClick,96,2,call,MemberRef,System.Windows.Forms.Cursor,set_Position,0x0A000083
KAutoHelper.AutoControl,MouseClick,96,9,call,MethodDef,KAutoHelper.AutoControl,Click,0x06000061
KAutoHelper.AutoControl,Click,97,40,call,MethodDef,KAutoHelper.AutoControl,mouse_event,0x06000032
KAutoHelper.AutoControl,Click,97,61,call,MethodDef,KAutoHelper.AutoControl,mouse_event,0x06000032
KAutoHelper.AutoControl,Click,97,82,call,MethodDef,KAutoHelper.AutoControl,mouse_event,0x06000032
KAutoHelper.AutoControl,Click,97,101,call,MethodDef,KAutoHelper.AutoControl,mouse_event,0x06000032
KAutoHelper.AutoControl,Click,97,122,call,MethodDef,KAutoHelper.AutoControl,mouse_event,0x06000032
KAutoHelper.AutoControl,Click,97,141,call,MethodDef,KAutoHelper.AutoControl,mouse_event,0x06000032
KAutoHelper.AutoControl,GetWindowRect,98,12,call,MethodDef,KAutoHelper.AutoControl,GetWindowRect,0x06000030
KAutoHelper.AutoControl,GetGlobalPoint,99,10,call,MethodDef,KAutoHelper.AutoControl,GetWindowRect,0x06000062
KAutoHelper.AutoControl,GetGlobalPoint,99,18,call,MemberRef,,get_HasValue,0x0A000055
KAutoHelper.AutoControl,GetGlobalPoint,99,41,call,MemberRef,,.ctor,0x0A000085
KAutoHelper.AutoControl,GetGlobalPoint,99,50,call,MemberRef,,get_Value,0x0A000056
KAutoHelper.AutoControl,GetGlobalPoint,99,58,call,MemberRef,System.Drawing.Point,get_X,0x0A000033
KAutoHelper.AutoControl,GetGlobalPoint,99,70,call,MemberRef,System.Drawing.Point,set_X,0x0A000086
KAutoHelper.AutoControl,GetGlobalPoint,99,80,call,MemberRef,,get_Value,0x0A000056
KAutoHelper.AutoControl,GetGlobalPoint,99,88,call,MemberRef,System.Drawing.Point,get_Y,0x0A000034
KAutoHelper.AutoControl,GetGlobalPoint,99,100,call,MemberRef,System.Drawing.Point,set_Y,0x0A000087
KAutoHelper.AutoControl,GetGlobalPoint,100,10,call,MethodDef,KAutoHelper.AutoControl,GetWindowRect,0x06000062
KAutoHelper.AutoControl,GetGlobalPoint,100,26,call,MemberRef,System.Drawing.Point,set_X,0x0A000086
KAutoHelper.AutoControl,GetGlobalPoint,100,42,call,MemberRef,System.Drawing.Point,set_Y,0x0A000087
KAutoHelper.AutoControl,GetText,101,6,newobj,MemberRef,System.Text.StringBuilder,.ctor,0x0A000088
KAutoHelper.AutoControl,GetText,101,19,call,MethodDef,KAutoHelper.AutoControl,GetWindowText,0x06000022
KAutoHelper.AutoControl,GetText,101,26,callvirt,MemberRef,System.Object,ToString,0x0A000089
KAutoHelper.AutoControl,GetText,101,31,callvirt,MemberRef,System.String,Trim,0x0A000030
KAutoHelper.AutoControl,GetClassName,102,6,newobj,MemberRef,System.Text.StringBuilder,.ctor,0x0A000088
KAutoHelper.AutoControl,GetClassName,102,19,call,MethodDef,KAutoHelper.AutoControl,GetClassName,0x06000023
KAutoHelper.AutoControl,GetClassName,102,26,callvirt,MemberRef,System.Object,ToString,0x0A000089
KAutoHelper.AutoControl,GetClassName,102,31,callvirt,MemberRef,System.String,Trim,0x0A000030
KAutoHelper.AutoControl,MakeLParam,103,13,call,MemberRef,System.IntPtr,op_Explicit,0x0A00008A
KAutoHelper.AutoControl,MakeLParamFromXY,104,7,call,MemberRef,System.IntPtr,op_Explicit,0x0A00008A
KAutoHelper.AutoControl,.ctor,105,1,call,MemberRef,System.Object,.ctor,0x0A000057
KAutoHelper.FindWindow,GetWindowHandles,109,0,newobj,MethodDef,<>c__DisplayClass4_0,.ctor,0x060000CD
KAutoHelper.FindWindow,GetWindowHandles,109,15,newobj,MemberRef,,.ctor,0x0A000069
KAutoHelper.FindWindow,GetWindowHandles,109,27,call,MemberRef,System.Diagnostics.Process,GetProcessesByName,0x0A00008B
KAutoHelper.FindWindow,GetWindowHandles,109,51,newobj,MethodDef,EnumWindowsProc,.ctor,0x060000C9
KAutoHelper.FindWindow,GetWindowHandles,109,61,call,MethodDef,KAutoHelper.FindWindow,EnumWindows,0x0600006A
KAutoHelper.FindWindow,.ctor,110,1,call,MemberRef,System.Object,.ctor,0x0A000057
KAutoHelper.CaptureHelper,CaptureScreen,111,1,call,MethodDef,User32,GetDesktopWindow,0x060000D8
KAutoHelper.CaptureHelper,CaptureScreen,111,6,call,MethodDef,KAutoHelper.CaptureHelper,CaptureWindow,0x06000070
KAutoHelper.CaptureHelper,CaptureWindow,112,2,call,MethodDef,User32,GetWindowDC,0x060000D9
KAutoHelper.CaptureHelper,CaptureWindow,112,19,call,MethodDef,User32,GetWindowRect,0x060000DB
KAutoHelper.CaptureHelper,CaptureWindow,112,54,call,MethodDef,GDI32,CreateCompatibleDC,0x060000D3
KAutoHelper.CaptureHelper,CaptureWindow,112,64,call,MethodDef,GDI32,CreateCompatibleBitmap,0x060000D2
KAutoHelper.CaptureHelper,CaptureWindow,112,75,call,MethodDef,GDI32,SelectObject,0x060000D6
KAutoHelper.CaptureHelper,CaptureWindow,112,96,call,MethodDef,GDI32,BitBlt,0x060000D1
KAutoHelper.CaptureHelper,CaptureWindow,112,106,call,MethodDef,GDI32,SelectObject,0x060000D6
KAutoHelper.CaptureHelper,CaptureWindow,112,114,call,MethodDef,GDI32,DeleteDC,0x060000D4
KAutoHelper.CaptureHelper,CaptureWindow,112,122,call,MethodDef,User32,ReleaseDC,0x060000DA
KAutoHelper.CaptureHelper,CaptureWindow,112,130,call,MemberRef,System.Drawing.Image,FromHbitmap,0x0A00008C
KAutoHelper.CaptureHelper,CaptureWindow,112,139,call,MethodDef,GDI32,DeleteObject,0x060000D5
KAutoHelper.CaptureHelper,ScaleImage,113,6,callvirt,MemberRef,System.Drawing.Image,get_Size,0x0A00008D
KAutoHelper.CaptureHelper,ScaleImage,113,14,call,MemberRef,System.Drawing.Size,get_Width,0x0A00008E
KAutoHelper.CaptureHelper,ScaleImage,113,20,callvirt,MemberRef,System.Drawing.Image,get_Size,0x0A00008D
KAutoHelper.CaptureHelper,ScaleImage,113,28,call,MemberRef,System.Drawing.Size,get_Width,0x0A00008E
KAutoHelper.CaptureHelper,ScaleImage,113,39,callvirt,MemberRef,System.Drawing.Image,get_Size,0x0A00008D
KAutoHelper.CaptureHelper,ScaleImage,113,47,call,MemberRef,System.Drawing.Size,get_Height,0x0A00008F
KAutoHelper.CaptureHelper,ScaleImage,113,53,callvirt,MemberRef,System.Drawing.Image,get_Size,0x0A00008D
KAutoHelper.CaptureHelper,ScaleImage,113,61,call,MemberRef,System.Drawing.Size,get_Height,0x0A00008F
KAutoHelper.CaptureHelper,ScaleImage,113,71,call,MethodDef,KAutoHelper.CaptureHelper,ResizeImage,0x06000072
KAutoHelper.CaptureHelper,ResizeImage,114,7,call,MemberRef,System.Drawing.Rectangle,.ctor,0x0A000090
KAutoHelper.CaptureHelper,ResizeImage,114,14,newobj,MemberRef,System.Drawing.Bitmap,.ctor,0x0A000091
KAutoHelper.CaptureHelper,ResizeImage,114,22,callvirt,MemberRef,System.Drawing.Image,get_HorizontalResolution,0x0A000092
KAutoHelper.CaptureHelper,ResizeImage,114,28,callvirt,MemberRef,System.Drawing.Image,get_VerticalResolution,0x0A000093
KAutoHelper.CaptureHelper,ResizeImage,114,33,callvirt,MemberRef,System.Drawing.Bitmap,SetResolution,0x0A000094
KAutoHelper.CaptureHelper,ResizeImage,114,40,call,MemberRef,System.Drawing.Graphics,FromImage,0x0A000095
KAutoHelper.CaptureHelper,ResizeImage,114,49,callvirt,MemberRef,System.Drawing.Graphics,set_CompositingMode,0x0A000096
KAutoHelper.CaptureHelper,ResizeImage,114,57,callvirt,MemberRef,System.Drawing.Graphics,set_CompositingQuality,0x0A000097
KAutoHelper.CaptureHelper,ResizeImage,114,65,callvirt,MemberRef,System.Drawing.Graphics,set_InterpolationMode,0x0A000098
KAutoHelper.CaptureHelper,ResizeImage,114,73,callvirt,MemberRef,System.Drawing.Graphics,set_SmoothingMode,0x0A000099
KAutoHelper.CaptureHelper,ResizeImage,114,81,callvirt,MemberRef,System.Drawing.Graphics,set_PixelOffsetMode,0x0A00009A
KAutoHelper.CaptureHelper,ResizeImage,114,87,newobj,MemberRef,System.Drawing.Imaging.ImageAttributes,.ctor,0x0A00009B
KAutoHelper.CaptureHelper,ResizeImage,114,96,callvirt,MemberRef,System.Drawing.Imaging.ImageAttributes,SetWrapMode,0x0A00009C
KAutoHelper.CaptureHelper,ResizeImage,114,108,callvirt,MemberRef,System.Drawing.Image,get_Width,0x0A00009D
KAutoHelper.CaptureHelper,ResizeImage,114,114,callvirt,MemberRef,System.Drawing.Image,get_Height,0x0A00009E
KAutoHelper.CaptureHelper,ResizeImage,114,121,callvirt,MemberRef,System.Drawing.Graphics,DrawImage,0x0A00009F
KAutoHelper.CaptureHelper,ResizeImage,114,134,callvirt,MemberRef,System.IDisposable,Dispose,0x0A00004A
KAutoHelper.CaptureHelper,ResizeImage,114,148,callvirt,MemberRef,System.IDisposable,Dispose,0x0A00004A
KAutoHelper.CaptureHelper,CaptureWindowToFile,115,2,call,MethodDef,KAutoHelper.CaptureHelper,CaptureWindow,0x06000070
KAutoHelper.CaptureHelper,CaptureWindowToFile,115,11,callvirt,MemberRef,System.Drawing.Image,Save,0x0A0000A0
KAutoHelper.CaptureHelper,CaptureScreenToFile,116,1,call,MethodDef,KAutoHelper.CaptureHelper,CaptureScreen,0x0600006F
KAutoHelper.CaptureHelper,CaptureScreenToFile,116,10,callvirt,MemberRef,System.Drawing.Image,Save,0x0A0000A0
KAutoHelper.CaptureHelper,CaptureImage,117,4,call,MemberRef,System.Drawing.Size,get_Width,0x0A00008E
KAutoHelper.CaptureHelper,CaptureImage,117,11,call,MemberRef,System.Drawing.Size,get_Height,0x0A00008F
KAutoHelper.CaptureHelper,CaptureImage,117,21,newobj,MemberRef,System.Drawing.Bitmap,.ctor,0x0A0000A1
KAutoHelper.CaptureHelper,CaptureImage,117,28,call,MemberRef,System.Drawing.Graphics,FromImage,0x0A000095
KAutoHelper.CaptureHelper,CaptureImage,117,37,call,MemberRef,System.Drawing.Point,get_X,0x0A000033
KAutoHelper.CaptureHelper,CaptureImage,117,50,call,MemberRef,System.Drawing.Point,get_Y,0x0A000034
KAutoHelper.CaptureHelper,CaptureImage,117,69,callvirt,MemberRef,System.Drawing.Graphics,CopyFromScreen,0x0A0000A2
KAutoHelper.CaptureHelper,CropImage,119,10,call,MemberRef,System.Drawing.Rectangle,get_Width,0x0A0000A3
KAutoHelper.CaptureHelper,CropImage,119,17,call,MemberRef,System.Drawing.Rectangle,get_Height,0x0A0000A4
KAutoHelper.CaptureHelper,CropImage,119,22,newobj,MemberRef,System.Drawing.Bitmap,.ctor,0x0A000091
KAutoHelper.CaptureHelper,CropImage,119,29,call,MemberRef,System.Drawing.Graphics,FromImage,0x0A000095
KAutoHelper.CaptureHelper,CropImage,119,41,callvirt,MemberRef,System.Drawing.Image,get_Width,0x0A00009D
KAutoHelper.CaptureHelper,CropImage,119,47,callvirt,MemberRef,System.Drawing.Image,get_Height,0x0A00009E
KAutoHelper.CaptureHelper,CropImage,119,52,newobj,MemberRef,System.Drawing.Rectangle,.ctor,0x0A000090
KAutoHelper.CaptureHelper,CropImage,119,59,callvirt,MemberRef,System.Drawing.Graphics,DrawImage,0x0A0000A5
KAutoHelper.CaptureHelper,CropImage,119,72,callvirt,MemberRef,System.IDisposable,Dispose,0x0A00004A
KAutoHelper.CaptureHelper,CropImage,120,5,call,MemberRef,System.Drawing.Rectangle,get_Width,0x0A0000A3
KAutoHelper.CaptureHelper,CropImage,120,12,call,MemberRef,System.Drawing.Rectangle,get_Height,0x0A0000A4
KAutoHelper.CaptureHelper,CropImage,120,17,newobj,MemberRef,System.Drawing.Bitmap,.ctor,0x0A000091
KAutoHelper.CaptureHelper,CropImage,120,24,call,MemberRef,System.Drawing.Graphics,FromImage,0x0A000095
KAutoHelper.CaptureHelper,CropImage,120,36,callvirt,MemberRef,System.Drawing.Image,get_Width,0x0A00009D
KAutoHelper.CaptureHelper,CropImage,120,42,callvirt,MemberRef,System.Drawing.Image,get_Height,0x0A00009E
KAutoHelper.CaptureHelper,CropImage,120,47,newobj,MemberRef,System.Drawing.Rectangle,.ctor,0x0A000090
KAutoHelper.CaptureHelper,CropImage,120,54,callvirt,MemberRef,System.Drawing.Graphics,DrawImage,0x0A0000A5
KAutoHelper.CaptureHelper,CropImage,120,67,callvirt,MemberRef,System.IDisposable,Dispose,0x0A00004A
KAutoHelper.CaptureHelper,.ctor,121,1,call,MemberRef,System.Object,.ctor,0x0A000057
KAutoHelper.ImageScanOpenCV,GetImage,123,2,newobj,MemberRef,System.Drawing.Bitmap,.ctor,0x0A000048
KAutoHelper.ImageScanOpenCV,Find,124,2,call,MethodDef,KAutoHelper.ImageScanOpenCV,GetImage,0x0600007B
KAutoHelper.ImageScanOpenCV,Find,124,9,call,MethodDef,KAutoHelper.ImageScanOpenCV,GetImage,0x0600007B
KAutoHelper.ImageScanOpenCV,Find,124,18,call,MethodDef,KAutoHelper.ImageScanOpenCV,Find,0x0600007C
KAutoHelper.ImageScanOpenCV,Find,125,2,newobj,MemberRef,,.ctor,0x0A0000A6
KAutoHelper.ImageScanOpenCV,Find,125,9,newobj,MemberRef,,.ctor,0x0A0000A6
KAutoHelper.ImageScanOpenCV,Find,125,16,callvirt,MemberRef,,Copy,0x0A0000A7
KAutoHelper.ImageScanOpenCV,Find,125,25,callvirt,MemberRef,,MatchTemplate,0x0A0000A8
KAutoHelper.ImageScanOpenCV,Find,125,41,callvirt,MemberRef,,MinMax,0x0A0000A9
KAutoHelper.ImageScanOpenCV,Find,125,72,callvirt,MemberRef,,get_Size,0x0A0000AA
KAutoHelper.ImageScanOpenCV,Find,125,77,call,MemberRef,System.Drawing.Rectangle,.ctor,0x0A0000AB
KAutoHelper.ImageScanOpenCV,Find,125,85,call,MemberRef,System.Drawing.Color,get_Red,0x0A0000AC
KAutoHelper.ImageScanOpenCV,Find,125,90,newobj,MemberRef,Emgu.CV.Structure.Bgr,.ctor,0x0A0000AD
KAutoHelper.ImageScanOpenCV,Find,125,98,callvirt,MemberRef,,Draw,0x0A0000AE
KAutoHelper.ImageScanOpenCV,Find,125,118,callvirt,MemberRef,System.IDisposable,Dispose,0x0A00004A
KAutoHelper.ImageScanOpenCV,Find,125,129,callvirt,MemberRef,,ToBitmap,0x0A0000AF
KAutoHelper.ImageScanOpenCV,FindOutPoint,127,33,callvirt,MemberRef,System.Drawing.Image,get_Width,0x0A00009D
KAutoHelper.ImageScanOpenCV,FindOutPoint,127,39,callvirt,MemberRef,System.Drawing.Image,get_Width,0x0A00009D
KAutoHelper.ImageScanOpenCV,FindOutPoint,127,47,callvirt,MemberRef,System.Drawing.Image,get_Height,0x0A00009E
KAutoHelper.ImageScanOpenCV,FindOutPoint,127,53,callvirt,MemberRef,System.Drawing.Image,get_Height,0x0A00009E
KAutoHelper.ImageScanOpenCV,FindOutPoint,127,84,newobj,MemberRef,,.ctor,0x0A0000A6
KAutoHelper.ImageScanOpenCV,FindOutPoint,127,91,newobj,MemberRef,,.ctor,0x0A0000A6
KAutoHelper.ImageScanOpenCV,FindOutPoint,127,108,callvirt,MemberRef,,MatchTemplate,0x0A0000A8
KAutoHelper.ImageScanOpenCV,FindOutPoint,127,126,callvirt,MemberRef,,MinMax,0x0A0000A9
KAutoHelper.ImageScanOpenCV,FindOutPoint,127,154,newobj,MemberRef,,.ctor,0x0A000085
KAutoHelper.ImageScanOpenCV,FindOutPoint,127,170,callvirt,MemberRef,System.IDisposable,Dispose,0x0A00004A
KAutoHelper.ImageScanOpenCV,FindOutPoint,127,177,call,MemberRef,System.GC,Collect,0x0A0000B0
KAutoHelper.ImageScanOpenCV,FindOutPoint,127,183,call,MemberRef,System.GC,WaitForPendingFinalizers,0x0A0000B1
KAutoHelper.ImageScanOpenCV,FindOutPoints,128,2,newobj,MemberRef,,.ctor,0x0A0000A6
KAutoHelper.ImageScanOpenCV,FindOutPoints,128,9,newobj,MemberRef,,.ctor,0x0A0000A6
KAutoHelper.ImageScanOpenCV,FindOutPoints,128,15,newobj,MemberRef,,.ctor,0x0A0000B2
KAutoHelper.ImageScanOpenCV,FindOutPoints,128,27,callvirt,MemberRef,,MatchTemplate,0x0A0000A8
KAutoHelper.ImageScanOpenCV,FindOutPoints,128,43,callvirt,MemberRef,,MinMax,0x0A0000A9
KAutoHelper.ImageScanOpenCV,FindOutPoints,128,74,callvirt,MemberRef,,get_Size,0x0A0000AA
KAutoHelper.ImageScanOpenCV,FindOutPoints,128,79,call,MemberRef,System.Drawing.Rectangle,.ctor,0x0A0000AB
KAutoHelper.ImageScanOpenCV,FindOutPoints,128,87,call,MemberRef,System.Drawing.Color,get_Blue,0x0A0000B3
KAutoHelper.ImageScanOpenCV,FindOutPoints,128,92,newobj,MemberRef,Emgu.CV.Structure.Bgr,.ctor,0x0A0000AD
KAutoHelper.ImageScanOpenCV,FindOutPoints,128,100,callvirt,MemberRef,,Draw,0x0A0000AE
KAutoHelper.ImageScanOpenCV,FindOutPoints,128,115,callvirt,MemberRef,,Add,0x0A0000B4
KAutoHelper.ImageScanOpenCV,FindOutPoints,128,134,callvirt,MemberRef,System.IDisposable,Dispose,0x0A00004A
KAutoHelper.ImageScanOpenCV,FindColor,129,3,call,MemberRef,System.Drawing.Color,ToArgb,0x0A0000B5
KAutoHelper.ImageScanOpenCV,FindColor,129,9,newobj,MemberRef,,.ctor,0x0A0000B2
KAutoHelper.ImageScanOpenCV,FindColor,129,35,callvirt,MemberRef,System.Drawing.Bitmap,GetPixel,0x0A0000B6
KAutoHelper.ImageScanOpenCV,FindColor,129,44,call,MemberRef,System.Drawing.Color,ToArgb,0x0A0000B5
KAutoHelper.ImageScanOpenCV,FindColor,129,49,call,MemberRef,System.Int32,Equals,0x0A0000B7
KAutoHelper.ImageScanOpenCV,FindColor,129,64,newobj,MemberRef,System.Drawing.Point,.ctor,0x0A000040
KAutoHelper.ImageScanOpenCV,FindColor,129,69,callvirt,MemberRef,,Add,0x0A0000B4
KAutoHelper.ImageScanOpenCV,FindColor,129,85,callvirt,MemberRef,System.Drawing.Image,get_Height,0x0A00009E
KAutoHelper.ImageScanOpenCV,FindColor,129,105,callvirt,MemberRef,System.Drawing.Image,get_Width,0x0A00009D
KAutoHelper.ImageScanOpenCV,FindColor,129,125,callvirt,MemberRef,System.IDisposable,Dispose,0x0A00004A
KAutoHelper.ImageScanOpenCV,FindColor,130,2,call,MemberRef,System.Windows.Media.ColorConverter,ConvertFromString,0x0A0000B8
KAutoHelper.ImageScanOpenCV,FindColor,130,15,call,MethodDef,KAutoHelper.ImageScanOpenCV,FindColor,0x06000081
KAutoHelper.ImageScanOpenCV,RecolizeText,131,8,call,MethodDef,KAutoHelper.Get_Text_From_Image,Get_Text,0x0600008C
KAutoHelper.ImageScanOpenCV,SplitImageInFolder,132,2,newobj,MemberRef,System.IO.DirectoryInfo,.ctor,0x0A000051
KAutoHelper.ImageScanOpenCV,SplitImageInFolder,132,10,callvirt,MemberRef,System.IO.DirectoryInfo,GetFiles,0x0A000052
KAutoHelper.ImageScanOpenCV,SplitImageInFolder,132,26,callvirt,MemberRef,System.IO.FileSystemInfo,get_FullName,0x0A000053
KAutoHelper.ImageScanOpenCV,SplitImageInFolder,132,31,newobj,MemberRef,System.Drawing.Bitmap,.ctor,0x0A000048
KAutoHelper.ImageScanOpenCV,SplitImageInFolder,132,40,newobj,MemberRef,,.ctor,0x0A0000B9
KAutoHelper.ImageScanOpenCV,SplitImageInFolder,132,45,call,MemberRef,,ToBitmap,0x0A0000BA
KAutoHelper.ImageScanOpenCV,SplitImageInFolder,132,50,call,MethodDef,KAutoHelper.Get_Text_From_Image,make_new_image,0x0600008D
KAutoHelper.ImageScanOpenCV,SplitImageInFolder,132,59,callvirt,MemberRef,System.Drawing.Image,Dispose,0x0A0000BB
KAutoHelper.ImageScanOpenCV,SplitImageInFolder,132,68,callvirt,MemberRef,System.IO.FileSystemInfo,get_Name,0x0A0000BC
KAutoHelper.ImageScanOpenCV,SplitImageInFolder,132,73,call,MemberRef,System.IO.Path,GetFileNameWithoutExtension,0x0A000043
KAutoHelper.ImageScanOpenCV,SplitImageInFolder,132,78,call,MethodDef,KAutoHelper.Get_Text_From_Image,split_image,0x0600008E
KAutoHelper.ImageScanOpenCV,ThreshHoldBinary,133,2,newobj,MemberRef,,.ctor,0x0A0000B9
KAutoHelper.ImageScanOpenCV,ThreshHoldBinary,133,11,newobj,MemberRef,Emgu.CV.Structure.Gray,.ctor,0x0A0000BD
KAutoHelper.ImageScanOpenCV,ThreshHoldBinary,133,25,newobj,MemberRef,Emgu.CV.Structure.Gray,.ctor,0x0A0000BD
KAutoHelper.ImageScanOpenCV,ThreshHoldBinary,133,30,callvirt,MemberRef,,ThresholdBinary,0x0A0000BE
KAutoHelper.ImageScanOpenCV,ThreshHoldBinary,133,37,callvirt,MemberRef,,ToBitmap,0x0A0000BA
KAutoHelper.ImageScanOpenCV,NotWhiteToTransparentPixelReplacement,134,2,call,MethodDef,KAutoHelper.ImageScanOpenCV,CreateNonIndexedImage,0x06000089
KAutoHelper.ImageScanOpenCV,NotWhiteToTransparentPixelReplacement,134,21,callvirt,MemberRef,System.Drawing.Bitmap,GetPixel,0x0A0000B6
KAutoHelper.ImageScanOpenCV,NotWhiteToTransparentPixelReplacement,134,29,call,MemberRef,System.Drawing.Color,get_R,0x0A0000BF
KAutoHelper.ImageScanOpenCV,NotWhiteToTransparentPixelReplacement,134,43,call,MemberRef,System.Drawing.Color,get_G,0x0A0000C0
KAutoHelper.ImageScanOpenCV,NotWhiteToTransparentPixelReplacement,134,57,call,MemberRef,System.Drawing.Color,get_B,0x0A0000C1
KAutoHelper.ImageScanOpenCV,NotWhiteToTransparentPixelReplacement,134,79,call,MemberRef,System.Drawing.Color,get_Transparent,0x0A0000C2
KAutoHelper.ImageScanOpenCV,NotWhiteToTransparentPixelReplacement,134,84,callvirt,MemberRef,System.Drawing.Bitmap,SetPixel,0x0A0000C3
KAutoHelper.ImageScanOpenCV,NotWhiteToTransparentPixelReplacement,134,97,callvirt,MemberRef,System.Drawing.Image,get_Height,0x0A00009E
KAutoHelper.ImageScanOpenCV,NotWhiteToTransparentPixelReplacement,134,116,callvirt,MemberRef,System.Drawing.Image,get_Width,0x0A00009D
KAutoHelper.ImageScanOpenCV,WhiteToBlackPixelReplacement,135,2,call,MethodDef,KAutoHelper.ImageScanOpenCV,CreateNonIndexedImage,0x06000089
KAutoHelper.ImageScanOpenCV,WhiteToBlackPixelReplacement,135,21,callvirt,MemberRef,System.Drawing.Bitmap,GetPixel,0x0A0000B6
KAutoHelper.ImageScanOpenCV,WhiteToBlackPixelReplacement,135,29,call,MemberRef,System.Drawing.Color,get_R,0x0A0000BF
KAutoHelper.ImageScanOpenCV,WhiteToBlackPixelReplacement,135,40,call,MemberRef,System.Drawing.Color,get_G,0x0A0000C0
KAutoHelper.ImageScanOpenCV,WhiteToBlackPixelReplacement,135,54,call,MemberRef,System.Drawing.Color,get_B,0x0A0000C1
KAutoHelper.ImageScanOpenCV,WhiteToBlackPixelReplacement,135,76,call,MemberRef,System.Drawing.Color,get_Black,0x0A0000C4
KAutoHelper.ImageScanOpenCV,WhiteToBlackPixelReplacement,135,81,callvirt,MemberRef,System.Drawing.Bitmap,SetPixel,0x0A0000C3
KAutoHelper.ImageScanOpenCV,WhiteToBlackPixelReplacement,135,94,callvirt,MemberRef,System.Drawing.Image,get_Height,0x0A00009E
KAutoHelper.ImageScanOpenCV,WhiteToBlackPixelReplacement,135,113,callvirt,MemberRef,System.Drawing.Image,get_Width,0x0A00009D
KAutoHelper.ImageScanOpenCV,TransparentToWhitePixelReplacement,136,2,call,MethodDef,KAutoHelper.ImageScanOpenCV,CreateNonIndexedImage,0x06000089
KAutoHelper.ImageScanOpenCV,TransparentToWhitePixelReplacement,136,21,callvirt,MemberRef,System.Drawing.Bitmap,GetPixel,0x0A0000B6
KAutoHelper.ImageScanOpenCV,TransparentToWhitePixelReplacement,136,29,call,MemberRef,System.Drawing.Color,get_A,0x0A0000C5
KAutoHelper.ImageScanOpenCV,TransparentToWhitePixelReplacement,136,47,call,MemberRef,System.Drawing.Color,get_White,0x0A0000C6
KAutoHelper.ImageScanOpenCV,TransparentToWhitePixelReplacement,136,52,callvirt,MemberRef,System.Drawing.Bitmap,SetPixel,0x0A0000C3
KAutoHelper.ImageScanOpenCV,TransparentToWhitePixelReplacement,136,65,callvirt,MemberRef,System.Drawing.Image,get_Height,0x0A00009E
KAutoHelper.ImageScanOpenCV,TransparentToWhitePixelReplacement,136,84,callvirt,MemberRef,System.Drawing.Image,get_Width,0x0A00009D
KAutoHelper.ImageScanOpenCV,CreateNonIndexedImage,137,2,callvirt,MemberRef,System.Drawing.Image,get_Width,0x0A00009D
KAutoHelper.ImageScanOpenCV,CreateNonIndexedImage,137,8,callvirt,MemberRef,System.Drawing.Image,get_Height,0x0A00009E
KAutoHelper.ImageScanOpenCV,CreateNonIndexedImage,137,18,newobj,MemberRef,System.Drawing.Bitmap,.ctor,0x0A0000A1
KAutoHelper.ImageScanOpenCV,CreateNonIndexedImage,137,25,call,MemberRef,System.Drawing.Graphics,FromImage,0x0A000095
KAutoHelper.ImageScanOpenCV,CreateNonIndexedImage,137,36,callvirt,MemberRef,System.Drawing.Graphics,DrawImage,0x0A0000C7
KAutoHelper.ImageScanOpenCV,CreateNonIndexedImage,137,49,callvirt,MemberRef,System.IDisposable,Dispose,0x0A00004A
KAutoHelper.ImageScanOpenCV,.ctor,138,1,call,MemberRef,System.Object,.ctor,0x0A000057
KAutoHelper.Get_Text_From_Image,Get_Text,140,8,newobj,MemberRef,,.ctor,0x0A0000B9
KAutoHelper.Get_Text_From_Image,Get_Text,140,13,call,MemberRef,,ToBitmap,0x0A0000BA
KAutoHelper.Get_Text_From_Image,Get_Text,140,18,call,MethodDef,KAutoHelper.Get_Text_From_Image,make_new_image,0x0600008D
KAutoHelper.Get_Text_From_Image,Get_Text,140,25,callvirt,MemberRef,System.Drawing.Image,Dispose,0x0A0000BB
KAutoHelper.Get_Text_From_Image,Get_Text,140,37,call,MethodDef,KAutoHelper.Get_Text_From_Image,split_image,0x0600008E
KAutoHelper.Get_Text_From_Image,Get_Text,140,44,call,MethodDef,KAutoHelper.Get_Text_From_Image,Get_Text,0x0600008F
KAutoHelper.Get_Text_From_Image,make_new_image,141,17,callvirt,MemberRef,System.Drawing.Image,get_Width,0x0A00009D
KAutoHelper.Get_Text_From_Image,make_new_image,141,35,callvirt,MemberRef,System.Drawing.Image,get_Height,0x0A00009E
KAutoHelper.Get_Text_From_Image,make_new_image,141,59,newobj,MemberRef,System.Drawing.Bitmap,.ctor,0x0A000091
KAutoHelper.Get_Text_From_Image,make_new_image,141,92,call,MethodDef,KAutoHelper.Get_Text_From_Image,<make_new_image>g__Get_List_Point|9_0,0x06000094
KAutoHelper.Get_Text_From_Image,split_image,142,69,callvirt,MemberRef,System.Drawing.Image,get_Width,0x0A00009D
KAutoHelper.Get_Text_From_Image,split_image,142,81,callvirt,MemberRef,System.Drawing.Image,get_Height,0x0A00009E
KAutoHelper.Get_Text_From_Image,split_image,142,115,callvirt,MemberRef,System.Drawing.Bitmap,GetPixel,0x0A0000B6
KAutoHelper.Get_Text_From_Image,split_image,142,124,call,MemberRef,System.Drawing.Color,get_Name,0x0A0000C8
KAutoHelper.Get_Text_From_Image,split_image,142,134,call,MemberRef,System.String,op_Inequality,0x0A00002F
KAutoHelper.Get_Text_From_Image,split_image,142,285,call,MethodDef,KAutoHelper.Get_Text_From_Image,<split_image>g__save_image_splip|10_0,0x06000096
KAutoHelper.Get_Text_From_Image,Get_Text,143,7,newobj,MemberRef,,.ctor,0x0A000026
KAutoHelper.Get_Text_From_Image,Get_Text,143,18,callvirt,MemberRef,,Add,0x0A000032
KAutoHelper.Get_Text_From_Image,Get_Text,143,30,callvirt,MemberRef,,Add,0x0A000032
KAutoHelper.Get_Text_From_Image,Get_Text,143,42,callvirt,MemberRef,,Add,0x0A000032
KAutoHelper.Get_Text_From_Image,Get_Text,143,54,callvirt,MemberRef,,Add,0x0A000032
KAutoHelper.Get_Text_From_Image,Get_Text,143,66,callvirt,MemberRef,,Add,0x0A000032
KAutoHelper.Get_Text_From_Image,Get_Text,143,78,callvirt,MemberRef,,Add,0x0A000032
KAutoHelper.Get_Text_From_Image,Get_Text,143,90,callvirt,MemberRef,,Add,0x0A000032
KAutoHelper.Get_Text_From_Image,Get_Text,143,102,callvirt,MemberRef,,Add,0x0A000032
KAutoHelper.Get_Text_From_Image,Get_Text,143,114,callvirt,MemberRef,,Add,0x0A000032
KAutoHelper.Get_Text_From_Image,Get_Text,143,126,callvirt,MemberRef,,Add,0x0A000032
KAutoHelper.Get_Text_From_Image,Get_Text,143,141,newobj,MemberRef,,.ctor,0x0A0000C9
KAutoHelper.Get_Text_From_Image,Get_Text,143,160,callvirt,MemberRef,,get_Item,0x0A0000CA
KAutoHelper.Get_Text_From_Image,Get_Text,143,201,call,MemberRef,System.String,Concat,0x0A000036
KAutoHelper.Get_Text_From_Image,Get_Text,143,210,newobj,MemberRef,System.IO.DirectoryInfo,.ctor,0x0A000051
KAutoHelper.Get_Text_From_Image,Get_Text,143,220,callvirt,MemberRef,System.IO.DirectoryInfo,GetFiles,0x0A000052
KAutoHelper.Get_Text_From_Image,Get_Text,143,245,callvirt,MemberRef,System.IO.FileSystemInfo,get_FullName,0x0A000053
KAutoHelper.Get_Text_From_Image,Get_Text,143,254,newobj,MemberRef,System.Drawing.Bitmap,.ctor,0x0A000048
KAutoHelper.Get_Text_From_Image,Get_Text,143,300,call,MemberRef,System.String,Concat,0x0A00004C
KAutoHelper.Get_Text_From_Image,Get_Text,143,309,newobj,MemberRef,System.Drawing.Bitmap,.ctor,0x0A000048
KAutoHelper.Get_Text_From_Image,Get_Text,143,320,call,MethodDef,KAutoHelper.Get_Text_From_Image,Image_Equal,0x06000090
KAutoHelper.Get_Text_From_Image,Get_Text,143,329,callvirt,MemberRef,System.Drawing.Image,Dispose,0x0A0000BB
KAutoHelper.Get_Text_From_Image,Get_Text,143,337,callvirt,MemberRef,System.Drawing.Image,Dispose,0x0A0000BB
KAutoHelper.Get_Text_From_Image,Get_Text,143,382,callvirt,MemberRef,,Add,0x0A0000CB
KAutoHelper.Get_Text_From_Image,Get_Text,143,406,callvirt,MemberRef,,get_Count,0x0A000041
KAutoHelper.Get_Text_From_Image,Get_Text,143,447,callvirt,MemberRef,,get_Item,0x0A0000CC
KAutoHelper.Get_Text_From_Image,Get_Text,143,464,callvirt,MemberRef,,get_Item,0x0A0000CC
KAutoHelper.Get_Text_From_Image,Get_Text,143,486,callvirt,MemberRef,,get_Count,0x0A000041
KAutoHelper.Get_Text_From_Image,Get_Text,143,503,callvirt,MemberRef,,get_Item,0x0A0000CA
KAutoHelper.Get_Text_From_Image,Get_Text,143,508,call,MemberRef,System.String,Concat,0x0A000012
KAutoHelper.Get_Text_From_Image,Image_Equal,144,23,callvirt,MemberRef,System.Drawing.Image,get_Width,0x0A00009D
KAutoHelper.Get_Text_From_Image,Image_Equal,144,29,callvirt,MemberRef,System.Drawing.Image,get_Height,0x0A00009E
KAutoHelper.Get_Text_From_Image,Image_Equal,144,34,newobj,MemberRef,System.Drawing.Size,.ctor,0x0A0000CD
KAutoHelper.Get_Text_From_Image,Image_Equal,144,39,newobj,MemberRef,System.Drawing.Bitmap,.ctor,0x0A0000CE
KAutoHelper.Get_Text_From_Image,Image_Equal,144,72,callvirt,MemberRef,System.Drawing.Bitmap,GetPixel,0x0A0000B6
KAutoHelper.Get_Text_From_Image,Image_Equal,144,85,callvirt,MemberRef,System.Drawing.Bitmap,GetPixel,0x0A0000B6
KAutoHelper.Get_Text_From_Image,Image_Equal,144,101,callvirt,MemberRef,System.Object,Equals,0x0A0000CF
KAutoHelper.Get_Text_From_Image,Image_Equal,144,136,callvirt,MemberRef,System.Drawing.Image,get_Height,0x0A00009E
KAutoHelper.Get_Text_From_Image,Image_Equal,144,156,callvirt,MemberRef,System.Drawing.Image,get_Width,0x0A00009D
KAutoHelper.Get_Text_From_Image,check_folder_exists,145,2,call,MemberRef,System.IO.Directory,Exists,0x0A0000D0
KAutoHelper.Get_Text_From_Image,check_folder_exists,145,18,call,MemberRef,System.IO.Directory,CreateDirectory,0x0A0000D1
KAutoHelper.Get_Text_From_Image,.ctor,146,1,call,MemberRef,System.Object,.ctor,0x0A000057
KAutoHelper.Get_Text_From_Image,.cctor,147,56,newobj,MemberRef,,.ctor,0x0A0000D2
KAutoHelper.Get_Text_From_Image,.cctor,147,70,call,MemberRef,System.Drawing.Color,FromArgb,0x0A0000D3
KAutoHelper.Get_Text_From_Image,.cctor,147,75,callvirt,MemberRef,,Add,0x0A0000D4
KAutoHelper.Get_Text_From_Image,<make_new_image>g__Get_List_Point|9_0,148,19,callvirt,MemberRef,System.Drawing.Bitmap,GetPixel,0x0A0000B6
KAutoHelper.Get_Text_From_Image,<make_new_image>g__Get_List_Point|9_0,148,36,call,MethodDef,KAutoHelper.Get_Text_From_Image,<make_new_image>g__Check_sailenh_Color|9_1,0x06000095
KAutoHelper.Get_Text_From_Image,<make_new_image>g__Get_List_Point|9_0,148,55,call,MemberRef,System.Drawing.Color,get_Black,0x0A0000C4
KAutoHelper.Get_Text_From_Image,<make_new_image>g__Get_List_Point|9_0,148,60,callvirt,MemberRef,System.Drawing.Bitmap,SetPixel,0x0A0000C3
KAutoHelper.Get_Text_From_Image,<make_new_image>g__Check_sailenh_Color|9_1,149,5,callvirt,MemberRef,,GetEnumerator,0x0A0000D5
KAutoHelper.Get_Text_From_Image,<make_new_image>g__Check_sailenh_Color|9_1,149,18,call,MemberRef,,get_Current,0x0A0000D6
KAutoHelper.Get_Text_From_Image,<make_new_image>g__Check_sailenh_Color|9_1,149,27,call,MemberRef,System.Drawing.Color,get_R,0x0A0000BF
KAutoHelper.Get_Text_From_Image,<make_new_image>g__Check_sailenh_Color|9_1,149,36,call,MemberRef,System.Drawing.Color,get_R,0x0A0000BF
KAutoHelper.Get_Text_From_Image,<make_new_image>g__Check_sailenh_Color|9_1,149,45,call,MemberRef,System.Drawing.Color,get_R,0x0A0000BF
KAutoHelper.Get_Text_From_Image,<make_new_image>g__Check_sailenh_Color|9_1,149,54,call,MemberRef,System.Drawing.Color,get_R,0x0A0000BF
KAutoHelper.Get_Text_From_Image,<make_new_image>g__Check_sailenh_Color|9_1,149,63,call,MemberRef,System.Drawing.Color,get_G,0x0A0000C0
KAutoHelper.Get_Text_From_Image,<make_new_image>g__Check_sailenh_Color|9_1,149,72,call,MemberRef,System.Drawing.Color,get_G,0x0A0000C0
KAutoHelper.Get_Text_From_Image,<make_new_image>g__Check_sailenh_Color|9_1,149,81,call,MemberRef,System.Drawing.Color,get_G,0x0A0000C0
KAutoHelper.Get_Text_From_Image,<make_new_image>g__Check_sailenh_Color|9_1,149,90,call,MemberRef,System.Drawing.Color,get_G,0x0A0000C0
KAutoHelper.Get_Text_From_Image,<make_new_image>g__Check_sailenh_Color|9_1,149,99,call,MemberRef,System.Drawing.Color,get_B,0x0A0000C1
KAutoHelper.Get_Text_From_Image,<make_new_image>g__Check_sailenh_Color|9_1,149,108,call,MemberRef,System.Drawing.Color,get_B,0x0A0000C1
KAutoHelper.Get_Text_From_Image,<make_new_image>g__Check_sailenh_Color|9_1,149,117,call,MemberRef,System.Drawing.Color,get_B,0x0A0000C1
KAutoHelper.Get_Text_From_Image,<make_new_image>g__Check_sailenh_Color|9_1,149,126,call,MemberRef,System.Drawing.Color,get_B,0x0A0000C1
KAutoHelper.Get_Text_From_Image,<make_new_image>g__Check_sailenh_Color|9_1,149,154,call,MemberRef,,MoveNext,0x0A0000D7
KAutoHelper.Get_Text_From_Image,<make_new_image>g__Check_sailenh_Color|9_1,149,174,callvirt,MemberRef,System.IDisposable,Dispose,0x0A00004A
KAutoHelper.Get_Text_From_Image,<split_image>g__save_image_splip|10_0,150,31,newobj,MemberRef,System.Drawing.Bitmap,.ctor,0x0A000091
KAutoHelper.Get_Text_From_Image,<split_image>g__save_image_splip|10_0,150,74,callvirt,MemberRef,System.Drawing.Bitmap,GetPixel,0x0A0000B6
KAutoHelper.Get_Text_From_Image,<split_image>g__save_image_splip|10_0,150,88,callvirt,MemberRef,System.Drawing.Bitmap,SetPixel,0x0A0000C3
KAutoHelper.Get_Text_From_Image,<split_image>g__save_image_splip|10_0,150,145,call,MethodDef,KAutoHelper.Get_Text_From_Image,check_folder_exists,0x06000091
KAutoHelper.Get_Text_From_Image,<split_image>g__save_image_splip|10_0,150,200,call,MemberRef,System.String,Concat,0x0A00004C
KAutoHelper.Get_Text_From_Image,<split_image>g__save_image_splip|10_0,150,210,callvirt,MemberRef,System.Drawing.Image,Save,0x0A0000D8
KAutoHelper.Get_Text_From_Image,<split_image>g__save_image_splip|10_0,150,217,callvirt,MemberRef,System.Drawing.Image,Dispose,0x0A0000BB
KAutoHelper.ProcessHelper,GetWindowTitles,154,8,newobj,MethodDef,EnumWindowsProc,.ctor,0x060000DD
KAutoHelper.ProcessHelper,GetWindowTitles,154,24,call,MemberRef,System.IntPtr,op_Explicit,0x0A00008A
KAutoHelper.ProcessHelper,GetWindowTitles,154,29,call,MethodDef,KAutoHelper.ProcessHelper,EnumWindows,0x06000097
KAutoHelper.ProcessHelper,EnumWindowsCallback,155,2,call,MethodDef,KAutoHelper.ProcessHelper,GetWindowTitle,0x0600009D
KAutoHelper.ProcessHelper,EnumWindowsCallback,155,9,call,MethodDef,KAutoHelper.ProcessHelper,TitleMatches,0x0600009C
KAutoHelper.ProcessHelper,EnumWindowsCallback,155,25,callvirt,MemberRef,,Add,0x0A000032
KAutoHelper.ProcessHelper,EnumWindowsCallback,155,44,call,MemberRef,System.IntPtr,Equals,0x0A0000D9
KAutoHelper.ProcessHelper,EnumWindowsCallback,155,65,newobj,MethodDef,EnumWindowsProc,.ctor,0x060000DD
KAutoHelper.ProcessHelper,EnumWindowsCallback,155,75,call,MethodDef,KAutoHelper.ProcessHelper,EnumChildWindows,0x06000098
KAutoHelper.ProcessHelper,TitleMatches,156,7,callvirt,MemberRef,System.String,Contains,0x0A0000DA
KAutoHelper.ProcessHelper,GetWindowTitle,157,20,call,MemberRef,System.Runtime.InteropServices.Marshal,AllocCoTaskMem,0x0A0000DC
KAutoHelper.ProcessHelper,GetWindowTitle,157,29,callvirt,MemberRef,System.String,ToCharArray,0x0A0000DD
KAutoHelper.ProcessHelper,GetWindowTitle,157,39,callvirt,MemberRef,System.String,get_Length,0x0A00007E
KAutoHelper.ProcessHelper,GetWindowTitle,157,44,call,MemberRef,System.Runtime.InteropServices.Marshal,Copy,0x0A0000DE
KAutoHelper.ProcessHelper,GetWindowTitle,157,53,call,MemberRef,System.IntPtr,op_Explicit,0x0A00008A
KAutoHelper.ProcessHelper,GetWindowTitle,157,68,call,MethodDef,KAutoHelper.ProcessHelper,SendMessageTimeout,0x06000099
KAutoHelper.ProcessHelper,GetWindowTitle,157,76,call,MemberRef,System.Runtime.InteropServices.Marshal,PtrToStringAuto,0x0A0000DF
KAutoHelper.ProcessHelper,GetWindowTitle,157,85,call,MemberRef,System.Runtime.InteropServices.Marshal,FreeCoTaskMem,0x0A0000E0
KAutoHelper.ProcessHelper,GetNetStatPorts,158,1,newobj,MemberRef,,.ctor,0x0A0000E1
KAutoHelper.ProcessHelper,GetNetStatPorts,158,8,newobj,MemberRef,System.Diagnostics.Process,.ctor,0x0A000014
KAutoHelper.ProcessHelper,GetNetStatPorts,158,15,newobj,MemberRef,System.Diagnostics.ProcessStartInfo,.ctor,0x0A000015
KAutoHelper.ProcessHelper,GetNetStatPorts,158,27,callvirt,MemberRef,System.Diagnostics.ProcessStartInfo,set_Arguments,0x0A0000E2
KAutoHelper.ProcessHelper,GetNetStatPorts,158,39,callvirt,MemberRef,System.Diagnostics.ProcessStartInfo,set_FileName,0x0A000017
KAutoHelper.ProcessHelper,GetNetStatPorts,158,47,callvirt,MemberRef,System.Diagnostics.ProcessStartInfo,set_CreateNoWindow,0x0A000018
KAutoHelper.ProcessHelper,GetNetStatPorts,158,55,callvirt,MemberRef,System.Diagnostics.ProcessStartInfo,set_UseShellExecute,0x0A000019
KAutoHelper.ProcessHelper,GetNetStatPorts,158,63,callvirt,MemberRef,System.Diagnostics.ProcessStartInfo,set_WindowStyle,0x0A00001A
KAutoHelper.ProcessHelper,GetNetStatPorts,158,71,callvirt,MemberRef,System.Diagnostics.ProcessStartInfo,set_RedirectStandardInput,0x0A00001B
KAutoHelper.ProcessHelper,GetNetStatPorts,158,79,callvirt,MemberRef,System.Diagnostics.ProcessStartInfo,set_RedirectStandardOutput,0x0A00001C
KAutoHelper.ProcessHelper,GetNetStatPorts,158,87,callvirt,MemberRef,System.Diagnostics.ProcessStartInfo,set_RedirectStandardError,0x0A0000E3
KAutoHelper.ProcessHelper,GetNetStatPorts,158,95,callvirt,MemberRef,System.Diagnostics.Process,set_StartInfo,0x0A00001D
KAutoHelper.ProcessHelper,GetNetStatPorts,158,102,callvirt,MemberRef,System.Diagnostics.Process,Start,0x0A00001E
KAutoHelper.ProcessHelper,GetNetStatPorts,158,109,callvirt,MemberRef,System.Diagnostics.Process,get_StandardOutput,0x0A000024
KAutoHelper.ProcessHelper,GetNetStatPorts,158,116,callvirt,MemberRef,System.Diagnostics.Process,get_StandardError,0x0A0000E4
KAutoHelper.ProcessHelper,GetNetStatPorts,158,124,callvirt,MemberRef,System.IO.TextReader,ReadToEnd,0x0A000025
KAutoHelper.ProcessHelper,GetNetStatPorts,158,131,callvirt,MemberRef,System.IO.TextReader,ReadToEnd,0x0A000025
KAutoHelper.ProcessHelper,GetNetStatPorts,158,136,call,MemberRef,System.String,Concat,0x0A000012
KAutoHelper.ProcessHelper,GetNetStatPorts,158,144,callvirt,MemberRef,System.Diagnostics.Process,get_ExitCode,0x0A0000E5
KAutoHelper.ProcessHelper,GetNetStatPorts,158,153,call,MemberRef,System.Int32,ToString,0x0A0000E6
KAutoHelper.ProcessHelper,GetNetStatPorts,158,167,call,MemberRef,System.String,op_Inequality,0x0A00002F
KAutoHelper.ProcessHelper,GetNetStatPorts,158,187,call,MemberRef,System.Text.RegularExpressions.Regex,Split,0x0A00002D
KAutoHelper.ProcessHelper,GetNetStatPorts,158,222,call,MemberRef,System.Text.RegularExpressions.Regex,Split,0x0A00002D
KAutoHelper.ProcessHelper,GetNetStatPorts,158,245,callvirt,MemberRef,System.String,Equals,0x0A0000E7
KAutoHelper.ProcessHelper,GetNetStatPorts,158,261,callvirt,MemberRef,System.String,Equals,0x0A0000E7
KAutoHelper.ProcessHelper,GetNetStatPorts,158,296,call,MemberRef,System.Text.RegularExpressions.Regex,Replace,0x0A0000E8
KAutoHelper.ProcessHelper,GetNetStatPorts,158,304,newobj,MethodDef,KAutoHelper.Port,.ctor,0x060000AC
KAutoHelper.ProcessHelper,GetNetStatPorts,158,320,callvirt,MemberRef,System.String,Contains,0x0A0000DA
KAutoHelper.ProcessHelper,GetNetStatPorts,158,336,call,MemberRef,System.String,Format,0x0A000039
KAutoHelper.ProcessHelper,GetNetStatPorts,158,352,call,MemberRef,System.String,Format,0x0A000039
KAutoHelper.ProcessHelper,GetNetStatPorts,158,357,callvirt,MethodDef,KAutoHelper.Port,set_protocol,0x060000A9
KAutoHelper.ProcessHelper,GetNetStatPorts,158,378,callvirt,MemberRef,System.String,Split,0x0A00003E
KAutoHelper.ProcessHelper,GetNetStatPorts,158,385,callvirt,MethodDef,KAutoHelper.Port,set_port_number,0x060000A5
KAutoHelper.ProcessHelper,GetNetStatPorts,158,402,call,MemberRef,System.String,op_Equality,0x0A00006B
KAutoHelper.ProcessHelper,GetNetStatPorts,158,413,call,MemberRef,System.Convert,ToInt16,0x0A0000E9
KAutoHelper.ProcessHelper,GetNetStatPorts,158,418,call,MethodDef,KAutoHelper.ProcessHelper,LookupProcess,0x0600009F
KAutoHelper.ProcessHelper,GetNetStatPorts,158,429,call,MemberRef,System.Convert,ToInt16,0x0A0000E9
KAutoHelper.ProcessHelper,GetNetStatPorts,158,434,call,MethodDef,KAutoHelper.ProcessHelper,LookupProcess,0x0600009F
KAutoHelper.ProcessHelper,GetNetStatPorts,158,439,callvirt,MethodDef,KAutoHelper.Port,set_process_name,0x060000A7
KAutoHelper.ProcessHelper,GetNetStatPorts,158,451,call,MemberRef,System.Convert,ToInt16,0x0A0000E9
KAutoHelper.ProcessHelper,GetNetStatPorts,158,456,callvirt,MethodDef,KAutoHelper.Port,set_pid,0x060000AB
KAutoHelper.ProcessHelper,GetNetStatPorts,158,464,callvirt,MemberRef,,Add,0x0A0000EA
KAutoHelper.ProcessHelper,GetNetStatPorts,158,496,callvirt,MemberRef,System.IDisposable,Dispose,0x0A00004A
KAutoHelper.ProcessHelper,LookupProcess,159,3,call,MemberRef,System.Diagnostics.Process,GetProcessById,0x0A000066
KAutoHelper.ProcessHelper,LookupProcess,159,8,callvirt,MemberRef,System.Diagnostics.Process,get_ProcessName,0x0A0000EB
KAutoHelper.ProcessHelper,.ctor,160,1,call,MemberRef,System.Object,.ctor,0x0A000057
KAutoHelper.ProcessHelper,.cctor,161,0,newobj,MemberRef,,.ctor,0x0A000026
KAutoHelper.Port,get_name,162,7,call,MethodDef,KAutoHelper.Port,get_process_name,0x060000A6
KAutoHelper.Port,get_name,162,13,call,MethodDef,KAutoHelper.Port,get_protocol,0x060000A8
KAutoHelper.Port,get_name,162,19,call,MethodDef,KAutoHelper.Port,get_port_number,0x060000A4
KAutoHelper.Port,get_name,162,24,call,MemberRef,System.String,Format,0x0A000035
KAutoHelper.Port,.ctor,172,1,call,MemberRef,System.Object,.ctor,0x0A000057
KAutoHelper.ParentProcessUtilities,GetParentProcess,174,1,call,MemberRef,System.Diagnostics.Process,GetCurrentProcess,0x0A0000EC
KAutoHelper.ParentProcessUtilities,GetParentProcess,174,6,callvirt,MemberRef,System.Diagnostics.Process,get_Handle,0x0A0000ED
KAutoHelper.ParentProcessUtilities,GetParentProcess,174,11,call,MethodDef,KAutoHelper.ParentProcessUtilities,GetParentProcess,0x060000B0
KAutoHelper.ParentProcessUtilities,GetParentProcess,175,2,call,MemberRef,System.Diagnostics.Process,GetProcessById,0x0A000066
KAutoHelper.ParentProcessUtilities,GetParentProcess,175,9,callvirt,MemberRef,System.Diagnostics.Process,get_Handle,0x0A0000ED
KAutoHelper.ParentProcessUtilities,GetParentProcess,175,14,call,MethodDef,KAutoHelper.ParentProcessUtilities,GetParentProcess,0x060000B0
KAutoHelper.ParentProcessUtilities,GetParentProcess,176,19,call,MemberRef,System.Runtime.InteropServices.Marshal,SizeOf,0x0A0000EE
KAutoHelper.ParentProcessUtilities,GetParentProcess,176,26,call,MethodDef,KAutoHelper.ParentProcessUtilities,NtQueryInformationProcess,0x060000AD
KAutoHelper.ParentProcessUtilities,GetParentProcess,176,41,newobj,MemberRef,System.ComponentModel.Win32Exception,.ctor,0x0A0000EF
KAutoHelper.ParentProcessUtilities,GetParentProcess,176,56,call,MemberRef,System.IntPtr,ToInt32,0x0A0000F0
KAutoHelper.ParentProcessUtilities,GetParentProcess,176,61,call,MemberRef,System.Diagnostics.Process,GetProcessById,0x0A000066
KAutoHelper.ThamKhao,SendKeyPress,178,199,call,MemberRef,System.Type,GetTypeFromHandle,0x0A000080
KAutoHelper.ThamKhao,SendKeyPress,178,204,call,MemberRef,System.Runtime.InteropServices.Marshal,SizeOf,0x0A000081
KAutoHelper.ThamKhao,SendKeyPress,178,209,call,MethodDef,KAutoHelper.ThamKhao,SendInput,0x060000B1
KAutoHelper.ThamKhao,SendKeyPress,178,223,newobj,MemberRef,System.Exception,.ctor,0x0A000082
KAutoHelper.ThamKhao,SendKeyDown,179,153,call,MemberRef,System.Type,GetTypeFromHandle,0x0A000080
KAutoHelper.ThamKhao,SendKeyDown,179,158,call,MemberRef,System.Runtime.InteropServices.Marshal,SizeOf,0x0A000081
KAutoHelper.ThamKhao,SendKeyDown,179,163,call,MethodDef,KAutoHelper.ThamKhao,SendInput,0x060000B1
KAutoHelper.ThamKhao,SendKeyDown,179,176,newobj,MemberRef,System.Exception,.ctor,0x0A000082
KAutoHelper.ThamKhao,SendKeyUp,180,153,call,MemberRef,System.Type,GetTypeFromHandle,0x0A000080
KAutoHelper.ThamKhao,SendKeyUp,180,158,call,MemberRef,System.Runtime.InteropServices.Marshal,SizeOf,0x0A000081
KAutoHelper.ThamKhao,SendKeyUp,180,163,call,MethodDef,KAutoHelper.ThamKhao,SendInput,0x060000B1
KAutoHelper.ThamKhao,SendKeyUp,180,175,newobj,MemberRef,System.Exception,.ctor,0x0A000082
KAutoHelper.ThamKhao,.ctor,181,1,call,MemberRef,System.Object,.ctor,0x0A000057
<>c__DisplayClass13_0,.ctor,182,1,call,MemberRef,System.Object,.ctor,0x0A000057
<>c__DisplayClass13_0,<GetNoxTitleFromADBPort>b__0,183,1,callvirt,MethodDef,KAutoHelper.Port,get_port_number,0x060000A4
<>c__DisplayClass13_0,<GetNoxTitleFromADBPort>b__0,183,12,call,MemberRef,System.String,op_Equality,0x0A00006B
<>c__DisplayClass13_0,<GetNoxTitleFromADBPort>b__1,184,1,callvirt,MethodDef,KAutoHelper.NoxMultiIni,get_vmpid,0x06000019
<>c__DisplayClass13_0,<GetNoxTitleFromADBPort>b__1,184,12,callvirt,MethodDef,KAutoHelper.Port,get_pid,0x060000AA
<>c,.cctor,193,0,newobj,MethodDef,<>c,.ctor,0x060000C2
<>c,.ctor,194,1,call,MemberRef,System.Object,.ctor,0x0A000057
<>c,<FindWindowHandleFromProcesses>b__30_0,195,1,callvirt,MemberRef,System.Diagnostics.Process,get_MainWindowHandle,0x0A00006A
<>c,<FindWindowHandleFromProcesses>b__30_0,195,11,call,MemberRef,System.IntPtr,op_Inequality,0x0A000071
<>c,<GetChildHandle>b__34_0,196,2,call,MemberRef,System.Runtime.InteropServices.GCHandle,FromIntPtr,0x0A0000F1
<>c,<GetChildHandle>b__34_0,196,10,call,MemberRef,System.Runtime.InteropServices.GCHandle,get_Target,0x0A0000F2
<>c,<GetChildHandle>b__34_0,196,29,call,MemberRef,System.Runtime.InteropServices.GCHandle,get_Target,0x0A0000F2
<>c,<GetChildHandle>b__34_0,196,42,callvirt,MemberRef,,Add,0x0A00006C
<>c__DisplayClass35_0,.ctor,197,1,call,MemberRef,System.Object,.ctor,0x0A000057
<>c__DisplayClass35_0,<FindHandleWithText>b__0,198,2,call,MethodDef,KAutoHelper.AutoControl,GetClassName,0x06000066
<>c__DisplayClass35_0,<FindHandleWithText>b__0,198,9,call,MethodDef,KAutoHelper.AutoControl,GetText,0x06000065
<>c__DisplayClass35_0,<FindHandleWithText>b__0,198,22,call,MemberRef,System.String,op_Equality,0x0A00006B
<>c__DisplayClass35_0,<FindHandleWithText>b__0,198,36,call,MemberRef,System.String,op_Equality,0x0A00006B
<>c__DisplayClass36_0,.ctor,199,1,call,MemberRef,System.Object,.ctor,0x0A000057
<>c__DisplayClass36_0,<FindHandlesWithText>b__0,200,2,call,MethodDef,KAutoHelper.AutoControl,GetClassName,0x06000066
<>c__DisplayClass36_0,<FindHandlesWithText>b__0,200,9,call,MethodDef,KAutoHelper.AutoControl,GetText,0x06000065
<>c__DisplayClass36_0,<FindHandlesWithText>b__0,200,22,call,MemberRef,System.String,op_Equality,0x0A00006B
<>c__DisplayClass36_0,<FindHandlesWithText>b__0,200,36,call,MemberRef,System.String,op_Equality,0x0A00006B
<>c__DisplayClass4_0,.ctor,205,1,call,MemberRef,System.Object,.ctor,0x0A000057
<>c__DisplayClass4_0,<GetWindowHandles>b__0,206,0,newobj,MethodDef,<>c__DisplayClass4_1,.ctor,0x060000CF
<>c__DisplayClass4_0,<GetWindowHandles>b__0,206,14,call,MethodDef,KAutoHelper.FindWindow,GetWindowThreadProcessId,0x0600006C
<>c__DisplayClass4_0,<GetWindowHandles>b__0,206,34,newobj,MemberRef,,.ctor,0x0A00006D
<>c__DisplayClass4_0,<GetWindowHandles>b__0,206,39,call,Table0x2B,,,0x2B000009
<>c__DisplayClass4_0,<GetWindowHandles>b__0,206,68,newobj,MemberRef,System.Text.StringBuilder,.ctor,0x0A000088
<>c__DisplayClass4_0,<GetWindowHandles>b__0,206,81,call,MethodDef,KAutoHelper.FindWindow,GetClassName,0x0600006B
<>c__DisplayClass4_0,<GetWindowHandles>b__0,206,88,callvirt,MemberRef,System.Object,ToString,0x0A000089
<>c__DisplayClass4_0,<GetWindowHandles>b__0,206,99,call,MemberRef,System.String,op_Equality,0x0A00006B
<>c__DisplayClass4_0,<GetWindowHandles>b__0,206,116,callvirt,MemberRef,,Add,0x0A00006C
<>c__DisplayClass4_1,.ctor,207,1,call,MemberRef,System.Object,.ctor,0x0A000057
<>c__DisplayClass4_1,<GetWindowHandles>b__1,208,1,callvirt,MemberRef,System.Diagnostics.Process,get_Id,0x0A0000F4
GDI32,.ctor,215,1,call,MemberRef,System.Object,.ctor,0x0A000057
User32,.ctor,220,1,call,MemberRef,System.Object,.ctor,0x0A000057
