path,bytes,extension,top_group,sha256,sensitivity
(MEmu).txt,20,.txt,<root>,465c38fa84f44b81a470a8035a593b2521dc615b6661f375f92a5248097fa4ea,sensitive_plaintext
AdbWinApi.dll,104808,.dll,<root>,42ae4f705ff5c4897c0e9eb56bc08a7a5b8a4b38295bd2d3f944061cf67b3389,normal
AdbWinUsbApi.dll,69264,.dll,<root>,ae29eaeaf6ac00e8249f5fdd8cd97b7c1548734e893398c66c34f931a8ba08d4,normal
AutoUpdater.NET.dll,455680,.dll,<root>,446f0f8e9c40da37500f909c819cd442363f9cf1b30600310b18a76488b33b97,normal
AutoUpdater.NET.pdb,83456,.pdb,<root>,04e1b673bb0db28df3cd54dcf0ff9e30bf5c267d10150a63610bb1af327abf1c,normal
AutoUpdater.NET.xml,35769,.xml,<root>,283ba8f707ba28392e7bbbaa8a82a3c3046934b07c29f2602f6a0791b00550dd,normal
Auto_ThanLong_Kteam_0789998118.exe,6775808,.exe,<root>,e1e4f555da3d4891ab0db674ee345bad67c2414632b7d1684151e7a9243134aa,normal
Auto_ThanLong_Kteam_0789998118.exe.config,770,.config,<root>,ebd77a9ec1b9a027bb56cdc6aa3f1d21720c4e218cfb3d165919513f776ab025,normal
Auto_ThanLong_Kteam_0789998118.pdb,441856,.pdb,<root>,5795d8e41d2504d732919dfd74d135a364ec6fc7cbbc47cdfd71021b2780ad84,normal
Auto_ThanLong_obfusca.exe,3212288,.exe,<root>,e2ba163c86852e81e60fe6c4694e031a2a7bf1b8838ddef799135736ad764e11,normal
Emgu.CV.World.dll,641536,.dll,<root>,2cf8dfee1da3711506f9d45096ecaf7e40617079196522bb5d88f4761db520ee,normal
Emgu.CV.World.xml,1797678,.xml,<root>,dda501863b5f4ebc1b37a4dffe9b0bfe6ba673e8ed205aa46eb3e5259cc5ad34,normal
ItemSell_TrangNgoc/ngoc1.PNG,1288,.png,ItemSell_TrangNgoc,a21cd2fb4d313b8a56bf3114da0d90fae58576202201e8d21508273348f78850,normal
ItemSell_TrangNgoc/ngoc10.PNG,1399,.png,ItemSell_TrangNgoc,dfb24822014624c9c2ce3a09b3cf5977c4a42122b40b66179a09e2361cdba4be,normal
ItemSell_TrangNgoc/ngoc11.PNG,1418,.png,ItemSell_TrangNgoc,01766a1dc9bf45c4dbd5a4b2be5d0a6002ec982ee959e2cfe88c79b938abdeb5,normal
ItemSell_TrangNgoc/ngoc2.PNG,1331,.png,ItemSell_TrangNgoc,e26e33cff2bb5f54f405b415a494118d3ae1f6c3b9e54b3712f2ccebf682cd38,normal
ItemSell_TrangNgoc/ngoc3.PNG,1155,.png,ItemSell_TrangNgoc,d81d77c8e346da3d4fbdf3861a6f7f95253b0639447c9597c8dae19c78e5a377,normal
ItemSell_TrangNgoc/ngoc4.PNG,1474,.png,ItemSell_TrangNgoc,9af69319749c3daeef9474175019781d75bf627e2d747bc31ed3547dc53df5c5,normal
ItemSell_TrangNgoc/ngoc5.PNG,1655,.png,ItemSell_TrangNgoc,350ef3bab48e42258002cc96da3f8325abfb416a0e37d830117a3580b8f43373,normal
ItemSell_TrangNgoc/ngoc6.PNG,1555,.png,ItemSell_TrangNgoc,6fb5e802587efa1d95b9e7afdae3db193915c7bbaf9f6abe72faf7ddeb3d59e3,normal
ItemSell_TrangNgoc/ngoc7.PNG,1220,.png,ItemSell_TrangNgoc,77d1ae98f363ff3b18666163fea097f30a5fb948f50b9046d2dcc5f57f7a6e17,normal
ItemSell_TrangNgoc/ngoc8.PNG,1232,.png,ItemSell_TrangNgoc,0c35c4032ceabc5db48237505c3a150ba573e08de8cc79cc430afa6e20a6a307,normal
ItemSell_TrangNgoc/ngoc9.PNG,1353,.png,ItemSell_TrangNgoc,3c918bf63fbeb0e0dd0c81bf3ed467da9baab40823b2b1050a179920274d9112,normal
ItemSell_TrangVatPham/#U0111a1.PNG,3360,.png,ItemSell_TrangVatPham,4be72deb54ebf6f597d872e48963ce77319599cd41310f8a6a627e0723a7b105,normal
"ItemSell_TrangVatPham/,m5.PNG",2679,.png,ItemSell_TrangVatPham,cf42ff1fd60ee7bd8b3ec3a949e40c16bf5f2caabe33baeef64f35fc6fcc0372,normal
ItemSell_TrangVatPham/1 - Copy.PNG,2262,.png,ItemSell_TrangVatPham,21ed05baca2c723e3926e331c9b6ccbf6a7763fc44dc27696983f5a964bca609,normal
ItemSell_TrangVatPham/1.PNG,2262,.png,ItemSell_TrangVatPham,21ed05baca2c723e3926e331c9b6ccbf6a7763fc44dc27696983f5a964bca609,normal
ItemSell_TrangVatPham/10 - Copy.PNG,2243,.png,ItemSell_TrangVatPham,4de7e12f0f57931893378fcf6d1284d742b7fc42bacf697ea8fbe9468ac68357,normal
ItemSell_TrangVatPham/10.PNG,2243,.png,ItemSell_TrangVatPham,4de7e12f0f57931893378fcf6d1284d742b7fc42bacf697ea8fbe9468ac68357,normal
ItemSell_TrangVatPham/100 - Copy.PNG,2497,.png,ItemSell_TrangVatPham,1d135f6cf9704ddf2b0fc5c06275128df043294c964bba0cd1c91dc25887d245,normal
ItemSell_TrangVatPham/100.PNG,2497,.png,ItemSell_TrangVatPham,1d135f6cf9704ddf2b0fc5c06275128df043294c964bba0cd1c91dc25887d245,normal
ItemSell_TrangVatPham/101 - Copy.PNG,2436,.png,ItemSell_TrangVatPham,f3be74d822c945d3a8a471de67dfefe0506cb6d6d69271bb810a1d6e58b9e7ff,normal
ItemSell_TrangVatPham/101.PNG,2436,.png,ItemSell_TrangVatPham,f3be74d822c945d3a8a471de67dfefe0506cb6d6d69271bb810a1d6e58b9e7ff,normal
ItemSell_TrangVatPham/102 - Copy.PNG,2767,.png,ItemSell_TrangVatPham,7e7a154db05876723e30bf1b509bbb38922922658ae4d736691a50f65b0aad28,normal
ItemSell_TrangVatPham/102.PNG,2767,.png,ItemSell_TrangVatPham,7e7a154db05876723e30bf1b509bbb38922922658ae4d736691a50f65b0aad28,normal
ItemSell_TrangVatPham/103 - Copy.PNG,2142,.png,ItemSell_TrangVatPham,9472932d71e8c308a009a5a2966017276a6bb356c42b540bc4cd5d5636d2cd9a,normal
ItemSell_TrangVatPham/103.PNG,2142,.png,ItemSell_TrangVatPham,9472932d71e8c308a009a5a2966017276a6bb356c42b540bc4cd5d5636d2cd9a,normal
ItemSell_TrangVatPham/104 - Copy.PNG,2141,.png,ItemSell_TrangVatPham,ccf92464d735a3268068f688b34fd71ce1c5345d56018acee361eced305b63f4,normal
ItemSell_TrangVatPham/104.PNG,2141,.png,ItemSell_TrangVatPham,ccf92464d735a3268068f688b34fd71ce1c5345d56018acee361eced305b63f4,normal
ItemSell_TrangVatPham/105 - Copy.PNG,2167,.png,ItemSell_TrangVatPham,769126f4cd9c2f5af84a8ae4f6fe46d842bbf363b3374d7c9cf28cff5ad81d1f,normal
ItemSell_TrangVatPham/105.PNG,2167,.png,ItemSell_TrangVatPham,769126f4cd9c2f5af84a8ae4f6fe46d842bbf363b3374d7c9cf28cff5ad81d1f,normal
ItemSell_TrangVatPham/106 - Copy.PNG,2056,.png,ItemSell_TrangVatPham,6f994f7228d111e0c2fdd1005f0c790c5c408ae308496c16cc6d70374375ee77,normal
ItemSell_TrangVatPham/106.PNG,2056,.png,ItemSell_TrangVatPham,6f994f7228d111e0c2fdd1005f0c790c5c408ae308496c16cc6d70374375ee77,normal
ItemSell_TrangVatPham/107 - Copy.PNG,2106,.png,ItemSell_TrangVatPham,14d9bfd69780aee2387f2decdb1f3ccd1692938c7da741add8573aad46a4b4f2,normal
ItemSell_TrangVatPham/107.PNG,2106,.png,ItemSell_TrangVatPham,14d9bfd69780aee2387f2decdb1f3ccd1692938c7da741add8573aad46a4b4f2,normal
ItemSell_TrangVatPham/108 - Copy.PNG,2255,.png,ItemSell_TrangVatPham,4f3ce70a9a1b3650e63b7f69b1d71fe9018277dab2bd0220a8cfeacf9f6277e6,normal
ItemSell_TrangVatPham/108.PNG,2255,.png,ItemSell_TrangVatPham,4f3ce70a9a1b3650e63b7f69b1d71fe9018277dab2bd0220a8cfeacf9f6277e6,normal
ItemSell_TrangVatPham/109 - Copy.PNG,2115,.png,ItemSell_TrangVatPham,3ef1aeaeea8aa27e35f623cef88e7af71238d35860da6df5288e1c8515c06ad4,normal
ItemSell_TrangVatPham/109.PNG,2115,.png,ItemSell_TrangVatPham,3ef1aeaeea8aa27e35f623cef88e7af71238d35860da6df5288e1c8515c06ad4,normal
ItemSell_TrangVatPham/11 - Copy.PNG,1718,.png,ItemSell_TrangVatPham,0245ea82ce4383b9a9cfc283979a963e8d0e2967f96a855e3d7e2f3a16ad970a,normal
ItemSell_TrangVatPham/11.PNG,1718,.png,ItemSell_TrangVatPham,0245ea82ce4383b9a9cfc283979a963e8d0e2967f96a855e3d7e2f3a16ad970a,normal
ItemSell_TrangVatPham/110 - Copy.PNG,2447,.png,ItemSell_TrangVatPham,848864ca457dd7b756705691ed480b934091557aa50945b20ad0448346b643ab,normal
ItemSell_TrangVatPham/110.PNG,2447,.png,ItemSell_TrangVatPham,848864ca457dd7b756705691ed480b934091557aa50945b20ad0448346b643ab,normal
ItemSell_TrangVatPham/111 - Copy.PNG,2470,.png,ItemSell_TrangVatPham,e42b8b270bd679ac967d6bf367d1157b26c4371c8f84c5b551a0c7cda73808a1,normal
ItemSell_TrangVatPham/111.PNG,2470,.png,ItemSell_TrangVatPham,e42b8b270bd679ac967d6bf367d1157b26c4371c8f84c5b551a0c7cda73808a1,normal
ItemSell_TrangVatPham/112 - Copy.PNG,2524,.png,ItemSell_TrangVatPham,74c415992f1bee66c40be154e4aeec179352b658dc094f3edec8d8234344bef9,normal
ItemSell_TrangVatPham/112.PNG,2524,.png,ItemSell_TrangVatPham,74c415992f1bee66c40be154e4aeec179352b658dc094f3edec8d8234344bef9,normal
ItemSell_TrangVatPham/113 - Copy.PNG,2003,.png,ItemSell_TrangVatPham,5610128804f898d73cfacc2e003981e323d0d992270bd4998159559e624f522e,normal
ItemSell_TrangVatPham/113.PNG,2003,.png,ItemSell_TrangVatPham,5610128804f898d73cfacc2e003981e323d0d992270bd4998159559e624f522e,normal
ItemSell_TrangVatPham/114 - Copy.PNG,2282,.png,ItemSell_TrangVatPham,9007ddde39db43ab14693d0309172692ec38ab29549575fa8201810fd14f84b9,normal
ItemSell_TrangVatPham/114.PNG,2282,.png,ItemSell_TrangVatPham,9007ddde39db43ab14693d0309172692ec38ab29549575fa8201810fd14f84b9,normal
ItemSell_TrangVatPham/115 - Copy.PNG,2617,.png,ItemSell_TrangVatPham,3915a241d1d74aece6b55746ddf02e6f06328cb33e5aefd59b493afdd035c41d,normal
ItemSell_TrangVatPham/115.PNG,2617,.png,ItemSell_TrangVatPham,3915a241d1d74aece6b55746ddf02e6f06328cb33e5aefd59b493afdd035c41d,normal
ItemSell_TrangVatPham/116 - Copy.PNG,2289,.png,ItemSell_TrangVatPham,ce85dc5e186efd8467cf23711c2f29c468c98aad9edf5cd096e8336d79a6c95e,normal
ItemSell_TrangVatPham/116.PNG,2289,.png,ItemSell_TrangVatPham,ce85dc5e186efd8467cf23711c2f29c468c98aad9edf5cd096e8336d79a6c95e,normal
ItemSell_TrangVatPham/117 - Copy.PNG,1921,.png,ItemSell_TrangVatPham,5834e6ba2f347a938a4fbd78713252108ea6271136d6a15f1d00a8ca90598d99,normal
ItemSell_TrangVatPham/117.PNG,1921,.png,ItemSell_TrangVatPham,5834e6ba2f347a938a4fbd78713252108ea6271136d6a15f1d00a8ca90598d99,normal
ItemSell_TrangVatPham/118 - Copy.PNG,2513,.png,ItemSell_TrangVatPham,e138d0467c9b6855c80c17010e58f13556c51fc6a83013df10dd610154026ee4,normal
ItemSell_TrangVatPham/118.PNG,2513,.png,ItemSell_TrangVatPham,e138d0467c9b6855c80c17010e58f13556c51fc6a83013df10dd610154026ee4,normal
ItemSell_TrangVatPham/119 - Copy.PNG,2232,.png,ItemSell_TrangVatPham,66681922a3c0641853311fd173d40341fcb1b876bac7a6803238644a6fb46752,normal
ItemSell_TrangVatPham/119.PNG,2232,.png,ItemSell_TrangVatPham,66681922a3c0641853311fd173d40341fcb1b876bac7a6803238644a6fb46752,normal
ItemSell_TrangVatPham/12 - Copy.PNG,1820,.png,ItemSell_TrangVatPham,599aa5d3160f228e0d0b13d7edd187ab338c4cafa1ab917ee3e825aac27e1c15,normal
ItemSell_TrangVatPham/12.PNG,1820,.png,ItemSell_TrangVatPham,599aa5d3160f228e0d0b13d7edd187ab338c4cafa1ab917ee3e825aac27e1c15,normal
ItemSell_TrangVatPham/120 - Copy.PNG,2722,.png,ItemSell_TrangVatPham,fc4e4bd106f529c796059fb9dea0f4f087eaf5069b0ea5cc1a43ef77a3424986,normal
ItemSell_TrangVatPham/120.PNG,2722,.png,ItemSell_TrangVatPham,fc4e4bd106f529c796059fb9dea0f4f087eaf5069b0ea5cc1a43ef77a3424986,normal
ItemSell_TrangVatPham/121.PNG,2562,.png,ItemSell_TrangVatPham,2941cd3adeb1526cac058adaa9a189aa92371b16a00309660730e353389fb71e,normal
ItemSell_TrangVatPham/122.PNG,2062,.png,ItemSell_TrangVatPham,66b5e6c6c7fc0918be4ae33d92759157f4ae50a78062e97780f83dbb6ce1684d,normal
ItemSell_TrangVatPham/123.PNG,2703,.png,ItemSell_TrangVatPham,5015081c133213e119384944069eaa494b8b28bf0596d518fa0473d7a51f5263,normal
ItemSell_TrangVatPham/124.PNG,2400,.png,ItemSell_TrangVatPham,015a9b977544f120804df78315ebb713e27778f9076f742d15d4d13bf64873b1,normal
ItemSell_TrangVatPham/125.PNG,2826,.png,ItemSell_TrangVatPham,e6091ffcaadf9e1c406f44dfee827d4208f2d1ac653b3fed8faa001d8b5303d5,normal
ItemSell_TrangVatPham/126.PNG,2391,.png,ItemSell_TrangVatPham,05fc05a2af5c85cfda40eb34625d132048cea49afd561a1fb214b2fda50b415a,normal
ItemSell_TrangVatPham/127.PNG,2263,.png,ItemSell_TrangVatPham,055eaee9576eb88d2d013d944d73944259d22be185bec6f0dd689b63c3e4f82e,normal
ItemSell_TrangVatPham/128.PNG,2949,.png,ItemSell_TrangVatPham,a7be81e407742ee1e4de753ddad41b366e1d518a9d0d45b619a43e6022df0894,normal
ItemSell_TrangVatPham/129.PNG,2919,.png,ItemSell_TrangVatPham,05b203a5adce169689313c69b6255c20d790df9a19a5f41f766dfce52d61d802,normal
ItemSell_TrangVatPham/13 - Copy.PNG,1913,.png,ItemSell_TrangVatPham,7692f64f17189b989251610b2e89493517b87c9dc113b34c7710aafc4fca4fcf,normal
ItemSell_TrangVatPham/13.PNG,1913,.png,ItemSell_TrangVatPham,7692f64f17189b989251610b2e89493517b87c9dc113b34c7710aafc4fca4fcf,normal
ItemSell_TrangVatPham/130.PNG,2291,.png,ItemSell_TrangVatPham,d767ea6a2d7de782aea6387b3b05c43ba7a0b2690e37950961bc5ac1166963f0,normal
ItemSell_TrangVatPham/131.PNG,2476,.png,ItemSell_TrangVatPham,cd47a5a0ffb823aba0e75a5ea6dd401f25bfcfe77891dd963ce6d15d547b9bf8,normal
ItemSell_TrangVatPham/132.PNG,2479,.png,ItemSell_TrangVatPham,12476f891eb4d39b4c031624584de96369d1694e33a449aea909a684771e00fe,normal
ItemSell_TrangVatPham/133.PNG,2482,.png,ItemSell_TrangVatPham,320a397b3b943a0e0685b5271c350a9da7c60d9fb5e88f4f8bc2e7dcb09f670d,normal
ItemSell_TrangVatPham/14 - Copy.PNG,1575,.png,ItemSell_TrangVatPham,798e6c425875c68be0ca73b6b6ee1d55c6c2dc793bfd83c5bcb48cbd4137dcb9,normal
ItemSell_TrangVatPham/14.PNG,1575,.png,ItemSell_TrangVatPham,798e6c425875c68be0ca73b6b6ee1d55c6c2dc793bfd83c5bcb48cbd4137dcb9,normal
ItemSell_TrangVatPham/15 - Copy.PNG,1960,.png,ItemSell_TrangVatPham,ac19ae9d779e228d49f777b448838bf735117a711a0013e45a04970e8f327ddf,normal
ItemSell_TrangVatPham/15.PNG,1960,.png,ItemSell_TrangVatPham,ac19ae9d779e228d49f777b448838bf735117a711a0013e45a04970e8f327ddf,normal
ItemSell_TrangVatPham/16 - Copy.PNG,1538,.png,ItemSell_TrangVatPham,0c3eae57add6d3310e94bfc6160038535c1d2f5535c8f535a5e6a2e1938342a6,normal
ItemSell_TrangVatPham/16.PNG,1538,.png,ItemSell_TrangVatPham,0c3eae57add6d3310e94bfc6160038535c1d2f5535c8f535a5e6a2e1938342a6,normal
ItemSell_TrangVatPham/17 - Copy.PNG,1992,.png,ItemSell_TrangVatPham,665ce7e0a6d85eb56957556553ee99da3e53a607ebb76f8f31d06083358db3b0,normal
ItemSell_TrangVatPham/17.PNG,1992,.png,ItemSell_TrangVatPham,665ce7e0a6d85eb56957556553ee99da3e53a607ebb76f8f31d06083358db3b0,normal
ItemSell_TrangVatPham/18 - Copy.PNG,1794,.png,ItemSell_TrangVatPham,904ce7b796f8790e22fa8e8cd163db54b5cc2e441d27e16f117f05f1c939ee63,normal
ItemSell_TrangVatPham/18.PNG,1794,.png,ItemSell_TrangVatPham,904ce7b796f8790e22fa8e8cd163db54b5cc2e441d27e16f117f05f1c939ee63,normal
ItemSell_TrangVatPham/19 - Copy.PNG,2855,.png,ItemSell_TrangVatPham,6d0acd3a21f6064feb215a0b8cbcb8771062c282bfc5d1125e36ccead6ced7c4,normal
ItemSell_TrangVatPham/19.PNG,2855,.png,ItemSell_TrangVatPham,6d0acd3a21f6064feb215a0b8cbcb8771062c282bfc5d1125e36ccead6ced7c4,normal
ItemSell_TrangVatPham/1q1q1q.PNG,20841,.png,ItemSell_TrangVatPham,0a9469187de661af732f9ab174be6018a6679f7cba3d7dd5c96e63cc0246fd91,normal
ItemSell_TrangVatPham/1q2qe1q.PNG,23482,.png,ItemSell_TrangVatPham,15c991355326098f76ab990ffbff7e61cefec5919f03d5624c46fc02dd26044d,normal
ItemSell_TrangVatPham/2 - Copy.PNG,2066,.png,ItemSell_TrangVatPham,b0bd363a55d37b096dd7274a578c9319a9a6fa00bb71d1f6e1b9328f853e70c4,normal
ItemSell_TrangVatPham/2.PNG,2066,.png,ItemSell_TrangVatPham,b0bd363a55d37b096dd7274a578c9319a9a6fa00bb71d1f6e1b9328f853e70c4,normal
ItemSell_TrangVatPham/20 - Copy.PNG,2736,.png,ItemSell_TrangVatPham,f36891eeba55938bcf84c7c9aa2b7b7add53e83f957badea9078ec0627ad42e2,normal
ItemSell_TrangVatPham/20.PNG,2736,.png,ItemSell_TrangVatPham,f36891eeba55938bcf84c7c9aa2b7b7add53e83f957badea9078ec0627ad42e2,normal
ItemSell_TrangVatPham/21 - Copy.PNG,2349,.png,ItemSell_TrangVatPham,c06e9e1deae7088a2b235b8719ebf32f058477720604a9da398424866406013e,normal
ItemSell_TrangVatPham/21.PNG,2349,.png,ItemSell_TrangVatPham,c06e9e1deae7088a2b235b8719ebf32f058477720604a9da398424866406013e,normal
ItemSell_TrangVatPham/22 - Copy.PNG,2032,.png,ItemSell_TrangVatPham,e56b3dcd3b99ef47c9fc7c324e03b091ed6bc7a2e5e96bbe3ed2edc0cc9ba6d7,normal
ItemSell_TrangVatPham/22.PNG,2032,.png,ItemSell_TrangVatPham,e56b3dcd3b99ef47c9fc7c324e03b091ed6bc7a2e5e96bbe3ed2edc0cc9ba6d7,normal
ItemSell_TrangVatPham/23 - Copy.PNG,2535,.png,ItemSell_TrangVatPham,8b3fe3f4c515eba3efbd1d9b6419f7dc44ec47722fb1aa19046786c09430e3ae,normal
ItemSell_TrangVatPham/23.PNG,2535,.png,ItemSell_TrangVatPham,8b3fe3f4c515eba3efbd1d9b6419f7dc44ec47722fb1aa19046786c09430e3ae,normal
ItemSell_TrangVatPham/24 - Copy.PNG,2501,.png,ItemSell_TrangVatPham,921f5dcfc35f02cf9ea5d36494dfb1c912ed13233cc761318918e3b4f324a185,normal
ItemSell_TrangVatPham/24.PNG,2501,.png,ItemSell_TrangVatPham,921f5dcfc35f02cf9ea5d36494dfb1c912ed13233cc761318918e3b4f324a185,normal
ItemSell_TrangVatPham/25 - Copy.PNG,2267,.png,ItemSell_TrangVatPham,109d29c1712a8af09c47c4832d3186d6757a613760a7c58591d59f5f654bf572,normal
ItemSell_TrangVatPham/25.PNG,2267,.png,ItemSell_TrangVatPham,109d29c1712a8af09c47c4832d3186d6757a613760a7c58591d59f5f654bf572,normal
ItemSell_TrangVatPham/26 - Copy.PNG,1974,.png,ItemSell_TrangVatPham,38372048355002a11470be651fbca5cac3900955d95d38c09f1b6d17c626dcfa,normal
ItemSell_TrangVatPham/26.PNG,1974,.png,ItemSell_TrangVatPham,38372048355002a11470be651fbca5cac3900955d95d38c09f1b6d17c626dcfa,normal
ItemSell_TrangVatPham/27 - Copy.PNG,2310,.png,ItemSell_TrangVatPham,5b14a28f38c4b7b2912a85aedc966935bc64361e21921d6ad99d14b9043ca2c0,normal
ItemSell_TrangVatPham/27.PNG,2310,.png,ItemSell_TrangVatPham,5b14a28f38c4b7b2912a85aedc966935bc64361e21921d6ad99d14b9043ca2c0,normal
ItemSell_TrangVatPham/28 - Copy.PNG,1915,.png,ItemSell_TrangVatPham,c480be3e2c3ad195e6253f19c2216bd2f155d647aabed1a9cc565718ffe08d31,normal
ItemSell_TrangVatPham/28.PNG,1915,.png,ItemSell_TrangVatPham,c480be3e2c3ad195e6253f19c2216bd2f155d647aabed1a9cc565718ffe08d31,normal
ItemSell_TrangVatPham/29 - Copy.PNG,2222,.png,ItemSell_TrangVatPham,ab0e18fcc0a996b3a40df23a1793ef3388ee04ab891cc7966b610807e84049e2,normal
ItemSell_TrangVatPham/29.PNG,2222,.png,ItemSell_TrangVatPham,ab0e18fcc0a996b3a40df23a1793ef3388ee04ab891cc7966b610807e84049e2,normal
ItemSell_TrangVatPham/3 - Copy.PNG,2432,.png,ItemSell_TrangVatPham,83af9fad9adae298e7165d395bd28fbb02c4fc00e2852edf43b73ea2f0cc32ab,normal
ItemSell_TrangVatPham/3.PNG,2432,.png,ItemSell_TrangVatPham,83af9fad9adae298e7165d395bd28fbb02c4fc00e2852edf43b73ea2f0cc32ab,normal
ItemSell_TrangVatPham/30 - Copy.PNG,1689,.png,ItemSell_TrangVatPham,13f03ec5d2389a1c2525d0274a11787ae34f7212da625b54d8d8e0644d282b00,normal
ItemSell_TrangVatPham/30.PNG,1689,.png,ItemSell_TrangVatPham,13f03ec5d2389a1c2525d0274a11787ae34f7212da625b54d8d8e0644d282b00,normal
ItemSell_TrangVatPham/31 - Copy.PNG,2104,.png,ItemSell_TrangVatPham,38aef6e7ca8b18e33d10045e2effb5b9b684269ad7e8fb61dcd4cab967c8b87f,normal
ItemSell_TrangVatPham/31.PNG,2104,.png,ItemSell_TrangVatPham,38aef6e7ca8b18e33d10045e2effb5b9b684269ad7e8fb61dcd4cab967c8b87f,normal
ItemSell_TrangVatPham/32 - Copy.PNG,1876,.png,ItemSell_TrangVatPham,316d12328d6e2ae2e5716920e979e215ae455533289b13ce8f15f2f8ae269820,normal
ItemSell_TrangVatPham/32.PNG,1876,.png,ItemSell_TrangVatPham,316d12328d6e2ae2e5716920e979e215ae455533289b13ce8f15f2f8ae269820,normal
ItemSell_TrangVatPham/33 - Copy.PNG,2424,.png,ItemSell_TrangVatPham,d5b38a5d0709078a909c69b9010c7cad113d380c2e1522209d39884d8a065817,normal
ItemSell_TrangVatPham/33.PNG,2424,.png,ItemSell_TrangVatPham,d5b38a5d0709078a909c69b9010c7cad113d380c2e1522209d39884d8a065817,normal
ItemSell_TrangVatPham/34 - Copy.PNG,2404,.png,ItemSell_TrangVatPham,d707b2019047921fcf1cacd67dac9fdddafb6db5b1d65bfafd6e7fdc8e9e50d0,normal
ItemSell_TrangVatPham/34.PNG,2404,.png,ItemSell_TrangVatPham,d707b2019047921fcf1cacd67dac9fdddafb6db5b1d65bfafd6e7fdc8e9e50d0,normal
ItemSell_TrangVatPham/35 - Copy.PNG,2062,.png,ItemSell_TrangVatPham,f9181c2ce51a0afe3b9b961f21bc95ffcb707e9b3e79c69ca594114dfeb0ec8c,normal
ItemSell_TrangVatPham/35.PNG,2062,.png,ItemSell_TrangVatPham,f9181c2ce51a0afe3b9b961f21bc95ffcb707e9b3e79c69ca594114dfeb0ec8c,normal
ItemSell_TrangVatPham/36 - Copy.PNG,2444,.png,ItemSell_TrangVatPham,fc5fbef67c6a870ea51f8d497433e198c4418c73e6b115d3c943631e13f07ab2,normal
ItemSell_TrangVatPham/36.PNG,2444,.png,ItemSell_TrangVatPham,fc5fbef67c6a870ea51f8d497433e198c4418c73e6b115d3c943631e13f07ab2,normal
ItemSell_TrangVatPham/37 - Copy.PNG,2199,.png,ItemSell_TrangVatPham,fffb86d6c390d899c31dfea2bfe1a1029a342e1c034e281e29f6eb4cb5f6ae67,normal
ItemSell_TrangVatPham/37.PNG,2199,.png,ItemSell_TrangVatPham,fffb86d6c390d899c31dfea2bfe1a1029a342e1c034e281e29f6eb4cb5f6ae67,normal
ItemSell_TrangVatPham/38 - Copy.PNG,2480,.png,ItemSell_TrangVatPham,417c6ca50e60d229abfd17f66c661b5baa257d032b036a5b7045bb20e3e74c01,normal
ItemSell_TrangVatPham/38.PNG,2480,.png,ItemSell_TrangVatPham,417c6ca50e60d229abfd17f66c661b5baa257d032b036a5b7045bb20e3e74c01,normal
ItemSell_TrangVatPham/39 - Copy.PNG,2396,.png,ItemSell_TrangVatPham,8d07db673f47adc18600d973934a65c3cdd485d901b8f41d6efd22067dfb9715,normal
ItemSell_TrangVatPham/39.PNG,2396,.png,ItemSell_TrangVatPham,8d07db673f47adc18600d973934a65c3cdd485d901b8f41d6efd22067dfb9715,normal
ItemSell_TrangVatPham/4 - Copy.PNG,1303,.png,ItemSell_TrangVatPham,8ceecdb425a52da649e863b859610c199b2a2a2f40827afd6855c3abf8b7db75,normal
ItemSell_TrangVatPham/4.PNG,1303,.png,ItemSell_TrangVatPham,8ceecdb425a52da649e863b859610c199b2a2a2f40827afd6855c3abf8b7db75,normal
ItemSell_TrangVatPham/40 - Copy.PNG,1977,.png,ItemSell_TrangVatPham,495671bab7bd15d87b35970f3ea5e14ba33dcac87321b96e5f6bb94fb1f008e6,normal
ItemSell_TrangVatPham/40.PNG,1977,.png,ItemSell_TrangVatPham,495671bab7bd15d87b35970f3ea5e14ba33dcac87321b96e5f6bb94fb1f008e6,normal
ItemSell_TrangVatPham/41 - Copy.PNG,2354,.png,ItemSell_TrangVatPham,80b73c01404a8c276107fee933703648d6938aa39b4002fe12ebc7a9533525fb,normal
ItemSell_TrangVatPham/41.PNG,2354,.png,ItemSell_TrangVatPham,80b73c01404a8c276107fee933703648d6938aa39b4002fe12ebc7a9533525fb,normal
ItemSell_TrangVatPham/42 - Copy.PNG,2797,.png,ItemSell_TrangVatPham,c985cc00b64a0c7de5f06faeab4ffa0cabafb5f5ed1be963f826c8563d01e0d4,normal
ItemSell_TrangVatPham/42.PNG,2797,.png,ItemSell_TrangVatPham,c985cc00b64a0c7de5f06faeab4ffa0cabafb5f5ed1be963f826c8563d01e0d4,normal
ItemSell_TrangVatPham/43 - Copy.PNG,2779,.png,ItemSell_TrangVatPham,0bf8ac261b56ad2489eb202c59fb30120c9ce22fe5deede9c557d635a25a1cd4,normal
ItemSell_TrangVatPham/43.PNG,2779,.png,ItemSell_TrangVatPham,0bf8ac261b56ad2489eb202c59fb30120c9ce22fe5deede9c557d635a25a1cd4,normal
ItemSell_TrangVatPham/44 - Copy.PNG,2218,.png,ItemSell_TrangVatPham,8c7da4358957a5d95e4d742a51534b91b25a0557fe20db46f8acd5f45d7260ba,normal
ItemSell_TrangVatPham/44.PNG,2218,.png,ItemSell_TrangVatPham,8c7da4358957a5d95e4d742a51534b91b25a0557fe20db46f8acd5f45d7260ba,normal
ItemSell_TrangVatPham/45 - Copy.PNG,3296,.png,ItemSell_TrangVatPham,4d87f17db5edc9182081d4d7f4eceffbf7e7bb8369c6a5118e24f758bfa584a1,normal
ItemSell_TrangVatPham/45.PNG,3296,.png,ItemSell_TrangVatPham,4d87f17db5edc9182081d4d7f4eceffbf7e7bb8369c6a5118e24f758bfa584a1,normal
ItemSell_TrangVatPham/46 - Copy.PNG,2518,.png,ItemSell_TrangVatPham,4d7040dbb228f7b5222abb1a754cc2dc2cf5da43691b0d0e7fcc33b29072ad8d,normal
ItemSell_TrangVatPham/46.PNG,2518,.png,ItemSell_TrangVatPham,4d7040dbb228f7b5222abb1a754cc2dc2cf5da43691b0d0e7fcc33b29072ad8d,normal
ItemSell_TrangVatPham/47 - Copy.PNG,1894,.png,ItemSell_TrangVatPham,45175cc5ad121247d4074dc8f05877c47b59c04280f697e0dbbcd5d42067a5a2,normal
ItemSell_TrangVatPham/47.PNG,1894,.png,ItemSell_TrangVatPham,45175cc5ad121247d4074dc8f05877c47b59c04280f697e0dbbcd5d42067a5a2,normal
ItemSell_TrangVatPham/48 - Copy.PNG,2892,.png,ItemSell_TrangVatPham,0dafce563108de395d623349b80f67753559f4b29825e4a9c0f49747d9aee13c,normal
ItemSell_TrangVatPham/48.PNG,2892,.png,ItemSell_TrangVatPham,0dafce563108de395d623349b80f67753559f4b29825e4a9c0f49747d9aee13c,normal
ItemSell_TrangVatPham/49 - Copy.PNG,2776,.png,ItemSell_TrangVatPham,0f43238700d50a44d2f5a934360f7012509ea7526427be2187ad867d2f851e56,normal
ItemSell_TrangVatPham/49.PNG,2776,.png,ItemSell_TrangVatPham,0f43238700d50a44d2f5a934360f7012509ea7526427be2187ad867d2f851e56,normal
ItemSell_TrangVatPham/5 - Copy.PNG,1941,.png,ItemSell_TrangVatPham,a1fb8b4389880b38a5b06c0c79c1d18e2331cb3e20f95ea052b91ba96a600e9b,normal
ItemSell_TrangVatPham/5.PNG,1941,.png,ItemSell_TrangVatPham,a1fb8b4389880b38a5b06c0c79c1d18e2331cb3e20f95ea052b91ba96a600e9b,normal
ItemSell_TrangVatPham/50 - Copy.PNG,2834,.png,ItemSell_TrangVatPham,30a39f62a5cd1e5bf4a01a7efdb82ca42d965242a52a49ea9d4e0e6c9ef98f4f,normal
ItemSell_TrangVatPham/50.PNG,2834,.png,ItemSell_TrangVatPham,30a39f62a5cd1e5bf4a01a7efdb82ca42d965242a52a49ea9d4e0e6c9ef98f4f,normal
ItemSell_TrangVatPham/51 - Copy.PNG,2748,.png,ItemSell_TrangVatPham,0a024d2088afedc945be15a1cb601b9dad7256dea78e0b542d3d01fbc8b92d41,normal
ItemSell_TrangVatPham/51.PNG,2748,.png,ItemSell_TrangVatPham,0a024d2088afedc945be15a1cb601b9dad7256dea78e0b542d3d01fbc8b92d41,normal
ItemSell_TrangVatPham/52 - Copy.PNG,2857,.png,ItemSell_TrangVatPham,9a42ecc0931c12b91d625eca3d174692b3e434ce7de5b0f5eaa687fcb4e9f542,normal
ItemSell_TrangVatPham/52.PNG,2857,.png,ItemSell_TrangVatPham,9a42ecc0931c12b91d625eca3d174692b3e434ce7de5b0f5eaa687fcb4e9f542,normal
ItemSell_TrangVatPham/53 - Copy.PNG,2468,.png,ItemSell_TrangVatPham,bf3b6424ad74c3ac497783a7bde6c78609cd04e5b489e0ad5fe2efec17309330,normal
ItemSell_TrangVatPham/53.PNG,2468,.png,ItemSell_TrangVatPham,bf3b6424ad74c3ac497783a7bde6c78609cd04e5b489e0ad5fe2efec17309330,normal
ItemSell_TrangVatPham/54 - Copy.PNG,2666,.png,ItemSell_TrangVatPham,f933070e4f43a03646d2f6d63a484549c8cd431fccd141883bc31de0d3aa2e26,normal
ItemSell_TrangVatPham/54.PNG,2666,.png,ItemSell_TrangVatPham,f933070e4f43a03646d2f6d63a484549c8cd431fccd141883bc31de0d3aa2e26,normal
ItemSell_TrangVatPham/55 - Copy.PNG,2490,.png,ItemSell_TrangVatPham,6aae848f187f4890d2ddf5fd7ab575c530e84cd02bc309b0752cee68990efcb9,normal
ItemSell_TrangVatPham/55.PNG,2490,.png,ItemSell_TrangVatPham,6aae848f187f4890d2ddf5fd7ab575c530e84cd02bc309b0752cee68990efcb9,normal
ItemSell_TrangVatPham/56 - Copy.PNG,2737,.png,ItemSell_TrangVatPham,80d16766f96770d8263d4080a2beeeb2b3e9404dc76412e5ddc5d4bb46b22f2f,normal
ItemSell_TrangVatPham/56.PNG,2737,.png,ItemSell_TrangVatPham,80d16766f96770d8263d4080a2beeeb2b3e9404dc76412e5ddc5d4bb46b22f2f,normal
ItemSell_TrangVatPham/57 - Copy.PNG,2637,.png,ItemSell_TrangVatPham,077372cffd8babfebef24adcf55cb79ffda2734368be2daf8d4b0b18c43bcfa5,normal
ItemSell_TrangVatPham/57.PNG,2637,.png,ItemSell_TrangVatPham,077372cffd8babfebef24adcf55cb79ffda2734368be2daf8d4b0b18c43bcfa5,normal
ItemSell_TrangVatPham/58 - Copy.PNG,1442,.png,ItemSell_TrangVatPham,06bdadc202ebf8a5dcd66fe0bf286fc13a660c9b388ca7be19dabd11570a2310,normal
ItemSell_TrangVatPham/58.PNG,1442,.png,ItemSell_TrangVatPham,06bdadc202ebf8a5dcd66fe0bf286fc13a660c9b388ca7be19dabd11570a2310,normal
ItemSell_TrangVatPham/59 - Copy.PNG,2176,.png,ItemSell_TrangVatPham,050d22d300e858df5fa4ca97d6abd21556bf40e432ff0fd0212c72d84af48b46,normal
ItemSell_TrangVatPham/59.PNG,2176,.png,ItemSell_TrangVatPham,050d22d300e858df5fa4ca97d6abd21556bf40e432ff0fd0212c72d84af48b46,normal
ItemSell_TrangVatPham/6 - Copy.PNG,1977,.png,ItemSell_TrangVatPham,09bd47091f46d4d82739ea1dc90c03353b44e051848cefa9e206b7ae358deb27,normal
ItemSell_TrangVatPham/6.PNG,1977,.png,ItemSell_TrangVatPham,09bd47091f46d4d82739ea1dc90c03353b44e051848cefa9e206b7ae358deb27,normal
ItemSell_TrangVatPham/60 - Copy.PNG,2183,.png,ItemSell_TrangVatPham,66ccd11c34b39516bfb8d36979f6bee7eab08a721e456444432ecc481f8a2a0a,normal
ItemSell_TrangVatPham/60.PNG,2183,.png,ItemSell_TrangVatPham,66ccd11c34b39516bfb8d36979f6bee7eab08a721e456444432ecc481f8a2a0a,normal
ItemSell_TrangVatPham/61 - Copy.PNG,2647,.png,ItemSell_TrangVatPham,881ee5de3af0d613ce9a0e3137b2acfc51ce64e792c4f8d2ef28fca633289b7e,normal
ItemSell_TrangVatPham/61.PNG,2647,.png,ItemSell_TrangVatPham,881ee5de3af0d613ce9a0e3137b2acfc51ce64e792c4f8d2ef28fca633289b7e,normal
ItemSell_TrangVatPham/62 - Copy.PNG,2741,.png,ItemSell_TrangVatPham,902bca8135f09c29649c4da2f49cff91fc61d1c2b1ed35f3efe7c5231f4dd24d,normal
ItemSell_TrangVatPham/62.PNG,2741,.png,ItemSell_TrangVatPham,902bca8135f09c29649c4da2f49cff91fc61d1c2b1ed35f3efe7c5231f4dd24d,normal
ItemSell_TrangVatPham/63 - Copy.PNG,2030,.png,ItemSell_TrangVatPham,ae5a1cd45faefb3c009fe625ff8e039c97c0a0657f7f5400df5dfe23da5050a2,normal
ItemSell_TrangVatPham/63.PNG,2030,.png,ItemSell_TrangVatPham,ae5a1cd45faefb3c009fe625ff8e039c97c0a0657f7f5400df5dfe23da5050a2,normal
ItemSell_TrangVatPham/64 - Copy.PNG,1898,.png,ItemSell_TrangVatPham,4f7b3126da054466eaaed4f0d8bfbbe682c20fad459474cb688a6ef09d75a01d,normal
ItemSell_TrangVatPham/64.PNG,1898,.png,ItemSell_TrangVatPham,4f7b3126da054466eaaed4f0d8bfbbe682c20fad459474cb688a6ef09d75a01d,normal
ItemSell_TrangVatPham/65 - Copy.PNG,2413,.png,ItemSell_TrangVatPham,70a9f636a70203efc8fee7cb64ad1ee578106a7f3c4e394ea10809f2f0691fc3,normal
ItemSell_TrangVatPham/65.PNG,2413,.png,ItemSell_TrangVatPham,70a9f636a70203efc8fee7cb64ad1ee578106a7f3c4e394ea10809f2f0691fc3,normal
ItemSell_TrangVatPham/66 - Copy.PNG,2559,.png,ItemSell_TrangVatPham,d98e672a117528876638ef4826cc5e47d77a8a9ce78761da5050776e7559a1ac,normal
ItemSell_TrangVatPham/66.PNG,2559,.png,ItemSell_TrangVatPham,d98e672a117528876638ef4826cc5e47d77a8a9ce78761da5050776e7559a1ac,normal
ItemSell_TrangVatPham/67 - Copy.PNG,1943,.png,ItemSell_TrangVatPham,22c6c5be2cf1b1b9a039f5db24611ae3054b341264e51b85a94587317951a7f5,normal
ItemSell_TrangVatPham/67.PNG,1943,.png,ItemSell_TrangVatPham,22c6c5be2cf1b1b9a039f5db24611ae3054b341264e51b85a94587317951a7f5,normal
ItemSell_TrangVatPham/68 - Copy.PNG,1679,.png,ItemSell_TrangVatPham,a3ca3b9e6c26dabe22b8a130818947ab445bb03f0db931eac890bac4305e4002,normal
ItemSell_TrangVatPham/68.PNG,1679,.png,ItemSell_TrangVatPham,a3ca3b9e6c26dabe22b8a130818947ab445bb03f0db931eac890bac4305e4002,normal
ItemSell_TrangVatPham/69 - Copy.PNG,2543,.png,ItemSell_TrangVatPham,0eb3620bc491e38267a3d437671045cb2f330d881094b09835f9fb72a629d6ec,normal
ItemSell_TrangVatPham/69.PNG,2543,.png,ItemSell_TrangVatPham,0eb3620bc491e38267a3d437671045cb2f330d881094b09835f9fb72a629d6ec,normal
ItemSell_TrangVatPham/7 - Copy.PNG,1786,.png,ItemSell_TrangVatPham,42ca89bb88972e48747534e7b24dd4c987c311d95c202b73e4fe2a9ba73f29c6,normal
ItemSell_TrangVatPham/7.PNG,1786,.png,ItemSell_TrangVatPham,42ca89bb88972e48747534e7b24dd4c987c311d95c202b73e4fe2a9ba73f29c6,normal
ItemSell_TrangVatPham/70 - Copy.PNG,2383,.png,ItemSell_TrangVatPham,5769bed9f342938c38ba8a587db4bce84bf3dce892554748161eb5fdb95b38a2,normal
ItemSell_TrangVatPham/70.PNG,2383,.png,ItemSell_TrangVatPham,5769bed9f342938c38ba8a587db4bce84bf3dce892554748161eb5fdb95b38a2,normal
ItemSell_TrangVatPham/71 - Copy.PNG,2533,.png,ItemSell_TrangVatPham,745719bb669bab9381beea4811a47f939016e018419cfacecd49b904d2db54cd,normal
ItemSell_TrangVatPham/71.PNG,2533,.png,ItemSell_TrangVatPham,745719bb669bab9381beea4811a47f939016e018419cfacecd49b904d2db54cd,normal
ItemSell_TrangVatPham/72 - Copy.PNG,2189,.png,ItemSell_TrangVatPham,087c8bec2b4a0f721c967ccfc8f4a60a4b826862fbc8bf477be191a0143ec32a,normal
ItemSell_TrangVatPham/72.PNG,2189,.png,ItemSell_TrangVatPham,087c8bec2b4a0f721c967ccfc8f4a60a4b826862fbc8bf477be191a0143ec32a,normal
ItemSell_TrangVatPham/73 - Copy.PNG,2656,.png,ItemSell_TrangVatPham,abcec24937500b5b16fe7b659b157d8368577f25768e4b012601cbeba16f754c,normal
ItemSell_TrangVatPham/73.PNG,2656,.png,ItemSell_TrangVatPham,abcec24937500b5b16fe7b659b157d8368577f25768e4b012601cbeba16f754c,normal
ItemSell_TrangVatPham/75 - Copy.PNG,1901,.png,ItemSell_TrangVatPham,a72670bd074b4bb92de21704b329913e422ffdb64db08683329aa19d8a31f3a6,normal
ItemSell_TrangVatPham/75.PNG,1901,.png,ItemSell_TrangVatPham,a72670bd074b4bb92de21704b329913e422ffdb64db08683329aa19d8a31f3a6,normal
ItemSell_TrangVatPham/76 - Copy.PNG,1877,.png,ItemSell_TrangVatPham,e44af465beb44b224d60e0a331221f0a6b40de5e07d279764a21031f59798813,normal
ItemSell_TrangVatPham/76.PNG,1877,.png,ItemSell_TrangVatPham,e44af465beb44b224d60e0a331221f0a6b40de5e07d279764a21031f59798813,normal
ItemSell_TrangVatPham/77 - Copy.PNG,1767,.png,ItemSell_TrangVatPham,0ef2616a307c1a349f8abbb99bfb4940c31e58f83d539094b2bcca49e9253232,normal
ItemSell_TrangVatPham/77.PNG,1767,.png,ItemSell_TrangVatPham,0ef2616a307c1a349f8abbb99bfb4940c31e58f83d539094b2bcca49e9253232,normal
ItemSell_TrangVatPham/78 - Copy.PNG,1209,.png,ItemSell_TrangVatPham,9b265238e603aad8932115cb9fb1d55dfcfcae70749210cdbd0dc2a6b82a6c39,normal
ItemSell_TrangVatPham/78.PNG,1209,.png,ItemSell_TrangVatPham,9b265238e603aad8932115cb9fb1d55dfcfcae70749210cdbd0dc2a6b82a6c39,normal
ItemSell_TrangVatPham/79 - Copy.PNG,1995,.png,ItemSell_TrangVatPham,c42121a7b372d0a176eb9896e0493feb8e7873fbff03caca47fb791e57807ef9,normal
ItemSell_TrangVatPham/79.PNG,1995,.png,ItemSell_TrangVatPham,c42121a7b372d0a176eb9896e0493feb8e7873fbff03caca47fb791e57807ef9,normal
ItemSell_TrangVatPham/8 - Copy.PNG,1663,.png,ItemSell_TrangVatPham,89595a88b7b090023ac7a9d3925984f556a412d7414604e24077da4e0f8b5977,normal
ItemSell_TrangVatPham/8.PNG,1663,.png,ItemSell_TrangVatPham,89595a88b7b090023ac7a9d3925984f556a412d7414604e24077da4e0f8b5977,normal
ItemSell_TrangVatPham/81 - Copy.PNG,2168,.png,ItemSell_TrangVatPham,282b4009534c3e0a13d27b2bb417bc533ccb3ac1ef0bdd68860fb784c258913f,normal
ItemSell_TrangVatPham/81.PNG,2168,.png,ItemSell_TrangVatPham,282b4009534c3e0a13d27b2bb417bc533ccb3ac1ef0bdd68860fb784c258913f,normal
ItemSell_TrangVatPham/82 - Copy.PNG,2175,.png,ItemSell_TrangVatPham,d161d71d7349e66694e5702b302e628344b7628ee62de69916fff6caa1e4fb0f,normal
ItemSell_TrangVatPham/82.PNG,2175,.png,ItemSell_TrangVatPham,d161d71d7349e66694e5702b302e628344b7628ee62de69916fff6caa1e4fb0f,normal
ItemSell_TrangVatPham/83 - Copy.PNG,1963,.png,ItemSell_TrangVatPham,f87206d2bdcee85b23db2b52cb80a1c7fb796b51d02a70a1c09915c75ede5e00,normal
ItemSell_TrangVatPham/83.PNG,1963,.png,ItemSell_TrangVatPham,f87206d2bdcee85b23db2b52cb80a1c7fb796b51d02a70a1c09915c75ede5e00,normal
ItemSell_TrangVatPham/84 - Copy.PNG,2140,.png,ItemSell_TrangVatPham,99e500e6d680ce50ccc3f3b931410b12dd87f6c8cdacc5dc840cbd301bff44d3,normal
ItemSell_TrangVatPham/84.PNG,2140,.png,ItemSell_TrangVatPham,99e500e6d680ce50ccc3f3b931410b12dd87f6c8cdacc5dc840cbd301bff44d3,normal
ItemSell_TrangVatPham/85 - Copy.PNG,2464,.png,ItemSell_TrangVatPham,c0adedfa55bad13e549ec528109fa94ea389915abc16b38f9724a3349dfd7d3a,normal
ItemSell_TrangVatPham/85.PNG,2464,.png,ItemSell_TrangVatPham,c0adedfa55bad13e549ec528109fa94ea389915abc16b38f9724a3349dfd7d3a,normal
ItemSell_TrangVatPham/86 - Copy.PNG,2043,.png,ItemSell_TrangVatPham,737d46845cefc523196a55f54c58a13ef78fd0864850cccb9fc60a809e4b36a2,normal
ItemSell_TrangVatPham/86.PNG,2043,.png,ItemSell_TrangVatPham,737d46845cefc523196a55f54c58a13ef78fd0864850cccb9fc60a809e4b36a2,normal
ItemSell_TrangVatPham/87 - Copy.PNG,2452,.png,ItemSell_TrangVatPham,18a8a59478514a2ebefd63cc4d6f0deb32c67199239c58d24d021daaea6b163e,normal
ItemSell_TrangVatPham/87.PNG,2452,.png,ItemSell_TrangVatPham,18a8a59478514a2ebefd63cc4d6f0deb32c67199239c58d24d021daaea6b163e,normal
ItemSell_TrangVatPham/88 - Copy.PNG,1799,.png,ItemSell_TrangVatPham,9d8738145010ee5613e1250000ac5569e083414a81dfbad465b7f5ad51976bc5,normal
ItemSell_TrangVatPham/88.PNG,1799,.png,ItemSell_TrangVatPham,9d8738145010ee5613e1250000ac5569e083414a81dfbad465b7f5ad51976bc5,normal
ItemSell_TrangVatPham/89 - Copy.PNG,2563,.png,ItemSell_TrangVatPham,17880971c4338a12f2b9c392884b5e7299d34ab4a9b13a89f1b1fda882965541,normal
ItemSell_TrangVatPham/89.PNG,2563,.png,ItemSell_TrangVatPham,17880971c4338a12f2b9c392884b5e7299d34ab4a9b13a89f1b1fda882965541,normal
ItemSell_TrangVatPham/9 - Copy.PNG,1949,.png,ItemSell_TrangVatPham,728fe6f6f58bfb2c2db36b680b432c47cea2f8178a07f3d722fee5edb95ea879,normal
ItemSell_TrangVatPham/9.PNG,1949,.png,ItemSell_TrangVatPham,728fe6f6f58bfb2c2db36b680b432c47cea2f8178a07f3d722fee5edb95ea879,normal
ItemSell_TrangVatPham/90 - Copy.PNG,2574,.png,ItemSell_TrangVatPham,3a00008c70ed29831747a9aac053479370d31533dfc344938c7f1e2ed704e8fc,normal
ItemSell_TrangVatPham/90.PNG,2574,.png,ItemSell_TrangVatPham,3a00008c70ed29831747a9aac053479370d31533dfc344938c7f1e2ed704e8fc,normal
ItemSell_TrangVatPham/91 - Copy.PNG,1629,.png,ItemSell_TrangVatPham,f98109477e62f11e19a03dc616ed21313e027e2dd748a945b5e7f8f1c9e1468e,normal
ItemSell_TrangVatPham/91.PNG,1629,.png,ItemSell_TrangVatPham,f98109477e62f11e19a03dc616ed21313e027e2dd748a945b5e7f8f1c9e1468e,normal
ItemSell_TrangVatPham/92 - Copy.PNG,2290,.png,ItemSell_TrangVatPham,4bd72d499ab0073951bb974e1e73087d228c81646f6b7da5214c2c297c52c1a9,normal
ItemSell_TrangVatPham/92.PNG,2290,.png,ItemSell_TrangVatPham,4bd72d499ab0073951bb974e1e73087d228c81646f6b7da5214c2c297c52c1a9,normal
ItemSell_TrangVatPham/93 - Copy.PNG,2515,.png,ItemSell_TrangVatPham,824a245f770ac3b5cc8f2bea888c246583c8a6195e6a352b269f32abe813ee85,normal
ItemSell_TrangVatPham/93.PNG,2515,.png,ItemSell_TrangVatPham,824a245f770ac3b5cc8f2bea888c246583c8a6195e6a352b269f32abe813ee85,normal
ItemSell_TrangVatPham/94 - Copy.PNG,1646,.png,ItemSell_TrangVatPham,43ac6486b80718df587fafd106854f49988a4c02e52bba482cb8f3ea13e75be1,normal
ItemSell_TrangVatPham/94.PNG,1646,.png,ItemSell_TrangVatPham,43ac6486b80718df587fafd106854f49988a4c02e52bba482cb8f3ea13e75be1,normal
ItemSell_TrangVatPham/95 - Copy.PNG,1948,.png,ItemSell_TrangVatPham,49a90118cfd7a0869569af8f0836fc07ad5125e9fdc041b6f1f28784e1efa951,normal
ItemSell_TrangVatPham/95.PNG,1948,.png,ItemSell_TrangVatPham,49a90118cfd7a0869569af8f0836fc07ad5125e9fdc041b6f1f28784e1efa951,normal
ItemSell_TrangVatPham/96 - Copy.PNG,1983,.png,ItemSell_TrangVatPham,b6ad45f6265c46a3eeb78229c79e4f9f181e1885d70f68749d1f8849ce930236,normal
ItemSell_TrangVatPham/96.PNG,1983,.png,ItemSell_TrangVatPham,b6ad45f6265c46a3eeb78229c79e4f9f181e1885d70f68749d1f8849ce930236,normal
ItemSell_TrangVatPham/97 - Copy.PNG,2345,.png,ItemSell_TrangVatPham,a9ae4eac506e1e219263e0ee6c83e63fc1f0d0143a47e7c52ca5019d5fb71dce,normal
ItemSell_TrangVatPham/97.PNG,2345,.png,ItemSell_TrangVatPham,a9ae4eac506e1e219263e0ee6c83e63fc1f0d0143a47e7c52ca5019d5fb71dce,normal
ItemSell_TrangVatPham/98 - Copy.PNG,2428,.png,ItemSell_TrangVatPham,b9ca44eec20524108c3328fbc6a21cbce0d02203fe242a0bddda658ce1c29b32,normal
ItemSell_TrangVatPham/98.PNG,2428,.png,ItemSell_TrangVatPham,b9ca44eec20524108c3328fbc6a21cbce0d02203fe242a0bddda658ce1c29b32,normal
ItemSell_TrangVatPham/99 - Copy.PNG,2711,.png,ItemSell_TrangVatPham,0972ea7d7e98af25ac87b395236f8424c1781fc867bc53baccbe3f4b1d7673a2,normal
ItemSell_TrangVatPham/99.PNG,2711,.png,ItemSell_TrangVatPham,0972ea7d7e98af25ac87b395236f8424c1781fc867bc53baccbe3f4b1d7673a2,normal
ItemSell_TrangVatPham/Capture.PNG023e.PNG,2729,.png,ItemSell_TrangVatPham,fda7ef6224bd13c9480a9daf32a806d783c7981b5c106d58a67e9b0ebd5e2f3c,normal
ItemSell_TrangVatPham/Capture.PNG100gg.PNG,1829,.png,ItemSell_TrangVatPham,bf3d40e08d5a0df3e7aa860b6cfd91af562f79788770038c763ce0594729ed66,normal
ItemSell_TrangVatPham/Capture.PNG11da.PNG,1896,.png,ItemSell_TrangVatPham,bcf36123160ba416c285fa93b965fb5c78d345063faf41932512d221c4c3c11e,normal
ItemSell_TrangVatPham/Capture.PNG2aa.PNG,1529,.png,ItemSell_TrangVatPham,ae1f682fd2f246b96fcc7dc0f715a0e618d807700402095acf4bb72e02ec72e9,normal
ItemSell_TrangVatPham/Capture.PNG3bb.PNG,2284,.png,ItemSell_TrangVatPham,2b5637e4506f0d9053d9e7ccc04953577021abc3436036887bfcadff4a843c64,normal
ItemSell_TrangVatPham/Capture.PNG3xvv.PNG,1984,.png,ItemSell_TrangVatPham,2a3f34be81ff2c3d2db0c1f09a2c5cceaf6e6dd810975dc088525ab0fcc49102,normal
ItemSell_TrangVatPham/Capture.PNG418m.PNG,2446,.png,ItemSell_TrangVatPham,956d263897ed347b00c543bf49b3b20344e74854d62e4f0bb1428f5d30a9f21b,normal
ItemSell_TrangVatPham/Capture.PNG4zxa.PNG,1466,.png,ItemSell_TrangVatPham,2ea729ab9cebf286993f8733ab0dcd5b2d0302e3346501c7de6615ba40b1c1f8,normal
ItemSell_TrangVatPham/Capture.PNG548mnd.PNG,1908,.png,ItemSell_TrangVatPham,ac8f53de6b87ad7afa0484cb0eb3ff778a85032aa34b3de60b3ae0f3cd76b8b2,normal
ItemSell_TrangVatPham/Capture.PNG55ms.PNG,2080,.png,ItemSell_TrangVatPham,bbd3cb1ce3f235c99562e04a44f7d5750847737d45fff5f5424a889adef145b1,normal
ItemSell_TrangVatPham/Capture.PNG5bvbv.PNG,2397,.png,ItemSell_TrangVatPham,b1ed8b0ad9374366aa9234c2261986d1268bd421cbaee702fda3f949acb80128,normal
ItemSell_TrangVatPham/Capture.PNG5nzz.PNG,2188,.png,ItemSell_TrangVatPham,b84305f3571913cf53eb5595f601d8db688a8b599fb2cb2e50a8ef1341ba94b3,normal
ItemSell_TrangVatPham/Capture.PNG62xc.PNG,2097,.png,ItemSell_TrangVatPham,a33a818f8321f1814fd418864e427bfecb181456829bd08d2c39d54bf86661f1,normal
ItemSell_TrangVatPham/Capture.PNG677m.PNG,2220,.png,ItemSell_TrangVatPham,2e7f250769790923bc5146924a44d87d972b26564e4a518feb64bcc0c8d324ca,normal
ItemSell_TrangVatPham/Capture.PNG6mm0.PNG,2369,.png,ItemSell_TrangVatPham,d743797c06298b21166cce79ac35783b35754ee2bffb58f8fff0c26ce5053e4a,normal
ItemSell_TrangVatPham/Capture.PNG704h.PNG,2032,.png,ItemSell_TrangVatPham,8f3b4f284f3e58bbf93e230f45339d0a727e0db4327e97dbbd46a6319559d95e,normal
ItemSell_TrangVatPham/Capture.PNG742f.PNG,2204,.png,ItemSell_TrangVatPham,b5459bd4dee1ae6f69469a520831a39bb9945cfe015b37b5b49ed1e271a05ad2,normal
ItemSell_TrangVatPham/Capture.PNGfyc.PNG,2401,.png,ItemSell_TrangVatPham,8f9357032f4b05257e4e1cea4cfcfa44eea58d786532b5987a671fbb56eac924,normal
ItemSell_TrangVatPham/a1.PNG,2514,.png,ItemSell_TrangVatPham,70952a0461ddbfd1f76819cb19b6017d53772701f8aeab6e8a93801536936ffe,normal
ItemSell_TrangVatPham/aac1.PNG,2351,.png,ItemSell_TrangVatPham,b471a956db1ccc6a4ccacfc60ae9ce0333331667f95415357e5d3ca2a5a6cd0b,normal
ItemSell_TrangVatPham/avav2.PNG,1830,.png,ItemSell_TrangVatPham,dc8589f1104d53010b9bcd0737bab084996ea6d57fd59bd3009856853831b929,normal
ItemSell_TrangVatPham/b1.PNG,3074,.png,ItemSell_TrangVatPham,eefc44645ec7e927b3fa95b7f5bb8482f40f2de26fd25b8516590b8b59169dd9,normal
ItemSell_TrangVatPham/b2.PNG,2055,.png,ItemSell_TrangVatPham,2ec8f24a54fd6d5e102b69f46bf995ddac1df665a5d5efabea6f89a8d137702e,normal
ItemSell_TrangVatPham/b3.PNG,2316,.png,ItemSell_TrangVatPham,09c0f3f5b4252329cf4fa1efa869ae981e87fc0ce6f62e17c36ee1d2598d034c,normal
ItemSell_TrangVatPham/b4.PNG,2716,.png,ItemSell_TrangVatPham,0571166c02813f2d69b8f95f6d92221836e7fbc6d318949d0d03592c5c8da047,normal
ItemSell_TrangVatPham/bb3.PNG,2628,.png,ItemSell_TrangVatPham,e7f4250f2a88eb1571092e539b3b2a7f7661dc644da89185e481ecede3324157,normal
ItemSell_TrangVatPham/bbn1.PNG,2732,.png,ItemSell_TrangVatPham,371a1799e6cab6a770e946d84dacc983353bee5e12c1c0175e7edf9d5e9e1a33,normal
ItemSell_TrangVatPham/c1.PNG,1325,.png,ItemSell_TrangVatPham,2baeb905ccc07bba6e69d9fb4d5b5f3bf8991cb30d0b2c861eaa538b2020dddc,normal
ItemSell_TrangVatPham/c10.PNG,1075,.png,ItemSell_TrangVatPham,39b8c78e0ec9912b37970cdb74925640fe52c2992072e7d7a053ad4c484fc5f2,normal
ItemSell_TrangVatPham/c11.PNG,1459,.png,ItemSell_TrangVatPham,1f269746019e275a0bd2d13d0f8232e4c3f5515b841a4520e3f01b411d8da34d,normal
ItemSell_TrangVatPham/c12.PNG,1586,.png,ItemSell_TrangVatPham,86b7f2ce39be42134d4c6cd055097185fae9b12e29c9e04df6db402090d17216,normal
ItemSell_TrangVatPham/c13.PNG,1767,.png,ItemSell_TrangVatPham,8d6c0f72fbe9d2400be305e720bd787ceb54287ce6b7699cfd1d05166c92c944,normal
ItemSell_TrangVatPham/c14.PNG,1801,.png,ItemSell_TrangVatPham,24dfa68faab75f56b443ef5c8976cfb1baeb43ef12808f39d5b92aac3bbb0ae4,normal
ItemSell_TrangVatPham/c15.PNG,1424,.png,ItemSell_TrangVatPham,c9824a5e664b3b06f704dd39323f508fbeb2b0096ad8dad6f0329cb97e1d9e3c,normal
ItemSell_TrangVatPham/c16.PNG,1104,.png,ItemSell_TrangVatPham,e582517646e11e23a185cec3b66e1d7dd4539b11470a915bc9b7ebe6be85f997,normal
ItemSell_TrangVatPham/c17.PNG,1334,.png,ItemSell_TrangVatPham,a055cd6467d687846de903ad6a41c89db3786b5eb25aba6687c8c9a7bd51b905,normal
ItemSell_TrangVatPham/c18.PNG,1212,.png,ItemSell_TrangVatPham,2bd2b3c65443ad007fa94459e3d170e1d5d2c118134f00ee1127b8a6bf281847,normal
ItemSell_TrangVatPham/c19.PNG,1323,.png,ItemSell_TrangVatPham,09991a989f2c8439245d49b4763de605cef7908239429ff4af138c92eece6021,normal
ItemSell_TrangVatPham/c2.PNG,1322,.png,ItemSell_TrangVatPham,d1f714ba81bd7b697a6398b725622405f02eac47843e3278822e8051c633f086,normal
ItemSell_TrangVatPham/c20.PNG,1422,.png,ItemSell_TrangVatPham,888a54a53ae2daf3f4ad13a19e6c2a6fae7de6c3255460c1cae40a2a11d4c043,normal
ItemSell_TrangVatPham/c3.PNG,1548,.png,ItemSell_TrangVatPham,589805993326f2d09753bc1bb2fbd0916588ab21a7b078e4970ef5f6eceb9af6,normal
ItemSell_TrangVatPham/c4.PNG,1267,.png,ItemSell_TrangVatPham,ea1f5bfadb33d3425c9648308897275beab6dc5ec18caf20766caa5960044098,normal
ItemSell_TrangVatPham/c5.PNG,1413,.png,ItemSell_TrangVatPham,7f9ab88c77f43137c88fb4672b81673bf70a27296bf9c57ec80471332f989ee3,normal
ItemSell_TrangVatPham/c6.PNG,1289,.png,ItemSell_TrangVatPham,86afc3906591a1848be42a87f6819e9bd62dc83cd35bfe155b02200b528c9bd0,normal
ItemSell_TrangVatPham/c7.PNG,1332,.png,ItemSell_TrangVatPham,6643898cff62e9c45d2653f795d54fa62622cfd0fc8ab9e05ca9a43c4b9d577e,normal
ItemSell_TrangVatPham/c8.PNG,1370,.png,ItemSell_TrangVatPham,db022df3e1787052b51985c4ceb488f16c59bf222ebe1746ecc69706ce624e44,normal
ItemSell_TrangVatPham/c9.PNG,1569,.png,ItemSell_TrangVatPham,ab8726c2840e399221f4aab4ab341917617b23236d44aa8676e89dbfa40eb33b,normal
ItemSell_TrangVatPham/cascasc1.PNG,2190,.png,ItemSell_TrangVatPham,9ae08ae0d63d1bf7563408d8a0f28e59f27e36e2ac7bcb6f69994530ddc5ee92,normal
ItemSell_TrangVatPham/cc1.PNG,2700,.png,ItemSell_TrangVatPham,f266b20b9dbe05acb6dfa071a60f826c4458234151614240833e0e935abb2be1,normal
ItemSell_TrangVatPham/ccasc1.PNG,2370,.png,ItemSell_TrangVatPham,00529e1fdcf089e22b9ed5ba7d7f0bf8c7faed41847b9d98837c2c3fe77d1e5d,normal
ItemSell_TrangVatPham/ccascascasc.PNG,2486,.png,ItemSell_TrangVatPham,6b6aa5fca8dc17589a45240e296f69a9108f7c314c26bc7b56c3abf6049a4df0,normal
ItemSell_TrangVatPham/ccc1.PNG,2797,.png,ItemSell_TrangVatPham,e559f6d1b118373fe8c407455bf320c23c7dc0fe24fbf08aead82aea52cb4677,normal
ItemSell_TrangVatPham/cccc1.PNG,2833,.png,ItemSell_TrangVatPham,54d0cb5ac7bb9e316057929d34a68bde2e20cf3026a53121ac48a09e7389c81d,normal
ItemSell_TrangVatPham/cccsacas.PNG,2301,.png,ItemSell_TrangVatPham,ce18efe28fbe85013dc96eb2d2964b7b9181d839d8941e86722e0ff25a25f34e,normal
ItemSell_TrangVatPham/ccqcqcqwc.PNG,2621,.png,ItemSell_TrangVatPham,027672f6cbfd6bf279ba99c9aa57c654f0fe691ff279842ade70d855736a5074,normal
ItemSell_TrangVatPham/ccqcqwc.PNG,2340,.png,ItemSell_TrangVatPham,e328ab4aeecfcc5745a484d191bbd9539c6e7c1b6c3878d7d6eb9231d4bfd163,normal
ItemSell_TrangVatPham/cqcwq1.PNG,1966,.png,ItemSell_TrangVatPham,208c5bddde3ff789bc9d7107e3afb713d7ada184fd17a8aa28109cd06c02f95c,normal
ItemSell_TrangVatPham/cqcwqc.PNG,2142,.png,ItemSell_TrangVatPham,fff1ab8325d3d806f6fc9e6a0fc9feff82ca31f6ea0b6a87b567589053835878,normal
ItemSell_TrangVatPham/cqwcqwcqw.PNG,2603,.png,ItemSell_TrangVatPham,0cc4a00581b2ad8cbaf17b5ba1c434c9b15608e345593f63b8ea131688386b7b,normal
ItemSell_TrangVatPham/cqwcqwcqwc.PNG,2034,.png,ItemSell_TrangVatPham,d6c91e43273096d5fe1070a3de5f216587c86c7f0637cc73b354117678942e9e,normal
ItemSell_TrangVatPham/cqwcwqcwqc.PNG,2196,.png,ItemSell_TrangVatPham,8aad9f09879e2adedb8509a47f48bea2e94ef279216d40fc06238959e0bdcfbb,normal
ItemSell_TrangVatPham/cqwcwqcwqcqwc.PNG,2164,.png,ItemSell_TrangVatPham,ecce3918c627ecf95d353ce3b4312d1b12ae634ec447abb68249f3f33a99b112,normal
ItemSell_TrangVatPham/cqwqcqw1.PNG,2608,.png,ItemSell_TrangVatPham,ec205000680474d741ef32bee53654bf655158da172963ca181d4ea089136d93,normal
ItemSell_TrangVatPham/cvcc1.PNG,2736,.png,ItemSell_TrangVatPham,3fc4ed998afad37f196e647b43800d6c7029fcad7709f8b6196a79cd1130158c,normal
ItemSell_TrangVatPham/cwqcwqcwqcc.PNG,1899,.png,ItemSell_TrangVatPham,bc0e448d46523e0de3411d55410156bebaf93dc5e239b57b9451dc635694f8ce,normal
ItemSell_TrangVatPham/d1d1d1d2.PNG,2284,.png,ItemSell_TrangVatPham,936f1988cc5f67d2e3963dd36784d1bec9166ec536c442e710afaaea140e5fc6,normal
ItemSell_TrangVatPham/dasdasd1.PNG,2099,.png,ItemSell_TrangVatPham,59ee6d2941d37d4389edec8cd84c9ce70bbbcfa51ab19255452662a858c38747,normal
ItemSell_TrangVatPham/dczcdscasc.PNG,2499,.png,ItemSell_TrangVatPham,4f0f4fdc0e4cbf59a603c8ccc4a44714e8032a3f805cc17c91b50434ceb38b30,normal
ItemSell_TrangVatPham/ddddaa1.PNG,20344,.png,ItemSell_TrangVatPham,d3915a136e4fcc3b0e81cd1ae331a5071ebc580e2143b267b5921cf4bcb4bf14,normal
ItemSell_TrangVatPham/ddddd1.PNG,23492,.png,ItemSell_TrangVatPham,fb136fcce7d22c5b754ea13f7e2ccf56937e94d444224129fcd2c77115301db8,normal
ItemSell_TrangVatPham/dddfdf1.PNG,22282,.png,ItemSell_TrangVatPham,a868db63e2a619299bd56dc1afc3f2602955f9efd53fab7be37f6bbd0c4df4bb,normal
ItemSell_TrangVatPham/ddqdwqcqwc.PNG,1938,.png,ItemSell_TrangVatPham,9991856492f099ea7b4814653038a9c745377e6c269231c3da682d5c23220479,normal
ItemSell_TrangVatPham/ddss1.PNG,2577,.png,ItemSell_TrangVatPham,9c5762e08f22e697d52f0d049c6bf2d1238d3ef3022214bb0af3a6ceab7f7fda,normal
ItemSell_TrangVatPham/dqwcqwcqwc.PNG,2076,.png,ItemSell_TrangVatPham,3d948116f2a600f84991ed54742fbafad0e2163c8904666072aae4c66f7cb861,normal
ItemSell_TrangVatPham/dqwd1d.PNG,1596,.png,ItemSell_TrangVatPham,3ef3b4f9ca8a55bceaf7c698a84e11579a6e14de2a1be7554c732ef442b4176e,normal
ItemSell_TrangVatPham/dqwdqwd.PNG,1659,.png,ItemSell_TrangVatPham,6130ad553d239724f87c2cfe3086d4c11799a8776fe3a3768c53346186872859,normal
ItemSell_TrangVatPham/dqwdqwdqwcwcwq.PNG,2603,.png,ItemSell_TrangVatPham,13e1f5cfb941f113a5b64bf29927dbd8d64bda3d3b9ea3b22748b45e61d47611,normal
ItemSell_TrangVatPham/dwqcqcqcq.PNG,2134,.png,ItemSell_TrangVatPham,ee54902a2c9ac028c239bbde7205941cc2d2ad07bb5622140c5d861a1792166e,normal
ItemSell_TrangVatPham/gh31.PNG,2099,.png,ItemSell_TrangVatPham,64797142574e54b6b7181d5f09fccadff4c16d68e6f8e630cb1958d9e25b66ec,normal
ItemSell_TrangVatPham/hg1.PNG,2493,.png,ItemSell_TrangVatPham,ff6a6674ba8ec40b62c7b7d58699fef0ae0434e06f0bf123a0ee987afe27638b,normal
ItemSell_TrangVatPham/m1.PNG,2976,.png,ItemSell_TrangVatPham,e3849a9134ae2eefb2d7ce03376b9f8f2fc2005d8a2f6d732c4021b6148055de,normal
ItemSell_TrangVatPham/m10.PNG,2860,.png,ItemSell_TrangVatPham,09b88200445b36254610532a50997402a34667f54431c59ffb2d9040bd790457,normal
ItemSell_TrangVatPham/m11.PNG,2904,.png,ItemSell_TrangVatPham,3e213c77d221e221561d81746d96c1e40881d8d0b614b2ad633b95a526ab33cf,normal
ItemSell_TrangVatPham/m12.PNG,2982,.png,ItemSell_TrangVatPham,f27ce19e02c1026ec6d24488978f79ec18608d7380edd119650c168e56d658ca,normal
ItemSell_TrangVatPham/m13.PNG,3053,.png,ItemSell_TrangVatPham,2620c08f1fa8961e0b259a4933857eb01e713603beb9526e06f0ef7368c8ea7d,normal
ItemSell_TrangVatPham/m14.PNG,2921,.png,ItemSell_TrangVatPham,6783e19cf4764bc84a6c4635e35b9f91d50583d125b6c364ded7370330fb0b77,normal
ItemSell_TrangVatPham/m15.PNG,3137,.png,ItemSell_TrangVatPham,9b2de2c60ded485a5771e21f80294c9d9c5dd6cea08a2220449dc5b964275bca,normal
ItemSell_TrangVatPham/m16.PNG,2741,.png,ItemSell_TrangVatPham,5f4fee67cc7962a6cca277d03ded96bf5b674d4deda299bf040c03ba70233d38,normal
ItemSell_TrangVatPham/m17.PNG,2339,.png,ItemSell_TrangVatPham,2538ff85ea84ac3d6cdbbff3ba7075a377fffdccc2bc74729dbb97b9aede27fb,normal
ItemSell_TrangVatPham/m18.PNG,3034,.png,ItemSell_TrangVatPham,71d887fb31e41d1cad5030e931dfe0d250792673518261c487f0b3c49085b5d9,normal
ItemSell_TrangVatPham/m19.PNG,2829,.png,ItemSell_TrangVatPham,d08f4eb382508c68e7706eac5a45be00fc484076610ab3cf625a5b3d1563118d,normal
ItemSell_TrangVatPham/m2.PNG,3468,.png,ItemSell_TrangVatPham,b96131b4e2de16ed3147531263b064965a826a8d7a2c7a58d25bdece65b42a5e,normal
ItemSell_TrangVatPham/m20.PNG,2614,.png,ItemSell_TrangVatPham,98b14fc237eb6dc4608f6d111d999c67e14faad224d669b24c074d5ef3f312ed,normal
ItemSell_TrangVatPham/m21.PNG,2857,.png,ItemSell_TrangVatPham,90bb102783c39d9cb80ef66664fa2eaddacdec599622a0b31c81d360a5e5ee8c,normal
ItemSell_TrangVatPham/m22.PNG,3246,.png,ItemSell_TrangVatPham,f12544b73645d09bdded033093673e96aa0bb7db57994d371eabd764a98258f0,normal
ItemSell_TrangVatPham/m23.PNG,2932,.png,ItemSell_TrangVatPham,bd8f97cb24006a1812ac725987858886e7512f531c39c7fa22dc0fa0b27c834a,normal
ItemSell_TrangVatPham/m24.PNG,2467,.png,ItemSell_TrangVatPham,6f733d26400f4076d40ea6e4b721f32e004a06c766d199be39a8c8cacf1442d2,normal
ItemSell_TrangVatPham/m25.PNG,3314,.png,ItemSell_TrangVatPham,41de8030d4fe3e5484a2c8420cbda902fa76366deea0b38e77c51ef53a7f8b8f,normal
ItemSell_TrangVatPham/m26.PNG,3435,.png,ItemSell_TrangVatPham,8ed6891f963752ef0c374bb27a82f7cda8cb8ac3e79258c7c156371298cc27bf,normal
ItemSell_TrangVatPham/m27.PNG,3365,.png,ItemSell_TrangVatPham,df98bd74555e0f083b61c4b98f9e0e94da6887fdd350f0224a4093f9406b7d7f,normal
ItemSell_TrangVatPham/m28.PNG,2973,.png,ItemSell_TrangVatPham,0264e884c001b4cb36bb0fc262a4274429517563174509dfa92acd79f43ce25c,normal
ItemSell_TrangVatPham/m29.PNG,3283,.png,ItemSell_TrangVatPham,95ffcc42e58633ae180e378a228f066a6ad83c5020ae701d6ca84912a94647ba,normal
ItemSell_TrangVatPham/m3.PNG,3156,.png,ItemSell_TrangVatPham,3493766cba0bb85ce080f27d4c4a04de9e5895d2c4b473d65e50e24c83c2ea88,normal
ItemSell_TrangVatPham/m30.PNG,3588,.png,ItemSell_TrangVatPham,a30b8971b236d0a3d0467181745b6db8158ba51e51ea525c7ce68208937cfe1d,normal
ItemSell_TrangVatPham/m31.PNG,2671,.png,ItemSell_TrangVatPham,38e4968f62d23c9d4837e31796fe77ce91291bb57f304d1182308bd11dc0c4f8,normal
ItemSell_TrangVatPham/m32.PNG,2559,.png,ItemSell_TrangVatPham,c21db97ed9dd07b12121535e55eba2f8bd0f150eb4aa3d68da7af84772c90d00,normal
ItemSell_TrangVatPham/m33.PNG,2540,.png,ItemSell_TrangVatPham,5320a2cf29d0481ab0bd10e405dc7295f03911e2420c30751dbd00cab8668980,normal
ItemSell_TrangVatPham/m34.PNG,2881,.png,ItemSell_TrangVatPham,7c9f94df3d1569e3a59920a8194103dbfafa597bc898a98c6a98d2ffd641d45d,normal
ItemSell_TrangVatPham/m36.PNG,2889,.png,ItemSell_TrangVatPham,8d75dd34ab8fe74f03d438eee37df88046cf053866cb8445ffdb620c59632f28,normal
ItemSell_TrangVatPham/m37.PNG,2204,.png,ItemSell_TrangVatPham,0612ee965df3db03c85114f74ec296649dfd34c2e08f36bc280f810c8b36003d,normal
ItemSell_TrangVatPham/m38.PNG,2595,.png,ItemSell_TrangVatPham,32ca3fab9328e6d3b297a0d87f83c112c3fd86ff38bffb52a5b57d8cbdd7161b,normal
ItemSell_TrangVatPham/m39.PNG,2545,.png,ItemSell_TrangVatPham,1971a81c22b9385e1ff0513379094a405f00341644b7f5ac415afd326ddf9ab2,normal
ItemSell_TrangVatPham/m4.PNG,2853,.png,ItemSell_TrangVatPham,7b6aad7653d3100b185f5e57a55f96e1a49eb48b5afcd939c379384a8e047bf1,normal
ItemSell_TrangVatPham/m40.PNG,2666,.png,ItemSell_TrangVatPham,5de4adac4c44287d15b9a35e0bec187b51df7a71c34603abbaedbddb3872c175,normal
ItemSell_TrangVatPham/m41.PNG,3187,.png,ItemSell_TrangVatPham,fe254739f1736bcb9a27f9ac3d0d50c8f53e6a9797f0609b65b334c21b5e671a,normal
ItemSell_TrangVatPham/m42.PNG,2849,.png,ItemSell_TrangVatPham,5b9d1b6f63031f388d165f2974e9887fbc4f48c6710f373af24b7b49b7ea716e,normal
ItemSell_TrangVatPham/m43.PNG,2574,.png,ItemSell_TrangVatPham,11c1ff0c8540e657ee8c002176b180656a53531ab1d5eddd67b09a5a93b15e6b,normal
ItemSell_TrangVatPham/m44.PNG,2891,.png,ItemSell_TrangVatPham,bd80ca26ad30a332a026a99211f993d0095c6f8c7225fed9a277399ed3cd33ec,normal
ItemSell_TrangVatPham/m45.PNG,2456,.png,ItemSell_TrangVatPham,3d759a2e920ee30411ed984bb7d535d9fa6709cd97f6c667fd44af868370e7e9,normal
ItemSell_TrangVatPham/m46.PNG,3128,.png,ItemSell_TrangVatPham,8c5c07ee4dff6ec7bcd1067354fef0c76ff155997e932cd63e9c0209ea56bb75,normal
ItemSell_TrangVatPham/m47.PNG,3213,.png,ItemSell_TrangVatPham,44c14f779664bd7b0cb7c360862bb2cde84b62b66a4606bcf7b8461119d1d80f,normal
ItemSell_TrangVatPham/m48.PNG,3256,.png,ItemSell_TrangVatPham,e5afb4556a5842069297dc72224f884c3e0765a02a3e08198dd84680630f33f5,normal
ItemSell_TrangVatPham/m49.PNG,2741,.png,ItemSell_TrangVatPham,a32b3c869e7cf5ea5971967a2dd49e66ff3324dac6d42546f6a50db13cf30387,normal
ItemSell_TrangVatPham/m50.PNG,2925,.png,ItemSell_TrangVatPham,665149fb746ee9418ed3e654b80e82d7df3b0f1c2d263304af4b82814c4254b6,normal
ItemSell_TrangVatPham/m51.PNG,2489,.png,ItemSell_TrangVatPham,681df308ade35f947a01c399143f416d40eca285b8382f6e0f75fb5371bdff9c,normal
ItemSell_TrangVatPham/m52.PNG,3169,.png,ItemSell_TrangVatPham,3d2fc3a08d37486b540c79a358925e8c44575a7d98e3e72604bbc7242bb82a11,normal
ItemSell_TrangVatPham/m53.PNG,3087,.png,ItemSell_TrangVatPham,f55e5ba440a42ca6b373dac61be4ccf8eb77805e19c50dc4661214af28a5a2c8,normal
ItemSell_TrangVatPham/m54.PNG,3134,.png,ItemSell_TrangVatPham,ca44de951423e5d33074d9930451b4515e46d440b4822cf07db06a1394c36a3c,normal
ItemSell_TrangVatPham/m55.PNG,2901,.png,ItemSell_TrangVatPham,96eaf52cb8b2bda2ba2d04efa8918d59d0b4337a6cebefe550b849444e0705b1,normal
ItemSell_TrangVatPham/m56.PNG,3174,.png,ItemSell_TrangVatPham,50a96b164d27219df8e88f667220b80d2d4e4565ee55b103416b8882163937e9,normal
ItemSell_TrangVatPham/m57.PNG,3011,.png,ItemSell_TrangVatPham,a1b8b7abfc17f318c387086f81c694808e75353a9dff04f72d9c5034c251b8f4,normal
ItemSell_TrangVatPham/m58.PNG,2999,.png,ItemSell_TrangVatPham,7b806d162878748fb442d6ae00d43b44070fa458d2a968cf879e1112113af98d,normal
ItemSell_TrangVatPham/m59.PNG,3475,.png,ItemSell_TrangVatPham,7bd017782b1a5c87d8e0b73ef395f3d013d42f8769a5fd519d6b094325b88aba,normal
ItemSell_TrangVatPham/m6.PNG,3181,.png,ItemSell_TrangVatPham,ce384029c23d25c077b3f1a55d8b3725dffda694620e29160fd02dafc1e2351d,normal
ItemSell_TrangVatPham/m60.PNG,3004,.png,ItemSell_TrangVatPham,d4651320b01c1fb36eb8875c235117d0e10aababf4491a126d30f4fd2539782d,normal
ItemSell_TrangVatPham/m61.PNG,2960,.png,ItemSell_TrangVatPham,ae84665e23deac1fc38900c9626decc0e44c0931275d08e64461ff9d6edfdb4d,normal
ItemSell_TrangVatPham/m62.PNG,2717,.png,ItemSell_TrangVatPham,4f1d5adab3e5ea1439055ee05062ee38634e0554e587cfd8fae6ddf6295da4cf,normal
ItemSell_TrangVatPham/m63.PNG,3243,.png,ItemSell_TrangVatPham,2a0c7f0e2d1f121659827f839c17e4ec688da7d6e19a45114ca5257ad8ea286b,normal
ItemSell_TrangVatPham/m64.PNG,3203,.png,ItemSell_TrangVatPham,c369b7647ea3d33d651955046c517b51190798ffadee7cbe820f15e0600f2773,normal
ItemSell_TrangVatPham/m66.PNG,2351,.png,ItemSell_TrangVatPham,50963f15038b817006a0f73592bd292b2b3927853e0f1129feea39968ad5a240,normal
ItemSell_TrangVatPham/m7.PNG,2574,.png,ItemSell_TrangVatPham,4f6767d18dbe2e79f0cc1c949c8e58b436b3c042e24ea16806c198f6a181b1b4,normal
ItemSell_TrangVatPham/m8.PNG,3079,.png,ItemSell_TrangVatPham,326c10770b0bc4ea8ec69b54f1ea2b004d4d9d10c9741e883290e0c9b1a19f46,normal
ItemSell_TrangVatPham/m9.PNG,2977,.png,ItemSell_TrangVatPham,6a44463a687165c8cf00322f61c17557f0406714f164f0e337207b9f2caf9e30,normal
ItemSell_TrangVatPham/q1.PNG,1880,.png,ItemSell_TrangVatPham,432aef2e892cabe9b67474347164a1e9d5309d88c4863abb1c67b012c83115c4,normal
ItemSell_TrangVatPham/q1q1q2.PNG,25310,.png,ItemSell_TrangVatPham,473728e90d695823ff8d91ad5efb6689f6dbdd77b399b0e431d7f7367bf539e9,normal
ItemSell_TrangVatPham/q2.PNG,1943,.png,ItemSell_TrangVatPham,a57cae95b07d2a66eca0d6f9b27acb0a19b5ae34e2eed08a0e2197e515f5cc34,normal
ItemSell_TrangVatPham/q22q2.PNG,26939,.png,ItemSell_TrangVatPham,5daa0d4d384410bea26f9b0744ad22a80829b1de9a3288640d371c726b36b3a8,normal
ItemSell_TrangVatPham/q2qe1e1.PNG,21373,.png,ItemSell_TrangVatPham,e26c800ac40a03210d9bab5c1e9e26a19fae0ccba79e3e564c0d81d5a7dcd720,normal
ItemSell_TrangVatPham/q3.PNG,2169,.png,ItemSell_TrangVatPham,13a393cf10527205e9c4e88e62d61f21c782cc046851e1f37a7fcc1134f036fb,normal
ItemSell_TrangVatPham/q4.PNG,2237,.png,ItemSell_TrangVatPham,3c09da391892172be851ac0b933818641061464be3691f90012d186c74e301a2,normal
ItemSell_TrangVatPham/q5.PNG,2174,.png,ItemSell_TrangVatPham,72c8f3de5355c5f48f057aafddb34a41debdb13642d2721a8190ea194ef6fdbd,normal
ItemSell_TrangVatPham/q6.PNG,2475,.png,ItemSell_TrangVatPham,11d807f85bab30650c30f4c41ca6aa235a88296a42f3b818144e15386151adf9,normal
ItemSell_TrangVatPham/q7.PNG,2256,.png,ItemSell_TrangVatPham,41cc0e5bb0d58016a85fe1fbe308cc9722f6af5b87fc12a7764fa94b676ba940,normal
ItemSell_TrangVatPham/q8.PNG,2035,.png,ItemSell_TrangVatPham,780d1d496ffa0d3d6a9a4d0b7d542b011755bd6c6b26e27f6e6667fcaf5a65f7,normal
ItemSell_TrangVatPham/qdqdq12.PNG,31435,.png,ItemSell_TrangVatPham,fb1e0b6e1bd3cb6d0ce3e79092f5c012a00cb4ba7239ddc7354ea968dad508d8,normal
ItemSell_TrangVatPham/qq1.PNG,16138,.png,ItemSell_TrangVatPham,625ac12efb060db185f110bc817a63dc586f9d520749120c96dc9210dfd60c58,normal
ItemSell_TrangVatPham/qq2.PNG,27136,.png,ItemSell_TrangVatPham,5695ef3e5044aade4d357f25ec54eff0918a532a3a2f6e45146365007dc64f67,normal
ItemSell_TrangVatPham/qq3.PNG,35516,.png,ItemSell_TrangVatPham,aabff83ba2996e0bb627f93efda4ead40348ef5333b42eed275b385e95b9aa40,normal
ItemSell_TrangVatPham/qqq3.PNG,30465,.png,ItemSell_TrangVatPham,b8560369d8c8d62d3767a3bb1a2f04fc46cf61146f97c42ffa01b9cacd1df06d,normal
ItemSell_TrangVatPham/qqqq4.PNG,24215,.png,ItemSell_TrangVatPham,c7abc7b1512978f94ea1a7fc79090ef0e8665f5a008e02962195cfbf11cbb961,normal
ItemSell_TrangVatPham/qwdq1.PNG,24766,.png,ItemSell_TrangVatPham,173f8f25ae153cb4ac44d36892632be7a7f0617b7e5e86b11952db8af7dd13b5,normal
ItemSell_TrangVatPham/rac1.PNG,2797,.png,ItemSell_TrangVatPham,59c4a9ed90d216bc05e2a0a8dc738564bb8f509c46730f2c0c5d04f3dc10aad6,normal
ItemSell_TrangVatPham/rac2.PNG,4192,.png,ItemSell_TrangVatPham,ad4db15b36d83af723058dbe58be5d0e9ffad2db74afcedd7976ecf0df781a67,normal
ItemSell_TrangVatPham/rac3.PNG,2632,.png,ItemSell_TrangVatPham,bdf2ddd2a5a8e262e997b7b7bb56abee784d254d015827bb90fd3c6d80bfb03a,normal
ItemSell_TrangVatPham/v1.PNG,2158,.png,ItemSell_TrangVatPham,bcf83c0eb788bb964f2d0dfb5d331ab302b4b43baf7cd73b286d9d74d838cc90,normal
ItemSell_TrangVatPham/vang1.PNG,1764,.png,ItemSell_TrangVatPham,a82ddc21e5b184ef699895b4ad24b72820640f97416ecd4c25d2fe0d358c97be,normal
ItemSell_TrangVatPham/vang2.PNG,1609,.png,ItemSell_TrangVatPham,d64c631595a60a1ee9fc504e7fb7f71a8f0466a923bdbbf611b4049d35517e31,normal
ItemSell_TrangVatPham/vang3.PNG,1422,.png,ItemSell_TrangVatPham,462beafd167724adb83c8f073dc12b915659efe46a5aa0701695ce3b0f33c32f,normal
ItemSell_TrangVatPham/vvvvwvewve.PNG,2534,.png,ItemSell_TrangVatPham,719379fc49d00205e66463ad3be6c6dce1f0f4bfd7139c41a02ba278e3c304c6,normal
ItemSell_TrangVatPham/vvwdvw v.PNG,3002,.png,ItemSell_TrangVatPham,7f0590f32ec92425fefc37c532f227558572bd10caa8c80a1da75a991364777b,normal
ItemSell_TrangVatPham/ww1.PNG,2540,.png,ItemSell_TrangVatPham,b65dfb33ef0fdf33d1f2bb68cb99c2a78779cb7cc01d99236a7bb6f2a8e90f3f,normal
ItemSell_TrangVatPham/wwq12.PNG,2329,.png,ItemSell_TrangVatPham,09d096f690cf73eace3c10a191a56c6f73ee0de329864dd12858a2263ce2b9bd,normal
ItemSell_TrangVatPham/www1.PNG,30207,.png,ItemSell_TrangVatPham,9a1da962edc47ee0e2a66aded289c6abdfd1ef276ac0f99d2dc0360bb72d2a15,normal
ItemSell_TrangVatPham/z1.PNG,2071,.png,ItemSell_TrangVatPham,dcee49c132b5d133122aa126544d2edcd87741b070694082efd846dc6fb5f9fc,normal
ItemSell_TrangVatPham/z2.PNG,2025,.png,ItemSell_TrangVatPham,22c186ea656948f8824d28c9e202f4ab7bc59b331eeced632cc5b414931cf792,normal
ItemSell_TrangVatPham/z3.PNG,2145,.png,ItemSell_TrangVatPham,759113c7225fd213b8d2b194c19884674bb95d84d91ff1c7cec16cb3649c4a1c,normal
ItemSell_TrangVatPham/z4.PNG,2016,.png,ItemSell_TrangVatPham,e3e0f7f46c0595af7f619d7f4cd5cd3e5f779dc124eb0f622b08887cfa5386c4,normal
ItemSell_TrangVatPham/z5.PNG,2122,.png,ItemSell_TrangVatPham,a03b1903181b5eeb4300ccb3ded6bb6f6acb94f1e48b977dd92b1c18001df44b,normal
ItemSell_TrangVatPham/z6.PNG,1665,.png,ItemSell_TrangVatPham,b5a7401215cdf29b79dee3fc9ec1ba3e9360f2d8a1bfe084149c727da595009d,normal
ItemSell_TrangVatPham/z7.PNG,1504,.png,ItemSell_TrangVatPham,f8e744c458ea29b2114ccc8d9cdeeff295b612e93c35b173bc3ee874fabfe9ae,normal
ItemSell_TrangVatPham/z8.PNG,1767,.png,ItemSell_TrangVatPham,ac1a21704b9561ebefcd91fd3531bb88ceafd2c22e5144fcfe8097bf36d332ea,normal
ItemSell_TrangVatPham/zxczx1.PNG,2236,.png,ItemSell_TrangVatPham,bb43f580bd19994dcd337254a658b0b1df19479d01c2287c2c6a40fb70fb1de6,normal
Item_vaokho/01.PNG,4028,.png,Item_vaokho,b508c8dcf85677d3dc28a95e2dc3aa167314a0a5f0fc37c23c807a937e43ed29,normal
Item_vaokho/1.PNG,2065,.png,Item_vaokho,34ee56488220a80a31976fab88b979fef7a05f70de4f612d93e417188f4e0686,normal
Item_vaokho/10.PNG.PNG,3592,.png,Item_vaokho,4a664a89185112f42ec45b70f74c9a96e295a7a8d644efbe7f6e51596ee1414d,normal
Item_vaokho/11.PNG.PNG,3369,.png,Item_vaokho,fcec35331e7f98546a5e125349ac8bf8b73eddb191919e18423c03320345c0da,normal
Item_vaokho/12.PNG.PNG,3899,.png,Item_vaokho,3d8edd1c573c6eeb1e0cba1d7d58ccf55e4b2991ee955443e21e952c7a2f11c8,normal
Item_vaokho/13.PNG.PNG,3489,.png,Item_vaokho,c224b279b8ef38339a5db8e47f69e85e775814a46b893330bad31a2eb88538f0,normal
Item_vaokho/14.PNG.PNG,4342,.png,Item_vaokho,2c25c88e22951b8c7f18e298c05cbaafdddbe9b265d9e0267e3a5e8b23829fbb,normal
Item_vaokho/15.PNG.PNG,3433,.png,Item_vaokho,1ecb5be142a46d8e5627a4943a5c31ffdb8e6a8d53134e6bc0832d6b7effd7c3,normal
Item_vaokho/16.PNG.PNG,3773,.png,Item_vaokho,386dcd2a1d3287561b15f666f084b000ebab9ff0aeca21f749a748bf435ae563,normal
Item_vaokho/17.PNG.PNG,3894,.png,Item_vaokho,9681a19f0a51ba1073d076c203c9a02c5ccdc808cfd40f72849cb93ffe49b5d7,normal
Item_vaokho/18.PNG.PNG,4197,.png,Item_vaokho,d36cb949c695bf2590a6ca8ef889138b5aedb9e35939edad359e422cad353fbf,normal
Item_vaokho/2.PNG.PNG,3738,.png,Item_vaokho,e534d2cb17e24993333940239b88e698a4c710a720c18dd82cb92538e1401499,normal
Item_vaokho/3.PNG.PNG,3394,.png,Item_vaokho,4d7376ddc939332a012dd7f1a209445e232b38ec5c483208c5ce9de6b36fcdf0,normal
Item_vaokho/4.PNG.PNG,4234,.png,Item_vaokho,d8abb2b4795a0ce0690ab7815ab757ec0b058153526fa05c6574bfb166871a26,normal
Item_vaokho/5.PNG.PNG,4200,.png,Item_vaokho,0612b7470f373a2eae48bbb39be848047f87887bd4e3f33ca63ea53cae6b85c8,normal
Item_vaokho/6.PNG.PNG,3802,.png,Item_vaokho,396cd4b75a77667511ef4c1921376aea723e19607dc3a33a116bdb68664a4bc1,normal
Item_vaokho/7.PNG.PNG,4561,.png,Item_vaokho,ac244357e20afb55b8a1c2edcfe20404ca9a35c346d3a3b3d3eadfb038d5fc42,normal
Item_vaokho/8.PNG.PNG,3439,.png,Item_vaokho,3c05548aaced201fc10520510a5cc640b909f0a84419a34f16ec65f36f963fee,normal
Item_vaokho/9.PNG.PNG,3790,.png,Item_vaokho,032a9e9c54889ead6e220099503e9f87b870e97d5ff15197c53b160e51dffbd8,normal
KAutoHelper.dll,51712,.dll,<root>,55fb7f522ab98227c0c6e00009c8090bc99e6a84ebe1d79427d930fd7900ae05,normal
KEY_KHO/1.PNG,1457,.png,KEY_KHO,532824092b4d9f105a16f947ed3c1f4fa74659ee5a23ff6e96d83483cc7acfca,normal
Microsoft.Web.WebView2.Core.dll,472504,.dll,<root>,c6feb73ec1cb9271f2004d2586fe1833621a0fcd3d04a6fc1dcf08557d634ac0,normal
Microsoft.Web.WebView2.Core.xml,509689,.xml,<root>,a098af00fcac623842bf718f28d7661c6e7667d7555c7be61869b1519507b63f,normal
Microsoft.Web.WebView2.WinForms.dll,38328,.dll,<root>,fe0782a637c76982ca040bea1eb19b590c28b006866b38d70ea39199825b64cf,normal
Microsoft.Web.WebView2.WinForms.xml,41386,.xml,<root>,2c1f84f5fac22208d9ee66bd0fd0fb6b965b48c7d43e2ecae481a94ace2dae35,normal
Microsoft.Web.WebView2.Wpf.dll,44520,.dll,<root>,f66bba17bae3df35d2330bc3ca252419207dd61f5a4f726151d577adc2ddb8a8,normal
Microsoft.Web.WebView2.Wpf.xml,87994,.xml,<root>,7d4cf84808a1a28c5e2251b4158966f7b30a36e7e4545ccd574c4a537bdfa32a,normal
Newtonsoft.Json.dll,701992,.dll,<root>,b624949df8b0e3a6153fdfb730a7c6f4990b6592ee0d922e1788433d276610f3,normal
Newtonsoft.Json.xml,710224,.xml,<root>,2d46b37b086d6848af5f021d2d7a40581ce78aadd8ee39d309aee4771a0eeccf,normal
OUT_KHO/1.PNG,2038,.png,OUT_KHO,b57fc1ea38ec6e0124f7c181bb302d64cdd4c92011aa94bd7fea9adedad8483a,normal
OUT_KHO/layra.PNG,1058,.png,OUT_KHO,4e17501c548de3bde00124dc1846aaae41d2222d0ed0986a9797c8c099746ce1,normal
PT/1.PNG,820,.png,PT,429f9d202bfd4b9db6f188cb047df5d168f25e2b9b4c27fc08a64a7037faea4c,normal
PT/10.PNG,754,.png,PT,cfe8b1edd58ccff87fc6ecaba6b0b98c08d9641c174779385a90d1f1467bb014,normal
PT/11.PNG,678,.png,PT,b15b7bcd31ff0994dd5e0fd612241d2fd7ffde00fb01e6069aeb40b1d3760522,normal
PT/12.PNG,639,.png,PT,0a835015fe957102ef4c9cea43a0ff072133703efa59e2af38c2764bce74aef2,normal
PT/13.PNG,837,.png,PT,0b28deaa271fe51d3fa49af1c335a94a7212b9359393289279c0b95fb05101e4,normal
PT/14.PNG,982,.png,PT,58b1c01c2e5ab449005c1ffae708ea2741476958f2db36901daf9a1763b767fe,normal
PT/15.PNG,658,.png,PT,ded0cae6db58fd92a586bfa5deb5d25c64d1ca45929350a18a26a57ed3eb837b,normal
PT/16.PNG,1104,.png,PT,d848d93ff3e996cce26ee5e402f9a4d6572d36edbc45036536616df196c3b2fa,normal
PT/17.PNG,914,.png,PT,c752334445cd81b9c8fad511f36425550eb0eec76c0999413899b1dacda680e2,normal
PT/18.PNG,1141,.png,PT,cc35838741d31184f9312213cb8a20358ae44dee31f9c313c761c9b53aa28f70,normal
PT/19.PNG,1061,.png,PT,f1889966283a5db90f9011b558e98993ab12176e97345ba92ca5e3c76eabb7eb,normal
PT/2.PNG,1067,.png,PT,da877a70c7bc9209e0be391f67d49acb3543d77bc7daf0e1583d7189179e46e0,normal
PT/20.PNG,927,.png,PT,3930de9b397e724f643f6e186cf9e8cc1c2eeec0780cfac66ad42ddc51e4228a,normal
PT/21.PNG,1064,.png,PT,e2d6657386ad680eb6ec9acfb29a8933b36feb0484eae14d27229453ac4d396e,normal
PT/22.PNG,1152,.png,PT,b50858264e8d3b3f99e8234cf873abcad0f612f059980c6bd4eade3affabb49e,normal
PT/23.PNG,989,.png,PT,25fd6dcd764be62f0fd9f01431c68874acb5e3a32a83b159fa170515d8ba30cf,normal
PT/24.PNG,926,.png,PT,db20b12c3343eefaf0ed62f16818e08c557010cd1d06349f692f8646aa6bd145,normal
PT/25.PNG,1141,.png,PT,5b1b34159970518b136fb1dffce5baa0c32379b0716c8045d1b1c09368151f39,normal
PT/26.PNG,1185,.png,PT,7dc26ce2e749e88005210eef72e39ab96185e42a6cf0c4d58fc15d0c3a1ad83f,normal
PT/27.PNG,935,.png,PT,c44fa3e98e95f2b9a86e9ae598003c96e966c4de8daa185df0aa47b89e1516fa,normal
PT/28.PNG,948,.png,PT,5f8a6bcd08caacb42016a8449d4d9618cce3028305916ba28c580322bc477d80,normal
PT/29.PNG,950,.png,PT,c72c075f81805702ce43ff3702c3b5eb46b0a1ba30da10fe1110788664f27a25,normal
PT/3.PNG,799,.png,PT,8a6cfa3db034c3873424a1b5a46397752bb8ed1fd976d9a24a7fef87bd5919d1,normal
PT/30.PNG,1023,.png,PT,df011662621e62ef11a893b2c8ecc264d1c87ea0cfc42ebeca68401a84945043,normal
PT/31.PNG,1129,.png,PT,dbe43416beb2618c5c5eaaa8836d56f2ad11038ec7472c54db653d8af4a0f1e7,normal
PT/32.PNG,769,.png,PT,3ad2645751d8f9849e9531f82a6a92704e46245d51f210cf692b7b8e197605e9,normal
PT/33.PNG,777,.png,PT,661c35fa7e3a6562dc6a40c5902bd6e64f444cfadde4e44084d87a9466a9f537,normal
PT/34.PNG,764,.png,PT,dccd2e88c07dd9f2fcce6144067923f69111a3ef91090aa79161a8992342164f,normal
PT/35.PNG,853,.png,PT,3d92b739e0fc9cc73bf97fe8c1e270b385c24f20eaf13e197852c3d178d43f94,normal
PT/4.PNG,765,.png,PT,7323205e818fd96e28f5a45aa9ef8611f85be90d6ae73ba4f7c40a62a07220ef,normal
PT/5.PNG,1010,.png,PT,48967ff947efeb2fed67b98f15f615706f234787b6d11ab72eb30de24f5b016f,normal
PT/6.PNG,899,.png,PT,563cd1957753570dc702326ef1e831a7d4266567eff898b64aa9f2a94130b48f,normal
PT/7.PNG,761,.png,PT,e1c7e3c8e935e6575cf5d439bd4a3d858108fdc76a8872b51f6dc268d3df6fef,normal
PT/8.PNG,741,.png,PT,b55fa1561183972e1f5ad2b452a6c1f0475381c29f1cc3065dc2fcb9df5991c8,normal
PT/9.PNG,659,.png,PT,f901bae0275e92c9bbf9baadde1ae5c402a20d1bed955770e80a51af0f5fcbf4,normal
System.ComponentModel.Annotations.dll,43152,.dll,<root>,04113c8549185519f3202790ceb23df609644872b9c249a56d2bcf59566102c4,normal
System.Runtime.CompilerServices.Unsafe.dll,16768,.dll,<root>,66409f670315afe8610f17a4d3a1ee52d72b6a46c544cec97544e8385f90ad74,normal
System.Runtime.CompilerServices.Unsafe.xml,14080,.xml,<root>,63e32ebb4b26c25f65ddf26b5fa9d7147a9c8b45df355db90ac706afec980036,normal
System.Threading.Tasks.Extensions.dll,25984,.dll,<root>,4f81ffd0dc7204db75afc35ea4291769b07c440592f28894260eea76626a23c6,normal
System.Threading.Tasks.Extensions.xml,10147,.xml,<root>,975a9555f561b363c3e02fd533f6bf7083aa11bbc7cbf2b46c31df3d3696b97b,normal
Tesseract.dll,132608,.dll,<root>,ed72823b1100ced2204f6c2874313c0678b7c02fe48ef25ee8884625cd337cc0,normal
Tesseract.pdb,39892,.pdb,<root>,8425b77421a8eddb10aa330590445ef491c63d829a6382a488544755eb3e2a21,normal
Xceed.Wpf.AvalonDock.Themes.Aero.dll,87040,.dll,<root>,d62b7e567c76c2f4dd9a85f5110b46e0c3bc1381d5a9017c6437527940389614,normal
Xceed.Wpf.AvalonDock.Themes.Metro.dll,79360,.dll,<root>,e26300f17b4d86ec080354668eb6514dfaaffdbe5c9191eb93e6f6d783249b2f,normal
Xceed.Wpf.AvalonDock.Themes.VS2010.dll,84480,.dll,<root>,999e14025e719da50e042016db5a7675ab577166110b6d08c087302ec0ace925,normal
Xceed.Wpf.AvalonDock.dll,455168,.dll,<root>,37b8d0ace4dddf6f5b2c1336a64da31a8fdfb899f7bb300ae35acd386332e567,normal
Xceed.Wpf.Toolkit.dll,1210880,.dll,<root>,977a3383f502b1c202ba296210b17e03cf61615978e83c93b341eac7b0a7471f,normal
code.txt,362,.txt,<root>,07c96d02c723f76c9b7fa083ca282391ce34089c4aa24144dfa4ca399a57dffb,sensitive_plaintext
hoatdong/0.PNG,663,.png,hoatdong,2d835e811f76da14dece38b24a314c95c5ffeca342d57fa48c7d12fdaeac5f7a,normal
hoatdong/00.PNG,1817,.png,hoatdong,90f419927d64b2caef4c9243349695623bfea43d184500b29c813481abf5591f,normal
hoatdong/000mohinhbangpain_rechuottoivitrimuonchon.png,910873,.png,hoatdong,3cecf690b857fadba47bffc029b4ecb77449385e8a5688322714da98844f4d79,normal
hoatdong/10.PNG,507,.png,hoatdong,11d64ece8d6bfcef59cb6ed0b36232070da030ea5a3ef0dd8ed5a6c154d2984f,normal
hoatdong/100.PNG,628,.png,hoatdong,bd2f991fbbcdd4bc58c4d9707232017a2602502ae01f1cef2415b1d952067c40,normal
hoatdong/1000.PNG,784,.png,hoatdong,4674750aa99ea0e0aa1fe985e05a62aaee1a29bdbe0ae99ba4fc6b0927f7578e,normal
hoatdong/200.PNG,726,.png,hoatdong,d017fcca0fc32c6dcac5f8fbcf391bb2251c56db504b4fc4669f220f954b4889,normal
hoatdong/300.PNG,714,.png,hoatdong,4c3dcbafcf690c68698f4f396f72336a0215a6c8c26032a110f3d5aa5c0957c5,normal
hoatdong/3cham.PNG,1573,.png,hoatdong,5d164383638ab49e72bb3afc2ad4fc5cfcf6a3e0c3312c96df4f75a86d12f02b,normal
hoatdong/3cham1.PNG,1050,.png,hoatdong,a1ba65bd299031f71993a2730a140ce6df230c0fa9e343a9e2432f9e291e3e17,normal
hoatdong/4.PNG,346,.png,hoatdong,40fe20e2edcea0c7dcc3e485fea73f535d02e090d67c9e08d5a1a433c1ddf627,normal
hoatdong/400.PNG,688,.png,hoatdong,d5c775dd637e893556619231255acdbd058916ab03156c7dca6b5bf10a01c52f,normal
hoatdong/50.PNG,585,.png,hoatdong,7554c8a5387667ca22410e095098c6b70c90c30b35cc0ce26088c57229c444ce,normal
hoatdong/500.PNG,711,.png,hoatdong,e6db384176320f5fa2793d2d61d0c004b67e3a5b830d81fe77c3539913a3a966,normal
hoatdong/70.PNG,433,.png,hoatdong,1a87c139fc20ca602cece880b8d0d6a3799ad70eef4018b3a6db3e14972498a9,normal
hoatdong/80.PNG,463,.png,hoatdong,98414ad3bd56c7de246087814714a861c328e6a38031f474b85cb778dae8d259,normal
hoatdong/DONGYVAOPT.PNG,1990,.png,hoatdong,2d0847b9894bb1e3cb2c7ae40e7858168210effb059c0e0d45f6661c0f0f8aec,normal
hoatdong/TG.PNG,1166,.png,hoatdong,a48674381795fca411ca0b2fade20827b5f04c394addd55b73d27f27d9aab947,normal
hoatdong/a1.png,720,.png,hoatdong,a928932eb3eb6b4005137852cde8f11a44c81b57847623265e6f4c4efa14e2e2,normal
hoatdong/a2.PNG,1445,.png,hoatdong,a58a33668c0dd4a8b3070cbbc616e7e2bb0aa0b9448a73a63f17a1ed175e035f,normal
hoatdong/anphu.PNG,2009,.png,hoatdong,fd8d01f0db738bfb40f23b3b2f549894378f047c57070e6a837752d3fcb365b8,normal
hoatdong/autonv.PNG,1322,.png,hoatdong,819a360a8acedc33c0424b4b8b317e0397543c1eb4e1d96947f5753aab651d81,normal
hoatdong/avt.PNG,761,.png,hoatdong,e78df666447bb54dc10e00cf4497338ce15d4910c05fe809e29e8601531fb12c,normal
hoatdong/baclieutay.PNG,1831,.png,hoatdong,95388d19aaa58178aa39ed15ee44f5b0b9255059b183fb71672dedbdcf460611,normal
hoatdong/baisu.PNG,719,.png,hoatdong,e876d4d7115d477dea83467f96ed04df4ff921ef4aea9c8fb4d3487edc519bb1,normal
hoatdong/ban.PNG,793,.png,hoatdong,8902e620ccc3d82e0c5d50f43b1203f8d9bdf9bcf9859ebe19816330367fbe82,normal
hoatdong/ban1.PNG,836,.png,hoatdong,2e9cdd54278ee39ece15a236fac23bf670b5ecf63fcdf75a9798fc29751e35e2,normal
hoatdong/bando.PNG,1055,.png,hoatdong,1d0714cda27adb46fa34ea7b6a43aad0e3e1b52cbf0de75c985e3e56842a537e,normal
hoatdong/bangbando.PNG,2032,.png,hoatdong,a00dda202f5783ac9ad85e739946f1df8ae21fe687bd88fd4399cbd9d94be6fe,normal
hoatdong/bangcaidat.PNG,4246,.png,hoatdong,42616673e647105e378a9078d8c2e1daaef19be25c7d5b9dd759d2786e4141b7,normal
hoatdong/bangcaptcha.PNG,1237,.png,hoatdong,97b075d05227cd33e47e89bafde5a30a895445a47d3e9f42f5e30949a1fd624f,normal
hoatdong/bangchat.PNG,905,.png,hoatdong,4d00c0c99db393f9f169746ccd12cfef9dc56b590a2a8bda942ade8ccabce7c6,normal
hoatdong/bangchuyenvang.PNG,1100,.png,hoatdong,7842236bb661b51288873180d2536d0517ff3fb50020471857447f5f0f64b009,normal
hoatdong/bangdanhsachquai.PNG,3432,.png,hoatdong,4284dd7db94b24abb81c972316206a054fcebfe8be2bd2692f275b83ac4c7e2a,normal
hoatdong/banggd.PNG,2046,.png,hoatdong,243bcfd8b9cdf4a1020de39d72995ba98db4d89980342d6fee6b47aec77ea476,normal
hoatdong/banglocdo.PNG,1072,.png,hoatdong,553cde2753922a763fa1d7a0709680226d338d4542b294175c77aff31c85c991,normal
hoatdong/bangmoigd.PNG,946,.png,hoatdong,a99c6bde3f99dcf628b711ab73cc26e616a27d1102e302e58fa18993fc521349,normal
hoatdong/bangmoipt.PNG,1892,.png,hoatdong,9fa1ed77a81a3f0b140f88ff49161b2dcaa484516839e9d7be006640488c8d82,normal
hoatdong/bangnhanvat.PNG,1385,.png,hoatdong,d7baab8b5ef897b954f5d577b8da7473447540cda77cee62ce517fee942e5aa6,normal
hoatdong/bangthongtin.PNG,1121,.png,hoatdong,e659d6ff42e0bd809c0c53ee3de933613313933ee04d80b20f8d984b5317d424,normal
hoatdong/bangvatpham.PNG,2762,.png,hoatdong,00d998aa0560d240367c701e8574915f8c82ee292731234aa11bff66b7a4d233,normal
hoatdong/bangxindoi.PNG,2299,.png,hoatdong,78181d544f11446bbb3697ea7fca7e9bcf14fbdddbb9e3d1ae212c3db158680c,normal
hoatdong/bangxinpt.PNG,1961,.png,hoatdong,a2e7c8eac6a639b97dd2b7e7006c9ab6d669081fad86ac8859fad2d2d1424f9d,normal
hoatdong/banvatpham.PNG,1593,.png,hoatdong,ab0895004498e148cdb39d96decc0d51b846e01b7183cad2a697afd1b9f679a1,normal
hoatdong/batautonv.PNG,1401,.png,hoatdong,1b1a1da04c70a5e02e274db99add4ad1608abc09807c866a2673ad8f37417f86,normal
hoatdong/batchat.PNG,1141,.png,hoatdong,039c68b5fb3668681afbc8cc3994cf8711dccd720d8a6c94de041e2c3c10b903,normal
hoatdong/bietroi.PNG,2306,.png,hoatdong,6a0818450c8d0f2f7f5961b32649d08b6cf7d70df528334347c5297c9b90ea86,normal
hoatdong/bodau.PNG,766,.png,hoatdong,150abfa728b4bbb77c1aac8ff18f141fd94902a41611635fa980dde9ea097653,normal
hoatdong/bossat.PNG,1521,.png,hoatdong,5d1fd95f751bedb633246ff6982a3c1cb1e5c140dbb24447b0539d9e140d8baa,normal
hoatdong/bosstbd1.PNG,2313,.png,hoatdong,d4f1a3e45e7f209b94d02350d6716e47ec7ce6de4a937a2a0bd6e06b95b8071f,normal
hoatdong/camlam.PNG,759,.png,hoatdong,c215d67523af9dc03f9316ddbdef7ea8e90691ab25195386f58fb6bffee07ef3,normal
hoatdong/cat.PNG,1252,.png,hoatdong,cc614e4f1adfba9614e96b0c8a1605aa383a9e255328365f770032a7745527cf,normal
hoatdong/chatpt.PNG,1972,.png,hoatdong,dede29aa7808f37e30749903d46e0d58fc02f3fb667895d9251d86b1777c8197,normal
hoatdong/chencom.PNG,1260,.png,hoatdong,ea7abbde376c53946c5532022d5f41c65099cb9ef9aa4ffa50e83a167f78a81b,normal
hoatdong/chonhp.PNG,1718,.png,hoatdong,1fa9302d2715eede97e0c4d5b491d2b6785c3598eda9b6a1f0ae231464332095,normal
hoatdong/chonkinang.PNG,3117,.png,hoatdong,01cbcb2b7d1f9ad523d944bf88286045eed18f249d7e1dc25db83f75adb8a7d0,normal
hoatdong/chonmp.PNG,1495,.png,hoatdong,143cbe3d290fc235b248e36956a1e3551cb8db118d110f0c2a0d2634a34fb250,normal
hoatdong/chonphu.PNG,1243,.png,hoatdong,a3facdd2282def5a0fbeda19592162c4616e8ee64197b37cd9c1fd85604613ff,normal
hoatdong/chuahoanthanh.PNG,1072,.png,hoatdong,93ae20eb352f2a2722f14b3a68ba857cb96e8481b64e8770d218c1b1e022961f,normal
hoatdong/chuahoanthanh1.PNG,1088,.png,hoatdong,9289d8d3ce72d102dd8bd2924a85eafcdcecec192932c2f0c7b90a53048dd6b1,normal
hoatdong/chuavaopt.PNG,915,.png,hoatdong,a00e4d636de8347bfd62c94174c471f285da330193636ae875e3b4cf78423602,normal
hoatdong/click1.PNG,1235,.png,hoatdong,a6dea58d47fb706518c81236ae294560d642491712b1b963fa27306069a236e0,normal
hoatdong/clickcode.PNG,3747,.png,hoatdong,1b971e5cadc676c123002a1a8cfbf72aca191f29f6dd0fd16df2e6a2886905b5,normal
hoatdong/clickdanhancoc.PNG,1677,.png,hoatdong,8e3579d6cde5273bc9b9a95756d1665d71b06e7992d9d84afe676345264322dd,normal
hoatdong/clickdaohoa.PNG,1662,.png,hoatdong,d577f81ec4f36d4cff4dbd02679abaa5a208a7c38cbd1bcc4d0c411c7208bef6,normal
hoatdong/clickdiemho.PNG,1772,.png,hoatdong,353c53d7f0af28c5d1a9817caae646cbef8fd00b688735bfd64559d7e999c63a,normal
hoatdong/clickhoanglong.PNG,2293,.png,hoatdong,e1e5e5bb0208d7dc03fab31680d3ff8c84208de832e9707b161419adf09a0fe5,normal
hoatdong/clickkenhtodoi.PNG,944,.png,hoatdong,88d5c28740445a67c6af695e5980edd63a074bc3d0f83dd8d0f5df704b76275e,normal
hoatdong/clicklacduong.PNG,2315,.png,hoatdong,3400fd41bfff0d14536298863d4c08e857a5ebc9697af4b068d4d7457bfc63bd,normal
hoatdong/clicklieutay.PNG,2001,.png,hoatdong,0a9078c11647d8c0acf20bf2dad766bd6a4d730960219934c92d977d80c8b6e0,normal
hoatdong/clicklongtuyen.PNG,2191,.png,hoatdong,18dc02f726109a2556be447bf7cc4c01c9679df41bdf854c62929928f8b4ac7c,normal
hoatdong/clickmieucuong.PNG,2165,.png,hoatdong,034fad151248f48c054c81fe66284779bff43c4f8fae82127cee153648d3a12e,normal
hoatdong/clicknamchieu.PNG,2033,.png,hoatdong,3c2b7f777c0793e2358678d6ddfa11992c734eebf44d521883b2b2e920611eb5,normal
hoatdong/clicknamhai.PNG,2071,.png,hoatdong,c451bbc072935f92d64e9bc9779716b52a5e090f645badf365ecd8829dabb99c,normal
hoatdong/clickngockhe.PNG,1835,.png,hoatdong,b13600c555f32b55d2c303ff13f7ef1e72354631b288c816d9f2627249308122,normal
hoatdong/clicknhapma.PNG,1213,.png,hoatdong,37e4283fe936bb7a9ee403a3cddaa958f8393d03fc9da75ea2b95f8ce63bdd69,normal
hoatdong/clicknhihai.PNG,1701,.png,hoatdong,2628ef6bdd20a3ff721ecdc706553b762cb4bc5fe5ab0d17eee52ba44e020687,normal
hoatdong/clickquynhchau.PNG,1362,.png,hoatdong,9ebebc1f9d4aa51057492ab3855d51b72197cbed16f65fd4aad8d11bcb65f73e,normal
hoatdong/clickthanhdaily.PNG,1703,.png,hoatdong,5ba3700ae1c020fd10643828acf98ce8512aa970cfe79b9ef75ba66b3f392cb3,normal
hoatdong/clicktienvuong.PNG,1402,.png,hoatdong,032ed2624a486e9fc8b60e454545afc9e1994eba221c9e73d342f7bce04e466f,normal
hoatdong/clicktochau.PNG,908,.png,hoatdong,d6db11826e8b93fe4d17cbb36e1f86e031aef62a024af397f1fdf8f6e192a872,normal
hoatdong/clicktungson.PNG,1126,.png,hoatdong,42ce9e23574d37a79ef5cc5dd4e103677a50f64a6cd10426bb56d893a1ef26cb,normal
hoatdong/clickvodi.PNG,1618,.png,hoatdong,f95b1c14222f70b6c19b891cdc8b5b660036b3ffdb323b2e0b8ec8a036232d7f,normal
hoatdong/co1.PNG,774,.png,hoatdong,9f83792ac17a414fc2d7788cfc4493958d5ae26e4bf3b0ac23f206fee6bc4967,normal
hoatdong/coban.PNG,799,.png,hoatdong,daa0e739f47bf19df776919f812e1c62966ad6d3ccc042c9e721dc5c15ba7f28,normal
hoatdong/cong.PNG,1260,.png,hoatdong,65d2ca9c6944ae45f26844c2cd96a1a5bef41078d28936e786b97190de4d6493,normal
hoatdong/cong1.PNG,849,.png,hoatdong,00d096094c26501ab59365cac6fe6e36bf1392ce5b516b0306066bc6af0a51af,normal
hoatdong/cong2.PNG,803,.png,hoatdong,9d73f31129e5595cf1c452fcf528b75bca009090595fec4f295c2aa4474a1fae,normal
hoatdong/conguoi.PNG,808,.png,hoatdong,e4ded9e9dc3e74f4975c26cf740856ed8cded24f7bcfef2c4a56eae8f8616ff5,normal
hoatdong/conv.PNG,1926,.png,hoatdong,73423ca0cbb89718d64253797f9663cf04d319563c09679cdc660c3c4425be89,normal
hoatdong/cuongdao.PNG,1522,.png,hoatdong,ef95f96ac65c9d972ae60f2bed2bb7379d9aec27e864fd45c6258376a83d2b43,normal
hoatdong/dacodoi.PNG,1244,.png,hoatdong,7903bef5ab0667b58ee4b5f16153731f1c383c6d95e8dc895edc384921fc39a4,normal
hoatdong/dakhoa.PNG,982,.png,hoatdong,21727a49858e7ad118e0a4f4ecf41c020a15b93eb99a02dfca10b761f93f225b,normal
hoatdong/dangbatdanh.PNG,3262,.png,hoatdong,3a79efba08f5c2a02f33eedfb17a1eabfb65513a601259ff424f296b39d99e66,normal
hoatdong/dangcuoi.PNG,1587,.png,hoatdong,49a6f05b63cde1647fe0dfdeac1ad0175d559ced9463e77fb057b5adcb0678d7,normal
hoatdong/dangtheo.PNG,1501,.png,hoatdong,f086a4f9968c93595f1fd9f5910c483dba59eb216293684309977ad95b74727a,normal
hoatdong/danhluaquai.PNG,1311,.png,hoatdong,2b79c0c3db76457c945cb91f3b23a3e43b9880ea0c2a827cc2302e1e5a0f70a6,normal
hoatdong/danhtheochu.PNG,2193,.png,hoatdong,1267b30410e5511bff7c4056a1a6f6fc477af7005a06adfd774fc8f300e2daca,normal
hoatdong/danhtudo.PNG,1988,.png,hoatdong,63b44c77d37f7993022a3f1075f7edb7e8bfe6714e028924a0dffeb94f8b3cf0,normal
hoatdong/danhy.PNG,2064,.png,hoatdong,cc847a299051d6ed670e5aaa673f89a1fe0f6bde62081cdd9ad220c4fe87800e,normal
hoatdong/danhy1.PNG,1524,.png,hoatdong,54b68096232c6998a83b07413b1a020f62cab814661191c61994a9aa2130f652,normal
hoatdong/dasudung.PNG,1554,.png,hoatdong,3258da8458bf2bd2c9165c515aefba179bcbbd2deb75672f983ef7121244da84,normal
hoatdong/datlen.PNG,1194,.png,hoatdong,301f4e0483787649c738bf6cec2045f531f4a1a26e7a98ad9398e7d9541854c0,normal
hoatdong/dauthai.PNG,1426,.png,hoatdong,6b1cc95a267774de0c4afc94a027dc9d32912e8a9a70a4a2f36c7e0e8ec72483,normal
hoatdong/davaodoi.PNG,1735,.png,hoatdong,8d450ca859b6bf96db36a012a4440822d1d232cd45d90a3dc37ed3b22fcac455,normal
hoatdong/davaophai.PNG,2395,.png,hoatdong,f8d846c00ffac02a5e5c1bd1889ce3ad0681bd94b72568f47a897ad066209619,normal
hoatdong/dendanhancoc.PNG,1114,.png,hoatdong,42101a73c4af5f10b2ac9266936909662d074b77998b7e11e181c429c09bfff6,normal
hoatdong/dendaohoa.PNG,1595,.png,hoatdong,9156a4f191bbdc747e1ff3f2140d75e03bf3dfcdd02f0ca891dc4e4c42c14928,normal
hoatdong/dendiadiem.PNG,2796,.png,hoatdong,a900d308e90ec57fc0be3b4c5e6f7c42ec5109bb0c7c05226667c397df21dfb0,normal
hoatdong/dendiemho.PNG,961,.png,hoatdong,539312a1da1d4ce0a210a87ed786aebedfbebfd5c5190b321bcf623ed52acb1a,normal
hoatdong/denhoanglong.PNG,1699,.png,hoatdong,c20f914e29acb4752d93b17b9bd7323b32473da2bbe2dccda2681b8ff5b41a39,normal
hoatdong/denlacduong.PNG,1156,.png,hoatdong,93cebe971e9d20074a42a55f0399df6b8967f3108f4eddb70a4f48882ae3f61b,normal
hoatdong/denlieutay.PNG,933,.png,hoatdong,d2b96f3c25f1d57b3587875abd02ab22e7da67bc2742e9008a0277407c05ee83,normal
hoatdong/denlongtuyen.PNG,1177,.png,hoatdong,5b8851834e9af4b1995500f47a13f85b5ec8260ac9338851ead6cba33ef36d7e,normal
hoatdong/denmieucuong.PNG,1240,.png,hoatdong,5eb38fcf5a412e07460040deaf94772a79cdf58a63f6d805bbcce909524499a8,normal
hoatdong/dennamchieu.PNG,1122,.png,hoatdong,636e254bd12b49e9ac990a89a5e337ffe6ea90d1b364ee9acd30963cf1c1cb66,normal
hoatdong/dennamhai.PNG,968,.png,hoatdong,328771db5cc19a100dffe1f85e645729cd35f59dd12f3af224efc99eb7858249,normal
hoatdong/denngockhe.PNG,1137,.png,hoatdong,a1bbdcd6ee1ece849670b34cd165d7f36bf1fb6f9e2d27c80c835c4fd373727e,normal
hoatdong/dennhihai.PNG,913,.png,hoatdong,b4580f95c17148bc15a6210e909c2ca1faa22d67a9fd73ee91f8586a490d1ccd,normal
hoatdong/denquynhchau.PNG,1165,.png,hoatdong,8f61062844e485becc7dad4f99596b4586efed1646b1c527ae164b2e8ac672fc,normal
hoatdong/dentienvuong.PNG,1572,.png,hoatdong,1495373452eada28cc3d844068ab5d167c039d2bde3c8b5d62cff4e03624a107,normal
hoatdong/dentungson.PNG,1034,.png,hoatdong,d1fc7004735d0d1c17ac2413b381c2580474e7e452a7b1bdda74caf22494a2e3,normal
hoatdong/denvodi.PNG,747,.png,hoatdong,74832d162429653da44ec2c758c9f112d6502ca8b2a328702b0cd89a859f2f4f,normal
hoatdong/diaphu.PNG,611,.png,hoatdong,4958bf6c393a99571622ec38e8eb45ab1c918e4f00e984f3c11cf93cdabd6ce3,normal
hoatdong/dichchuyen.PNG,2208,.png,hoatdong,20b17a170935f57e01335de07d173ca4b890e28216a3f29a1c5a3cb881212870,normal
hoatdong/dichtram.PNG,851,.png,hoatdong,3316af0ed567ce025394ba193a8eac2919c22090835fc0199239b76bf378448c,normal
hoatdong/dichuyen.PNG,1564,.png,hoatdong,7b0122af4b4eca7a6f54fd01e45934cd20c34f0a0711e6a66883fc401f131a88,normal
hoatdong/dichuyen1.PNG,2398,.png,hoatdong,a650c9d8f8ff7770b7c83e27f4c4b91c35505f611f6ad991df730de5b4d97002,normal
hoatdong/dichuyen2.PNG,2353,.png,hoatdong,7fafd02f6ebced69b10115c6859ef8d27771ecd9fa7b382d490092c9b70158c1,normal
hoatdong/dingangqua.PNG,4021,.png,hoatdong,b9648a6865bc59260298e523cc0167ec57883d55b5c4e55a5eddc59bd3f42b99,normal
hoatdong/dinhvi.PNG,1669,.png,hoatdong,a57cde8b7ea584ff85e2e303e811aa7f5b6793b7780341738f7fc6874c945856,normal
hoatdong/dinhviphu.PNG,1699,.png,hoatdong,8083ec051438aab6687be9d8b809055fb7dba72684424eb4aef3593492f65093,normal
hoatdong/dochoi.PNG,1865,.png,hoatdong,50bb9164b744d792b0633f28df6982d219d0a0474db5a7cf64441f1e5f08f007,normal
hoatdong/dodaisang.PNG,2213,.png,hoatdong,029db50db31f252f26e1852e478f15b7b912f6c9d36a1dd159cdcb88faf0afe8,normal
hoatdong/doingu.PNG,1088,.png,hoatdong,87c464036e39541c7e660137a29e0f7a710720a0f262ddc1a9e2a951b9ac90d0,normal
hoatdong/dongy.PNG,2181,.png,hoatdong,4cbe7cb22ef77c9d52735645682209d322e78b95e5082b3c05cdde04f802e8c6,normal
hoatdong/dongyvaodoi.PNG,1846,.png,hoatdong,d001183d02b0b4fb80ab2e8211a78a867f245e30d3d78d7814c233f16ca2182e,normal
hoatdong/duyet.PNG,1163,.png,hoatdong,a8ac70e0adcbd8a5b398f7223df93d30fc1968ede4ca07faedb9c42fee97576b,normal
hoatdong/endactac.PNG,968,.png,hoatdong,c79b5a8f5e7edd8f2bd00921fc492d83ba7cd229248e4e77b5dc7ca5e7a5bb7a,normal
hoatdong/endactac1.png,946,.png,hoatdong,e6d7553d9aa595028763641f646fd5b49a81288dc9447a212bc22ab3c424cd60,normal
hoatdong/endcaoson.PNG,1858,.png,hoatdong,002d05199ed31fd48366c45ae75e04be2d3336374b6cebfd0bab5da5ce080779,normal
hoatdong/endgiaivay.PNG,608,.png,hoatdong,82197c769a40e9266214ed11e4e0f80217bfcce34666746f936b4cd8921a9ec2,normal
hoatdong/endgiaivay1.PNG,2070,.png,hoatdong,700d96256e372a3b2eeb47864296bb10f293d888a128854c359f5958b9f22aec,normal
hoatdong/endlv10.PNG,2186,.png,hoatdong,a8051a8b9bbbbf1f76100a3a7468410fdb9b04b4a9d545fc044f865efad2e16d,normal
hoatdong/endtbd.PNG,603,.png,hoatdong,63bf3aff3653a689291d37ff6f4b4583ca4e32021167fef9f8a1877f73c00457,normal
hoatdong/endtbd1.PNG,1422,.png,hoatdong,d8709e5c863d7fad59916f89d3a82453df84d4d87e159eb8ca7101b1f383292c,normal
hoatdong/endtbd2.PNG,1611,.png,hoatdong,e7f75491394b4040e04d64856d99a8d1eb5207fd496299fc8771bed8139629ac,normal
hoatdong/endthuylao.PNG,1478,.png,hoatdong,f68c6ee4a8a12c873a602b0b77d43169c5b7c5000a8b5d9d8dcef0b3f7514eb6,normal
hoatdong/endthuylao1.PNG,1161,.png,hoatdong,0b313f8a1c01cfd7323b5448c52f32e7ed83484bb71e729abdf3a5020ab8298d,normal
hoatdong/endtrungac.PNG,816,.png,hoatdong,741732883b327c73a0d818ef908dba03141251f30feb7eb9f9d0830a8bd3c2be,normal
hoatdong/endtrungac1.PNG,1370,.png,hoatdong,22ccc4205ae10717db47754a724e5781a8e9f30fbf738e052179bec042fd4874,normal
hoatdong/gd.PNG,854,.png,hoatdong,7e5ed98f4b68bd93505e7436e2808311e01bab18a3117f52ec88b0f4a510aee7,normal
hoatdong/giaitan.PNG,1831,.png,hoatdong,7ffe1a0d17c605536c37215033c0a34b24c182d6cc1c4fec9cf3caa72b0d0f9d,normal
hoatdong/giamnguc.PNG,724,.png,hoatdong,82480892ddcd1644989f55b8da60bdc100f8cbbdca59a81bf49c3d217593e7fe,normal
hoatdong/gianhap.PNG,3541,.png,hoatdong,1068f15c72be627d73a6284368994dd203b6c6eb006d63d66ed125c593505368,normal
hoatdong/giaodich.PNG,1681,.png,hoatdong,80424bd236af9266ccf4567829b72a930aeefa2a2d697c434fd17978cedc33d6,normal
hoatdong/goc1.PNG,1549,.png,hoatdong,b863cad0a58099e1f2a67c9d3f81860fbb922a544110cc84c49c8a43f9c1bb74,normal
hoatdong/goclag1.PNG,1769,.png,hoatdong,723e26bb1cf47429e3d49dc4ad6d25b3e67ccb3b3a5bdfba56eb2d4f7c24bf03,normal
hoatdong/gocmieucuong.PNG,2041,.png,hoatdong,8d876c845fb8bbf2ef9d8bf49216bc6fb9c010fc1a5c0ede1966500f92710328,normal
hoatdong/gocnamhai.PNG,3064,.png,hoatdong,d11302f093bbd715d362d9e76817a9c602b9f7d820a9f761c4aa37fdaaf3bf4c,normal
hoatdong/haohuu.PNG,1740,.png,hoatdong,1a36c6aba783353481b0e4c1695a2380ff014fbbffd0691c54814d00064e4593,normal
hoatdong/hetmau.png,387,.png,hoatdong,b11f65355a8a627b805acdbf473903418233ac836688fe47c74386ebb4f38a53,normal
hoatdong/hetmau1.PNG,185,.png,hoatdong,1e28b2b11ef2b3d897920bcf99a617dd4a721ff903f1af0931bf6f777f3ce816,normal
hoatdong/hetmau2.PNG,1237,.png,hoatdong,965ebe4af91ffaac1c218a34b557dce108c932396e0986a1b75af36a2253fa9b,normal
hoatdong/hetquai.PNG,3448,.png,hoatdong,abb0f0bea85f0ba69e0dddd79ccc31f2d7a0e67a25e39dad9436160fa03f5133,normal
hoatdong/hetquai1.PNG,2675,.png,hoatdong,afbf233ca16d2dba3be6c06125c5d188ac8ad62ac1db9031b3f4f99679bd37c2,normal
hoatdong/hetquaiat.png,1136,.png,hoatdong,c6d395fe9aa43f7fda8b2e88a3ddf6d05bf63ae71c6823cebe697365f4e506c2,normal
hoatdong/hetquaiat1.png,1611,.png,hoatdong,485630ee5f1cafcbef91a6d17db6b702dabd035e8cb8234f745aa989560945c3,normal
hoatdong/hoangchi.PNG,2282,.png,hoatdong,9579c62ee6c4a6eea0de05cfda8efa46620e61121627f2a42d825d0fe92074c7,normal
hoatdong/hoanglongphu.PNG,903,.png,hoatdong,603cdf0c249459a14e89cee6a9e026cc0ef15eefbe1698949375067282c2b0dc,normal
hoatdong/hodiembao.PNG,1820,.png,hoatdong,48f3f8bcc03d45d8f9be6b933916f6198ef8d8d5b362d2cf6eb45e7bdad9fef0,normal
hoatdong/holo.PNG,785,.png,hoatdong,d148bd35216f9d9c83bc16c037c08aad00601f137b985a6c7057d6665a0ddec1,normal
hoatdong/holo1.PNG,759,.png,hoatdong,5ec5b01082bbb2f04c37b6e00cb5a3bbcb7732ccb70466d48aed929fa678c052,normal
hoatdong/huynv.PNG,2455,.png,hoatdong,f1556c1e2826fa920b789442e3ada89b4cf632a6e1c794393b6002ca613bc6af,normal
hoatdong/huyquanhe.PNG,1434,.png,hoatdong,7e3d02ae39354b16d720c41471a958d646b74a0f93c1b54be14d20bc169538d2,normal
hoatdong/itemchencom.PNG,1765,.png,hoatdong,e8bafb33eaad0c456430e9e0d6ddb73936c2a842bf808bab66ed26c3fae9b89d,normal
hoatdong/itemholo.PNG,1901,.png,hoatdong,957eb60af720a29ed32b69e270f140a4d4d7a9f9c521a580fb9a199d0b414e8a,normal
hoatdong/itemholo1.PNG,1698,.png,hoatdong,57b7ec5597c83e8542f345924056c4ce900ab618aa545759c4e4364b6b5c635d,normal
hoatdong/itemhopmau.PNG,1600,.png,hoatdong,e806050b0724518c917bafc0d8fc4a857834860909f9574a455a4ac15c1aaf42,normal
hoatdong/itemkimsangduoc.PNG,1673,.png,hoatdong,46e817287f3e289456a0a04e0acd9a079e7b81e3f8a8d3338476059ff29e1b02,normal
hoatdong/itemlocnhung.PNG,1658,.png,hoatdong,386837b80aff1e7a49fe4a6887d8ab6cd4144f52a31d6066c6b93e4131df80ed,normal
hoatdong/itemmana.PNG,2275,.png,hoatdong,0f57d89999ea09c9471f49c33b7e1c6fc652d261bd5975dd17c70d75c2e9a184,normal
hoatdong/itemmau.PNG,1877,.png,hoatdong,65a7281ffde01f0d5366dbb8de19081787ef5ffc41a22f4a0a2a9b643ad5158a,normal
hoatdong/itemmau1.PNG,1858,.png,hoatdong,ef944e973299dbaa0395d26a9b54fbec3194f85a07c59ac70294a9b447629c8c,normal
hoatdong/itemngocbinh.PNG,1900,.png,hoatdong,55039610267243b1e4180aa5a6ab83d54808f7723b5eea7d7daaebf4a159624e,normal
hoatdong/itemphu.PNG,1752,.png,hoatdong,7f26739a15817fb8fdec0d204a17cfe2a229bdbef668a9dd096e64fcab12afd7,normal
hoatdong/itemqui.PNG,1205,.png,hoatdong,8ebed2206884b01f7aa69609495ce44a7dff3caf6cd6817a28bece225ecbb9be,normal
hoatdong/itemquilinhhoan.PNG,1908,.png,hoatdong,21e3b1eaec422c2e6fd7f30a42334b37a9f0432eeb1fc808406e6ecb6ced1f47,normal
hoatdong/itemthaihuong.PNG,1521,.png,hoatdong,0cafaf1211a48d355cf36c0015165ff630101e6bbd0da881906e5754b3530215,normal
hoatdong/kenhchatpt.PNG,1514,.png,hoatdong,c4cd183d26a9b64e4e15f42477fe05331f39cb035b07f6dede26f76397ddf1c2,normal
hoatdong/kenhtg.PNG,2132,.png,hoatdong,9a81f59537799519cff44227473fbee86b7175a78f58073e57e023486f804fed,normal
hoatdong/ketgoclag.PNG,1552,.png,hoatdong,74e7dac384774f06954ce2c0d0b2977db694f3ed1f16208abf28179d16dcd085,normal
hoatdong/ketmap.PNG,15194,.png,hoatdong,c56f5eb120cbf5ce240b2b7e2be24874e9becf92c7ab640f463a96dc5c2d712f,normal
hoatdong/ketnv.PNG,1952,.png,hoatdong,8687ebc74dd2058d7b516dae6cd308d5127ecad10abd40a6ea6455c901751121,normal
hoatdong/khieuchienactac.PNG,2615,.png,hoatdong,6e0f18a977b9b4c28fa806a84f9719420edade89edf9a95d159c8ae668b35211,normal
hoatdong/khoa.PNG,1352,.png,hoatdong,29d515cfc9c2d82511b472fbea84710834b277537c48f438dd3f8f59970bbc47,normal
hoatdong/khochua.PNG,1045,.png,hoatdong,bccd143cd86c1c8c23854dcb7f2af3a9e15ed86a0ac488705a0affab632f4674,normal
hoatdong/khuvuc.PNG,1570,.png,hoatdong,2d387e0b686f7834b8b5e362d6799b80e07a311fdca36c0f88e2d863d72d1d5c,normal
hoatdong/kichhoat.PNG,3475,.png,hoatdong,d309e5e448c72bfd5f8685359524ce2dc473f29d200b9c0825489c0331d56e93,normal
hoatdong/kiem.PNG,2093,.png,hoatdong,7784e9dced0e1c017903e355e9d72de97edd8942f32590eec820b90df426c948,normal
hoatdong/kimsangduoc.PNG,1245,.png,hoatdong,0abce97656125d0fe8cc65569be9062bc5b2f7acfeb9306d48862475d089334d,normal
hoatdong/kimsangduoc1.PNG,1456,.png,hoatdong,171a1e9317e9c03a48471f2a007f781aef8250b761da6a2a9d4af44fb7b98a96,normal
hoatdong/kimtien.PNG,1597,.png,hoatdong,5b9b07f37ce0777fe6f5b4f686f96cb42b7ee8ebebcf0d45c738e7bde1d8b518,normal
hoatdong/kimtienclick.PNG,1833,.png,hoatdong,18d5bd71f22ddd16746efccfc38c217a0e40601cbf1f444839fe38ae0ca826a2,normal
hoatdong/kinang.PNG,2026,.png,hoatdong,949f3f960e1fa8243c38cc2fa22a49e40a84dd75e767ce78df1a9df90c8ce258,normal
hoatdong/koconv.PNG,2704,.png,hoatdong,ca2a42502f022de48a4eb3402344925509621119df53474570b16ffa3ef06963,normal
hoatdong/koconvtbd.PNG,1527,.png,hoatdong,021d62aa0358003ac13722e0298fcd075f1d880fb358922f6edb4577468ef96f,normal
hoatdong/kocoquai.PNG,1482,.png,hoatdong,e6b6af00b9ef91028830327c01350a03ee55569793b70ed87e469f4d769c507a,normal
hoatdong/kocoquai1.PNG,1577,.png,hoatdong,130cc12ede54765f10d4f66adf845a4331b634da6fb3bb21d1c7e708518fe3cb,normal
hoatdong/kocothucuoi.PNG,1816,.png,hoatdong,7a32ef83a632cb58179b229b621f8bcdd4ee0e16ff2a8aad4106a4a675bf7210,normal
hoatdong/lenhbai.PNG,1172,.png,hoatdong,2c21609abe69f1ee5a04cc58a5132181ac7e45a3829cf9231b8e48827d78c1c7,normal
hoatdong/lieutay.PNG,554,.png,hoatdong,f89e404e5dc86b55aa42d7d34580fa943a7421bf6284efd73f8c3a406f24a753,normal
hoatdong/listnpctochau.PNG,1048,.png,hoatdong,cea539611148b48438d3eed2fe98ae4096af9145fc5ad2f83d3b665e173e536e,normal
