declaring_type,property,getter_rid,getter_rva,setter_rid,setter_rva,feature_tags
KhungCode_Auto.AccountInfo,UserName,278,0x256F74,279,0x256FD0,
KhungCode_Auto.AccountInfo,Cum_Server,280,0x257034,281,0x257090,account_login
KhungCode_Auto.AccountInfo,STT_Server,282,0x2570F4,283,0x257150,account_login
KhungCode_Auto.AccountInfo,toadoX,284,0x257178,285,0x2571C0,travel_navigation
KhungCode_Auto.AccountInfo,toadoY,286,0x257214,287,0x25725C,travel_navigation
KhungCode_Auto.AccountInfo,FileLoginPath,288,0x257284,289,0x25729C,
KhungCode_Auto.AccountInfo,DataTho,290,0x2572F0,291,0x257338,
KhungCode_Auto.AccountInfo,Password,292,0x25739C,293,0x2573B4,
KhungCode_Auto.AccountInfo,Status,294,0x25742C,295,0x257474,
KhungCode_Auto.AccountInfo,STT,296,0x2574D8,297,0x257534,
KhungCode_Auto.AccountInfo,Color,298,0x257590,299,0x2575A8,
KhungCode_Auto.AccountInfo,EStatus,300,0x25760C,301,0x257668,
KhungCode_Auto.AccountInfo,IsSelected,302,0x257800,303,0x25785C,
KhungCode_Auto.CorinateStatus,status,317,0x257BC4,318,0x257BD8,
KhungCode_Auto.CorinateStatus,request,319,0x257BEC,320,0x257C00,
KhungCode_Auto.DeviceInfo,ImageScreen,323,0x257C4C,324,0x257CA8,vision_perception
KhungCode_Auto.DeviceInfo,phanloaithucan,325,0x257CFC,326,0x257D58,pet_mount
KhungCode_Auto.DeviceInfo,catdovaokho,327,0x257DAC,328,0x257DF4,storage
KhungCode_Auto.DeviceInfo,x2,329,0x257E50,330,0x257EAC,
KhungCode_Auto.DeviceInfo,sttTEAM,331,0x257F00,332,0x257F5C,
KhungCode_Auto.DeviceInfo,dichuyen,333,0x257F84,334,0x257FE0,travel_navigation
KhungCode_Auto.DeviceInfo,fullpt,335,0x258044,336,0x25808C,
KhungCode_Auto.DeviceInfo,coitemphu,337,0x2580E0,338,0x258128,
KhungCode_Auto.DeviceInfo,coitemngua,339,0x25817C,340,0x258194,
KhungCode_Auto.DeviceInfo,TRANGTHAI_THUYLAO,341,0x25820C,342,0x258268,activity_thuylao
KhungCode_Auto.DeviceInfo,TRANGTHAITIMACTAC,343,0x258290,344,0x2582A8,activity_actac
KhungCode_Auto.DeviceInfo,TRANGTHAI_TRUNGAC,345,0x258320,346,0x258368,
KhungCode_Auto.DeviceInfo,isTA,347,0x2583BC,348,0x258404,
KhungCode_Auto.DeviceInfo,TRANGTHAI_TRAIN,349,0x25847C,350,0x2584C4,train_combat
KhungCode_Auto.DeviceInfo,TRANGTHAI_CHINHTUYEN,351,0x258518,352,0x258574,quest_level
KhungCode_Auto.DeviceInfo,TRANGTHAI_ACTAC,353,0x25859C,354,0x2585E4,activity_actac
KhungCode_Auto.DeviceInfo,slmisstrungac,355,0x25860C,356,0x258654,
KhungCode_Auto.DeviceInfo,sldisgame,357,0x2586A8,358,0x258704,account_login
KhungCode_Auto.DeviceInfo,slCAPTCHA,359,0x258768,360,0x258780,captcha
KhungCode_Auto.DeviceInfo,tenmaptrain,361,0x2587E4,362,0x258840,train_combat
KhungCode_Auto.DeviceInfo,toado_actac,363,0x2588A4,364,0x2588EC,activity_actac;travel_navigation
KhungCode_Auto.DeviceInfo,isKEY,365,0x258950,366,0x2589AC,auth_update
KhungCode_Auto.DeviceInfo,isKO,367,0x258A00,368,0x258A48,
KhungCode_Auto.DeviceInfo,QuestThread,370,0x258ACC,371,0x258B14,core_orchestration;quest_level
KhungCode_Auto.DeviceInfo,CheckQuestThread,372,0x258B8C,373,0x258BE8,core_orchestration;quest_level
KhungCode_Auto.DeviceInfo,IsSelectAllQuest,374,0x258C4C,375,0x258C94,quest_level
KhungCode_Auto.DeviceInfo,CurrentAccountIndex,376,0x258E18,377,0x258E74,account_login
KhungCode_Auto.DeviceInfo,Quest,378,0x258EEC,379,0x258F34,quest_level
KhungCode_Auto.DeviceInfo,Accounts,380,0x258F90,381,0x258FEC,account_login
KhungCode_Auto.DeviceInfo,IsRuningQuest,382,0x259050,383,0x259098,quest_level
KhungCode_Auto.DeviceInfo,DeviceHandle,384,0x2590C0,385,0x2590D8,core_orchestration
KhungCode_Auto.DeviceInfo,DeviceID,386,0x25912C,387,0x259188,core_orchestration
KhungCode_Auto.DeviceInfo,DeviceName,388,0x2591B0,389,0x25920C,core_orchestration
KhungCode_Auto.DeviceInfo,Status,390,0x259270,391,0x2592B8,core_orchestration
KhungCode_Auto.DeviceInfo,taikhoan,392,0x25930C,393,0x259354,account_login
KhungCode_Auto.DeviceInfo,matkhau,394,0x2593B8,395,0x259400,account_login
KhungCode_Auto.DeviceInfo,cumsv,396,0x259428,397,0x259470,account_login
KhungCode_Auto.DeviceInfo,sever,398,0x259498,399,0x2594E0,account_login
KhungCode_Auto.DeviceInfo,toadoTRENBANG,400,0x259544,401,0x2595A0,travel_navigation
KhungCode_Auto.DeviceInfo,toadoX,402,0x259604,403,0x259660,travel_navigation
KhungCode_Auto.DeviceInfo,toadoY,404,0x259688,405,0x2596D0,travel_navigation
KhungCode_Auto.DeviceInfo,toadoclickX,406,0x259734,407,0x25977C,travel_navigation
KhungCode_Auto.DeviceInfo,DIS,408,0x2597D8,409,0x259834,core_orchestration
KhungCode_Auto.DeviceInfo,IsSelected,410,0x259888,411,0x2598E4,core_orchestration
KhungCode_Auto.DeviceInfo,Color,412,0x259948,413,0x2599A4,
KhungCode_Auto.DeviceInfo,EStatus,414,0x259A00,415,0x259A48,core_orchestration
KhungCode_Auto.DeviceInfo,toado1,416,0x259B88,417,0x259BD0,travel_navigation
KhungCode_Auto.NoxMultiIni,pid,975,0x2BB594,976,0x2BB5A8,core_orchestration
KhungCode_Auto.NoxMultiIni,vmpid,977,0x2BB5BC,978,0x2BB5D0,core_orchestration
KhungCode_Auto.NoxMultiIni,Ports,979,0x2BB5E4,980,0x2BB5F8,core_orchestration
KhungCode_Auto.QuestInfo,QuestThread,1002,0x2BBA80,1003,0x2BBAC8,core_orchestration;quest_level
KhungCode_Auto.QuestInfo,DeviceID,1004,0x2BBAF0,1005,0x2BBB4C,quest_level
KhungCode_Auto.QuestInfo,Device,1006,0x2BBB74,1007,0x2BBBD0,quest_level
KhungCode_Auto.QuestInfo,IsRuningQuest,1008,0x2BBC24,1009,0x2BBC6C,quest_level
KhungCode_Auto.QuestInfo,QuestToDo,1010,0x2BBCD0,1011,0x2BBD2C,quest_level
KhungCode_Auto.QuestInfo,ThoiGian,1012,0x2BBD54,1013,0x2BBD9C,quest_level;scheduler
KhungCode_Auto.QuestInfo,IsThoiGian,1014,0x2BBE14,1015,0x2BBE5C,quest_level;scheduler
KhungCode_Auto.QuestInfo,Isslnhanvat,1016,0x2BBEB0,1017,0x2BBF0C,quest_level
KhungCode_Auto.QuestInfo,Status,1018,0x2BBF84,1019,0x2BBFE0,quest_level
KhungCode_Auto.QuestInfo,QuestName,1020,0x2BC044,1021,0x2BC08C,quest_level
KhungCode_Auto.QuestInfo,IsSelected,1022,0x2BC0F0,1023,0x2BC14C,quest_level
KhungCode_Auto.QuestInfo,Color,1024,0x2BC1A0,1025,0x2BC1E8,quest_level
KhungCode_Auto.QuestInfo,EStatus,1026,0x2BC244,1027,0x2BC28C,quest_level
KhungCode_Auto.QuestInfo,IsLeader,1028,0x2BC3FC,1029,0x2BC414,quest_level
KAutoHelper.NoxMultiIni,pid,23,0x2CD4,24,0x2CDC,core_orchestration
KAutoHelper.NoxMultiIni,vmpid,25,0x2CE5,26,0x2CED,core_orchestration
KAutoHelper.NoxMultiIni,Ports,27,0x2CF6,28,0x2CFD,core_orchestration
