assembly,rid,parent_kind,parent_type,member_name,feature_tags
Auto_ThanLong_obfusca.exe,1,TypeRef,System.Runtime.CompilerServices.SuppressIldasmAttribute,.ctor,
Auto_ThanLong_obfusca.exe,2,TypeRef,System.Windows.Documents.Adorner,GetDesiredTransform,
Auto_ThanLong_obfusca.exe,3,TypeRef,System.Windows.Documents.Adorner,MeasureOverride,
Auto_ThanLong_obfusca.exe,4,TypeRef,System.Windows.FrameworkElement,ArrangeOverride,
Auto_ThanLong_obfusca.exe,5,TypeRef,System.Windows.FrameworkElement,GetVisualChild,
Auto_ThanLong_obfusca.exe,6,TypeRef,System.Windows.FrameworkElement,get_VisualChildrenCount,
Auto_ThanLong_obfusca.exe,7,TypeRef,System.Runtime.CompilerServices.IAsyncStateMachine,MoveNext,
Auto_ThanLong_obfusca.exe,8,TypeRef,System.Runtime.CompilerServices.IAsyncStateMachine,SetStateMachine,
Auto_ThanLong_obfusca.exe,9,TypeRef,System.ComponentModel.INotifyPropertyChanged,add_PropertyChanged,
Auto_ThanLong_obfusca.exe,10,TypeRef,System.ComponentModel.INotifyPropertyChanged,remove_PropertyChanged,
Auto_ThanLong_obfusca.exe,11,TypeRef,System.Windows.Markup.IComponentConnector,InitializeComponent,
Auto_ThanLong_obfusca.exe,12,TypeRef,System.Windows.Markup.IComponentConnector,Connect,
Auto_ThanLong_obfusca.exe,13,TypeRef,System.Windows.Markup.IStyleConnector,Connect,
Auto_ThanLong_obfusca.exe,14,TypeRef,System.Runtime.CompilerServices.CompilationRelaxationsAttribute,.ctor,
Auto_ThanLong_obfusca.exe,15,TypeRef,System.Runtime.CompilerServices.RuntimeCompatibilityAttribute,.ctor,
Auto_ThanLong_obfusca.exe,16,TypeRef,System.Diagnostics.DebuggableAttribute,.ctor,
Auto_ThanLong_obfusca.exe,17,TypeRef,System.Reflection.AssemblyTitleAttribute,.ctor,
Auto_ThanLong_obfusca.exe,18,TypeRef,System.Reflection.AssemblyDescriptionAttribute,.ctor,
Auto_ThanLong_obfusca.exe,19,TypeRef,System.Reflection.AssemblyConfigurationAttribute,.ctor,
Auto_ThanLong_obfusca.exe,20,TypeRef,System.Reflection.AssemblyCompanyAttribute,.ctor,
Auto_ThanLong_obfusca.exe,21,TypeRef,System.Reflection.AssemblyProductAttribute,.ctor,
Auto_ThanLong_obfusca.exe,22,TypeRef,System.Reflection.AssemblyCopyrightAttribute,.ctor,
Auto_ThanLong_obfusca.exe,23,TypeRef,System.Reflection.AssemblyTrademarkAttribute,.ctor,
Auto_ThanLong_obfusca.exe,24,TypeRef,System.Runtime.InteropServices.ComVisibleAttribute,.ctor,
Auto_ThanLong_obfusca.exe,25,TypeRef,System.Windows.ThemeInfoAttribute,.ctor,
Auto_ThanLong_obfusca.exe,26,TypeRef,System.Reflection.AssemblyFileVersionAttribute,.ctor,
Auto_ThanLong_obfusca.exe,27,TypeRef,System.Windows.Resources.AssemblyAssociatedContentFileAttribute,.ctor,
Auto_ThanLong_obfusca.exe,28,TypeRef,System.Runtime.Versioning.TargetFrameworkAttribute,.ctor,
Auto_ThanLong_obfusca.exe,29,TypeRef,System.Runtime.CompilerServices.CompilerGeneratedAttribute,.ctor,
Auto_ThanLong_obfusca.exe,30,TypeRef,System.AttributeUsageAttribute,.ctor,
Auto_ThanLong_obfusca.exe,31,TypeRef,System.Diagnostics.DebuggerBrowsableAttribute,.ctor,
Auto_ThanLong_obfusca.exe,32,TypeRef,System.CodeDom.Compiler.GeneratedCodeAttribute,.ctor,
Auto_ThanLong_obfusca.exe,33,TypeRef,System.Diagnostics.DebuggerNonUserCodeAttribute,.ctor,
Auto_ThanLong_obfusca.exe,34,TypeRef,System.ComponentModel.EditorBrowsableAttribute,.ctor,
Auto_ThanLong_obfusca.exe,35,TypeRef,System.Runtime.CompilerServices.AsyncStateMachineAttribute,.ctor,
Auto_ThanLong_obfusca.exe,36,TypeRef,System.Diagnostics.DebuggerStepThroughAttribute,.ctor,
Auto_ThanLong_obfusca.exe,37,TypeRef,System.Diagnostics.DebuggerHiddenAttribute,.ctor,
Auto_ThanLong_obfusca.exe,38,TypeRef,System.Runtime.CompilerServices.CallerMemberNameAttribute,.ctor,
Auto_ThanLong_obfusca.exe,39,TypeRef,System.STAThreadAttribute,.ctor,
Auto_ThanLong_obfusca.exe,40,TypeRef,System.ComponentModel.DesignerCategoryAttribute,.ctor,
Auto_ThanLong_obfusca.exe,41,TypeRef,System.Xml.Serialization.XmlTypeAttribute,.ctor,
Auto_ThanLong_obfusca.exe,42,TypeRef,System.Xml.Serialization.XmlRootAttribute,.ctor,
Auto_ThanLong_obfusca.exe,43,TypeRef,System.Type,GetTypeFromHandle,
Auto_ThanLong_obfusca.exe,44,TypeRef,System.Type,GetMethod,
Auto_ThanLong_obfusca.exe,45,TypeRef,System.Threading.ParameterizedThreadStart,.ctor,
Auto_ThanLong_obfusca.exe,46,TypeRef,System.Threading.Thread,.ctor,
Auto_ThanLong_obfusca.exe,47,TypeRef,System.Threading.Thread,set_IsBackground,
Auto_ThanLong_obfusca.exe,48,TypeRef,System.Threading.Thread,Start,
Auto_ThanLong_obfusca.exe,49,TypeRef,System.Environment,FailFast,
Auto_ThanLong_obfusca.exe,50,TypeRef,System.Reflection.MethodBase,Invoke,
Auto_ThanLong_obfusca.exe,51,TypeRef,System.Object,Equals,
Auto_ThanLong_obfusca.exe,52,TypeRef,System.Threading.Thread,Sleep,
Auto_ThanLong_obfusca.exe,53,TypeRef,System.Threading.Thread,get_CurrentThread,
Auto_ThanLong_obfusca.exe,54,TypeRef,System.Threading.Thread,get_IsAlive,
Auto_ThanLong_obfusca.exe,55,TypeRef,System.Diagnostics.Debugger,get_IsAttached,
Auto_ThanLong_obfusca.exe,56,TypeRef,System.Diagnostics.Debugger,IsLogging,
Auto_ThanLong_obfusca.exe,57,TypeRef,System.IO.MemoryStream,.ctor,
Auto_ThanLong_obfusca.exe,58,TypeRef,System.IO.Stream,Read,
Auto_ThanLong_obfusca.exe,59,TypeRef,System.Array,Reverse,
Auto_ThanLong_obfusca.exe,60,TypeRef,System.BitConverter,IsLittleEndian,
Auto_ThanLong_obfusca.exe,61,TypeRef,System.BitConverter,ToInt32,
Auto_ThanLong_obfusca.exe,62,TypeRef,System.IO.MemoryStream,.ctor,
Auto_ThanLong_obfusca.exe,63,TypeRef,System.IO.Stream,get_Length,
Auto_ThanLong_obfusca.exe,64,TypeRef,System.Runtime.CompilerServices.RuntimeHelpers,InitializeArray,
Auto_ThanLong_obfusca.exe,65,TypeRef,System.Reflection.Assembly,GetExecutingAssembly,
Auto_ThanLong_obfusca.exe,66,TypeRef,System.Reflection.Assembly,GetCallingAssembly,
Auto_ThanLong_obfusca.exe,67,TypeRef,System.Type,GetElementType,
Auto_ThanLong_obfusca.exe,68,TypeRef,System.Array,CreateInstance,
Auto_ThanLong_obfusca.exe,69,TypeRef,System.Buffer,BlockCopy,
Auto_ThanLong_obfusca.exe,70,TypeRef,System.Text.Encoding,get_UTF8,
Auto_ThanLong_obfusca.exe,71,TypeRef,System.Text.Encoding,GetString,
Auto_ThanLong_obfusca.exe,72,TypeRef,System.String,Intern,
Auto_ThanLong_obfusca.exe,73,TypeRef,System.Reflection.Assembly,Load,
Auto_ThanLong_obfusca.exe,74,TypeRef,System.AppDomain,get_CurrentDomain,
Auto_ThanLong_obfusca.exe,75,TypeRef,System.ResolveEventHandler,.ctor,
Auto_ThanLong_obfusca.exe,76,TypeRef,System.AppDomain,add_AssemblyResolve,
Auto_ThanLong_obfusca.exe,77,TypeRef,System.Reflection.Assembly,get_FullName,
Auto_ThanLong_obfusca.exe,78,TypeRef,System.ResolveEventArgs,get_Name,
Auto_ThanLong_obfusca.exe,79,TypeRef,System.String,op_Equality,
Auto_ThanLong_obfusca.exe,80,TypeRef,System.Type,get_Module,
Auto_ThanLong_obfusca.exe,81,TypeRef,System.Reflection.Module,get_FullyQualifiedName,
Auto_ThanLong_obfusca.exe,82,TypeRef,System.String,get_Length,
Auto_ThanLong_obfusca.exe,83,TypeRef,System.String,get_Chars,
Auto_ThanLong_obfusca.exe,84,TypeRef,System.Runtime.InteropServices.Marshal,GetHINSTANCE,
Auto_ThanLong_obfusca.exe,85,TypeRef,System.IntPtr,op_Explicit,
Auto_ThanLong_obfusca.exe,86,TypeRef,System.IntPtr,op_Explicit,
Auto_ThanLong_obfusca.exe,87,TypeRef,System.IO.Stream,ReadByte,
Auto_ThanLong_obfusca.exe,88,TypeRef,System.Object,.ctor,
Auto_ThanLong_obfusca.exe,89,TypeRef,System.Math,Max,
Auto_ThanLong_obfusca.exe,90,TypeRef,System.IO.Stream,Write,
Auto_ThanLong_obfusca.exe,91,TypeRef,System.Attribute,.ctor,
Auto_ThanLong_obfusca.exe,92,TypeSpec,,canInitiateDrag,
Auto_ThanLong_obfusca.exe,93,TypeSpec,,dragAdornerOpacity,
Auto_ThanLong_obfusca.exe,94,TypeSpec,,indexToSelect,
Auto_ThanLong_obfusca.exe,95,TypeSpec,,showDragAdorner,
Auto_ThanLong_obfusca.exe,96,TypeSpec,,.ctor,
Auto_ThanLong_obfusca.exe,97,TypeSpec,,set_ListView,
Auto_ThanLong_obfusca.exe,98,TypeSpec,,.ctor,
Auto_ThanLong_obfusca.exe,99,TypeSpec,,set_DragAdornerOpacity,
Auto_ThanLong_obfusca.exe,100,TypeSpec,,set_ShowDragAdorner,
Auto_ThanLong_obfusca.exe,101,TypeSpec,,get_IsDragInProgress,
Auto_ThanLong_obfusca.exe,102,TypeSpec,,‎⁯‏‍⁭⁫‭‮‌​​‭⁬⁪⁪⁭⁫⁮‬‪‍​‮‮‏‮⁫⁪⁫‭‫⁬‫​‪‏⁭‌‬‍‮,
Auto_ThanLong_obfusca.exe,103,TypeSpec,,‫‮⁯‬‬‏⁭‍‫‪‪⁮‬‬⁪‪⁮⁮‮⁬‫​‬‎‭​⁫‫⁮⁪⁫‪⁫‌‮‎‌‎⁫‫‮,
Auto_ThanLong_obfusca.exe,104,TypeSpec,,isDragInProgress,
Auto_ThanLong_obfusca.exe,105,TypeSpec,,listView,
Auto_ThanLong_obfusca.exe,106,TypeSpec,,⁯‫⁭‏‏⁬‌⁮⁭⁪‭‬‌‍⁬⁮‮‫⁮‏‍‪‬‬‭‬‬‫⁪‮⁮‬​⁬‭‫‮‎‍‏‮,
Auto_ThanLong_obfusca.exe,107,TypeSpec,,listView_PreviewMouseMove,
Auto_ThanLong_obfusca.exe,108,TypeRef,System.Windows.Input.MouseEventHandler,.ctor,
Auto_ThanLong_obfusca.exe,109,TypeSpec,,‏⁪⁫‫⁫‬‌‬‪​⁬​‮‎‌⁫​⁭‪⁭⁯‬‌⁮‏‌‪‌‭‬‎‏⁭‍⁮‏‬‬​⁯‮,
Auto_ThanLong_obfusca.exe,110,TypeSpec,,listView_Drop,
Auto_ThanLong_obfusca.exe,111,TypeRef,System.Windows.DragEventHandler,.ctor,
Auto_ThanLong_obfusca.exe,112,TypeSpec,,‭‏‌‍⁭⁭⁫⁯‭‍⁭‪⁬‏⁪‍‮‬⁭⁯‍‮‮‭⁫‬‏⁭‍‎⁫⁭⁪‍‎⁮‪⁫‍‬‮,
Auto_ThanLong_obfusca.exe,113,TypeSpec,,listView_DragLeave,
Auto_ThanLong_obfusca.exe,114,TypeSpec,,‬⁫​​‎⁭‌⁯‪‎‫‏‎⁫⁭⁫‎‪‬⁬‮⁫⁮‎‏‌‏‌⁪‏‮⁪⁮⁯‌⁭‎⁭‬⁫‮,
Auto_ThanLong_obfusca.exe,115,TypeSpec,,listView_PreviewMouseLeftButtonDown,
Auto_ThanLong_obfusca.exe,116,TypeRef,System.Windows.Input.MouseButtonEventHandler,.ctor,
Auto_ThanLong_obfusca.exe,117,TypeSpec,,⁫‫‎⁭⁫⁬‫‬‮‏⁬‌⁬‎‫⁫‏‍⁫⁬​‮‎‌‎⁭‫⁬⁬​‍‏⁯⁮⁪‌⁮​⁪⁯‮,
Auto_ThanLong_obfusca.exe,118,TypeSpec,,‍‫⁭⁬⁮‫‎⁪⁪​‪‍‬‬⁮‭⁪​⁫‌‍⁫⁫⁯⁬‍⁬‭‎​​‮‭‮⁭⁭⁯​‌‬‮,
Auto_ThanLong_obfusca.exe,119,TypeSpec,,⁮‭⁮‬⁮⁮‌‪⁬‬‎‌⁫‮‏‌​⁮‪⁪‪‪​⁮⁯‬‎‮⁯‎‏⁭⁮⁯‮⁯‌‍‭‫‮,
Auto_ThanLong_obfusca.exe,120,TypeSpec,,listView_DragEnter,
Auto_ThanLong_obfusca.exe,121,TypeSpec,,⁬⁬‭⁭‍‎‍‪⁯‮‪‍⁬⁫‪‫‮‮⁫‏‫⁭⁭⁬‍⁬​‫‪​‪⁫‏‪‌‫⁫‌⁯‮,
Auto_ThanLong_obfusca.exe,122,TypeSpec,,listView_DragOver,
Auto_ThanLong_obfusca.exe,123,TypeSpec,,‬⁯‌⁯‬‎⁮​‍‬⁬‏‏⁬‮‪​‭⁬‭‪​‍‭⁬‮‍‬⁫‍⁮‪‫‪‪‏​⁪‬⁪‮,
Auto_ThanLong_obfusca.exe,124,TypeSpec,,⁯‌⁬‮‮⁯​‮⁬​‫‎‮‬⁪‍​‪⁬⁭‬⁭‮‮⁭⁭‎‌⁬⁫⁬​‏⁬⁮⁫‬‮‮‌‮,
Auto_ThanLong_obfusca.exe,125,TypeSpec,,‮‍‭‪‌​‫‏​‎‏‪⁮⁮⁪‫⁮‭⁬‮⁮⁪‍‏‍‭​‫⁪⁯‏‮‮‍‮⁪⁬‪‍⁭‮,
Auto_ThanLong_obfusca.exe,126,TypeSpec,,‫‬⁪⁪⁮⁯​‏‫‌‍⁮⁪⁯⁯⁮‫⁫​‌‬⁭⁪⁯⁯‍⁭‫​‪⁪‫⁪⁬⁫⁬​‭⁯‭‮,
Auto_ThanLong_obfusca.exe,127,TypeSpec,,‮‪‪⁮​⁪‍‭‬‍⁯‎​‭​⁮‮⁯‫‪‍‮‮⁯⁫⁭‮⁭‫‫‭⁫⁪‌​‬‭‫‭⁭‮,
Auto_ThanLong_obfusca.exe,128,TypeSpec,,‫‫‭⁯⁫⁪⁬⁬⁮‬‍‬‭‭‭‪‮⁯⁪‎⁮‫​‭⁯⁭⁪⁮‭⁭‪‎‮‫‎⁭⁬‎‮,
Auto_ThanLong_obfusca.exe,129,TypeSpec,,ProcessDrop,
Auto_ThanLong_obfusca.exe,130,TypeRef,System.Threading.Interlocked,CompareExchange,
Auto_ThanLong_obfusca.exe,131,TypeSpec,,⁮‫‫‍‮‌‭⁫⁬‎​⁭⁪‬⁭‍‌‫​⁫‮⁪‫‬‬‬⁮‏‏‍‮‎‪‮‏‍‎‎‍‮,
Auto_ThanLong_obfusca.exe,132,TypeSpec,,​‌‌‎‏‎⁭⁬‏‭‮‏⁯‬⁮⁬‪⁭‭⁫⁭⁬⁪‮⁪‪⁪⁬⁬‬⁪‍‎⁬‬‫‮⁮⁪‍‮,
Auto_ThanLong_obfusca.exe,133,TypeSpec,,get_IndexUnderDragCursor,
Auto_ThanLong_obfusca.exe,134,TypeSpec,,get_IsMouseOverScrollbar,
Auto_ThanLong_obfusca.exe,135,TypeSpec,,ptMouseDown,
Auto_ThanLong_obfusca.exe,136,TypeRef,System.Windows.Point,.ctor,
Auto_ThanLong_obfusca.exe,137,TypeSpec,,get_CanStartDragOperation,
Auto_ThanLong_obfusca.exe,138,TypeSpec,,‍‮‪⁮⁬⁬‮‮‏‍⁮‍⁪‭‬‏‭‬⁫​‮⁪⁫‎‌‭‍‭‍‏‍​‮‏‌⁬‍⁬‍‬‮,
Auto_ThanLong_obfusca.exe,139,TypeSpec,,PerformDragOperation,
Auto_ThanLong_obfusca.exe,140,TypeSpec,,InitializeDragOperation,
Auto_ThanLong_obfusca.exe,141,TypeSpec,,get_ShowDragAdornerResolved,
Auto_ThanLong_obfusca.exe,142,TypeSpec,,‌‬‭⁮⁯‎⁭⁪‎‪⁭‍‬‍‭‭‪‫⁪‭‪⁪⁮‭⁮⁯⁯‌‪‏‮⁪‪‮‪​​⁭⁬‍‮,
Auto_ThanLong_obfusca.exe,143,TypeSpec,,GetListViewItem,
Auto_ThanLong_obfusca.exe,144,TypeSpec,,FinishDragOperation,
Auto_ThanLong_obfusca.exe,145,TypeSpec,,InitializeAdornerLayer,
Auto_ThanLong_obfusca.exe,146,TypeSpec,,‪‭⁪‭⁬‮⁮⁯‍‏⁫⁪⁪‫‌​‎⁬‍‪‍‎‍​⁫‮‍⁫‪‪‎‬⁭‍⁪⁪‫‏‏⁬‮,
Auto_ThanLong_obfusca.exe,147,TypeSpec,,⁮‪⁯‮⁮‫⁬​⁭​‮⁮‬⁪‪‌⁪‮‬⁯⁯⁭⁮‮⁭‎⁪‫‌​‮​⁭‎​‏‬‫‎⁪‮,
Auto_ThanLong_obfusca.exe,148,TypeSpec,,get_ListView,
Auto_ThanLong_obfusca.exe,149,TypeSpec,,⁭‫⁭‮‏⁮⁫⁪⁪⁯‬‎‌‮⁯⁭‪‎​⁬‪⁬⁭‬​‫⁭⁭‎⁬‍‍​‏⁬⁯‏⁭‭⁭‮,
Auto_ThanLong_obfusca.exe,150,TypeSpec,,‫⁮​‎‭‍‮‮⁮‫‎⁮⁫⁯‌‏​‏⁭⁯⁮‌​‭⁫‌​‫‬⁯⁪⁭‍‌⁮​‏⁯‍‮,
Auto_ThanLong_obfusca.exe,151,TypeSpec,,set_ItemUnderDragCursor,
Auto_ThanLong_obfusca.exe,152,TypeSpec,,UpdateDragAdornerLocation,
Auto_ThanLong_obfusca.exe,153,TypeSpec,,IsMouseOver,
Auto_ThanLong_obfusca.exe,154,TypeSpec,,dragAdorner,
Auto_ThanLong_obfusca.exe,155,TypeSpec,,⁬⁫⁯⁫‪⁪‫​⁬⁫‫⁯​⁪‌⁫‬‫⁮‪⁭⁭⁮‮‌⁯‬‏‍⁮⁪‏​​‍‍⁭‭⁯⁫‮,
Auto_ThanLong_obfusca.exe,156,TypeSpec,,get_ItemUnderDragCursor,
Auto_ThanLong_obfusca.exe,157,TypeSpec,,⁭‪⁫⁮‪‪⁭‫‪‏​⁪‍‪‌‭‎‏⁮‭⁮‌‌⁫‭​‮‭⁯‎⁬‬​⁬⁫⁮‭⁯‬⁭‮,
Auto_ThanLong_obfusca.exe,158,TypeSpec,,‭⁯⁮⁮⁬⁫⁭⁪‪‬⁮⁮‭‎‎⁪⁭‌⁭‮‍‍⁬‌⁭⁫⁫⁯⁮⁫‌‏⁬‪‎⁯⁫​‍‭‮,
Auto_ThanLong_obfusca.exe,159,TypeSpec,,‎‮‬‬⁭‌​‎⁫‌‏⁭‏‬⁫⁭‫​⁪⁮‪‏⁪‌⁫⁬⁯‫​⁪‌⁫​‏‎‏⁮⁫‌‏‮,
Auto_ThanLong_obfusca.exe,160,TypeSpec,,⁭⁫‫⁭‪⁪‎‫‏‮‏‭‍‬⁭​‮‏​⁭⁪‪‮⁭‫​⁯⁯​⁪‌‌‭⁮⁬⁪‪⁫⁬‌‮,
Auto_ThanLong_obfusca.exe,161,TypeSpec,,‮⁪⁮‮⁬⁮‎‭‎‪⁫‍‮‮​⁬‮⁮‫‍‬‍‭‏‫⁭‫⁯‫‬‏​‌⁮‌‮​‪⁬‫‮,
Auto_ThanLong_obfusca.exe,162,TypeSpec,,get_Count,
Auto_ThanLong_obfusca.exe,163,TypeSpec,,get_Effects,
Auto_ThanLong_obfusca.exe,164,TypeSpec,,IndexOf,
Auto_ThanLong_obfusca.exe,165,TypeSpec,,‮‭⁬‮⁫‫‪⁭‌⁮⁪‪​‏​⁫‫⁮‫​‎‫‪⁭⁫‌‍​‬⁮⁭‍​​⁫‏⁯‍⁭‬‮,
Auto_ThanLong_obfusca.exe,166,TypeSpec,,Move,
Auto_ThanLong_obfusca.exe,167,TypeSpec,,⁮‭‌‏⁬‍⁭‮⁯⁮‌‮‭⁮‮‬‏​⁪‮⁮⁬​⁫‍⁭⁮‫⁬‏‏​⁫‪‭⁪⁯‮‌⁯‮,
Auto_ThanLong_obfusca.exe,168,TypeSpec,,.ctor,
Auto_ThanLong_obfusca.exe,169,TypeSpec,,Invoke,
Auto_ThanLong_obfusca.exe,170,TypeSpec,,⁭‪‌⁯⁪‮‬​​⁭‍​⁬⁬‏‪⁬⁫‪⁫‮‌‌⁪⁬‍‮⁪‪⁬⁭‍⁬‌‮​​‬‮‍‮,
Auto_ThanLong_obfusca.exe,171,TypeSpec,,Insert,
Auto_ThanLong_obfusca.exe,172,TypeSpec,,⁫‍⁫‪⁮⁯‏‭​​⁪‍‬⁫‎⁪‭‎‮‭‬‬‎‫‭‎‫‮‌‮⁭⁫‍⁬‍‫⁯‫‪‎‮,
Auto_ThanLong_obfusca.exe,173,TypeSpec,,get_HasCursorLeftDragThreshold,
Auto_ThanLong_obfusca.exe,174,TypeSpec,,set_IsDragInProgress,
Auto_ThanLong_obfusca.exe,175,TypeSpec,,‪⁬‭⁯​⁬⁪‍‍‬‬⁯⁫‍​⁫‎‬​‍‬‏‬‫⁮⁫‏⁮‫‬‫‮⁯‫‎‮⁪‏​‌‮,
Auto_ThanLong_obfusca.exe,176,TypeSpec,,⁭⁭⁬‫⁪‪‏⁯‬‪‎‌⁪⁪‭‎​⁫‌‭‬‍⁬⁭‮‌⁭​‎‍‫⁮‌‌⁬‮‍‫‌‬‮,
Auto_ThanLong_obfusca.exe,177,TypeSpec,,⁪‮‍⁬‪⁫‬‭‪‮‫⁪⁯⁫‭⁫‌‫‭‌⁮​⁬⁬⁭‎⁭⁪⁫‫‎‬⁫‎‍‫⁫‭‌⁭‮,
Auto_ThanLong_obfusca.exe,178,TypeSpec,,‮‭‎‭‍‬‫‭⁪‎‮‬‮⁬⁬⁭‌​‌⁭⁮‍‭⁮‎‬⁫⁪‫‏⁫‬‏‮⁭‏⁯​‭‮,
Auto_ThanLong_obfusca.exe,179,TypeSpec,,‮‪‏⁭‫‫⁭⁯‌‎⁭⁪⁬⁪‫‪‏⁫⁬‭‭‍‏‮⁫‬⁬‍‍⁭‮‎⁯⁮‍‮‬⁪⁮⁮‮,
Auto_ThanLong_obfusca.exe,180,TypeRef,System.Windows.Size,get_Width,
Auto_ThanLong_obfusca.exe,181,TypeRef,System.Windows.Size,get_Height,
Auto_ThanLong_obfusca.exe,182,TypeRef,System.Windows.Rect,Offset,
Auto_ThanLong_obfusca.exe,183,TypeSpec,,⁬‬‌⁯‮‬⁭⁪‏‭‬⁪‎‮‪⁪⁯‏‬‫⁪​‎‌‮⁯​‌‮⁫⁭‫​‮⁪⁬‬⁪‪‌‮,
Auto_ThanLong_obfusca.exe,184,TypeSpec,,‬‌⁮⁬‏‫‬⁭‏‏‫‎⁬⁪‌⁭⁪⁯⁫⁪​‍⁭‪‭‏⁬⁫‬‫‪‬‬⁯‏‏‏⁫‎‌‮,
Auto_ThanLong_obfusca.exe,185,TypeRef,System.Windows.Rect,.ctor,
Auto_ThanLong_obfusca.exe,186,TypeSpec,,‮⁯‮‍‪⁬⁭⁬⁬‪⁭⁬‌⁬‎​‌‏⁮‭‌⁬⁪‪‬‪‬‭⁭⁮‪⁫⁮⁫⁯⁪⁭‫⁮⁬‮,
Auto_ThanLong_obfusca.exe,187,TypeRef,System.Windows.Size,.ctor,
Auto_ThanLong_obfusca.exe,188,TypeRef,System.Windows.Rect,Contains,
Auto_ThanLong_obfusca.exe,189,TypeSpec,,‎‌⁭‬⁫‍‪​‎​‬‍‮⁪⁫‪‏⁯‬‬‮‮‌⁪‫‍​⁬‫‪‪‏⁫​​⁫‎‌‮‎‮,
Auto_ThanLong_obfusca.exe,190,TypeSpec,,‫⁯⁬⁮⁮‪‫⁭⁯‮⁭‭⁪⁫‫‬‏‮⁭⁭‍⁭⁭‪⁬‎⁯‍‍⁫⁬‭‭‪‮⁪⁬‏‬⁫‮,
Auto_ThanLong_obfusca.exe,191,TypeRef,System.Windows.Point,get_Y,
Auto_ThanLong_obfusca.exe,192,TypeSpec,,‏‫⁪⁭⁯‍⁯‏⁬‬​‮⁫⁬‌‎‮⁪‬⁪‏‏‪‬⁮⁬⁮‪⁮⁬‍⁫‌‭⁪‏⁯⁭‫‭‮,
Auto_ThanLong_obfusca.exe,193,TypeRef,System.Windows.Rect,get_Height,
Auto_ThanLong_obfusca.exe,194,TypeSpec,,‎‪​‪⁪‭‎⁪⁬‫⁯⁭‏⁭‫⁪​‬‫‬⁬‪‬‭⁪‬‭⁫⁯⁮‫‫‍⁪‌‌⁯⁪⁬‭‮,
Auto_ThanLong_obfusca.exe,195,TypeSpec,,‮‪‫⁪⁯⁮‎‭⁫‏⁬⁬⁬⁮⁪⁯⁮⁮​​‭‮⁪⁫‏⁫‮⁬⁬⁫​‪‎‍‭‮⁬‏⁬‮,
Auto_ThanLong_obfusca.exe,196,TypeSpec,,⁭‭​‮‍‍‬‏‍‍⁪‭‎​⁯‭​‮‫‭‮⁯⁯‍⁭⁫⁭‌⁭‭‪⁪‫‏‮⁮⁬⁯⁫⁯‮,
Auto_ThanLong_obfusca.exe,197,TypeSpec,,get_DragAdornerOpacity,
Auto_ThanLong_obfusca.exe,198,TypeSpec,,‬​⁭‎​‫‭‮‮⁬‫‬⁯‌‪⁭⁮​⁫‏⁪⁪‏‌⁮⁪⁮⁯⁫⁭‏⁯‬‍⁭⁬‏⁪‬‮‮,
Auto_ThanLong_obfusca.exe,199,TypeSpec,,⁭‬‌⁫‪‬​‌⁬⁬​‌‫‬‪‏‬‫⁬‬‎⁯‏‬‮‪‍⁫‏⁯​‪‎‬‬⁬⁯‌‮‌‮,
Auto_ThanLong_obfusca.exe,200,TypeSpec,,⁮⁮⁭⁪‌⁯​⁬⁪⁮⁯⁯‍⁬‪‪⁮‫‌‪‎⁬​‏‬​‫‪‏‪‎‍‌‌‌‬‭‎⁪‏‮,
Auto_ThanLong_obfusca.exe,201,TypeSpec,,‫⁬‪‭⁯​⁯​⁪‏‫⁯‏‪⁫‮⁯‭‮⁫‫⁬⁯‪‏⁯⁭​​‭⁬‎​‪‪⁭⁪‮​⁫‮,
Auto_ThanLong_obfusca.exe,202,TypeSpec,,‍​‪⁯⁬‮‫⁬⁮‪‭⁭⁬‪‫‭‭⁯‌‎⁮⁮⁫⁮⁫​‫‭⁬‭⁫‪⁪‭‫⁯‌​⁮‮,
Auto_ThanLong_obfusca.exe,203,TypeSpec,,‍‮⁭‏⁮‌‎⁪⁭​⁫​‬⁬‎‫‌‏​⁫⁪​⁬​‏‌‭⁭⁪‭​⁫‍⁫⁮‎‍‮‬‬‮,
Auto_ThanLong_obfusca.exe,204,TypeSpec,,⁮⁪‮⁭‫‌​‌‪‬‬‍‫⁯​‬⁬⁫‬‬⁭‌⁫⁮‪‎‫‍‮⁭⁮⁯⁫‍‏⁫‬⁬‍‭‮,
Auto_ThanLong_obfusca.exe,205,TypeSpec,,itemUnderDragCursor,
Auto_ThanLong_obfusca.exe,206,TypeSpec,,GetListViewItem,
Auto_ThanLong_obfusca.exe,207,TypeSpec,,‌‏‍⁯‬‮⁯‌⁬‮‭‌‫‍‫‎‫‌‌‍‭‌⁮​‌‌‫⁪⁭‍‬⁯⁫⁬‪‭‬‭⁭‎‮,
Auto_ThanLong_obfusca.exe,208,TypeSpec,,⁫⁫‪⁮‭‌‬‫⁮‪⁮‫‍‍​‮​‬⁪⁬⁭‫⁪‭‪⁭‍⁪⁪‏‬⁭‪⁮‬‌⁪⁫⁫‫‮,
Auto_ThanLong_obfusca.exe,209,TypeSpec,,get_ShowDragAdorner,
Auto_ThanLong_obfusca.exe,210,TypeRef,System.Windows.Point,get_X,
Auto_ThanLong_obfusca.exe,211,TypeRef,System.InvalidOperationException,.ctor,
Auto_ThanLong_obfusca.exe,212,TypeRef,System.ArgumentOutOfRangeException,.ctor,
Auto_ThanLong_obfusca.exe,213,TypeRef,System.Windows.UIElement,remove_PreviewMouseLeftButtonDown,
Auto_ThanLong_obfusca.exe,214,TypeRef,System.Windows.UIElement,remove_PreviewMouseMove,
Auto_ThanLong_obfusca.exe,215,TypeRef,System.Windows.UIElement,remove_DragOver,
Auto_ThanLong_obfusca.exe,216,TypeRef,System.Windows.UIElement,remove_DragLeave,
Auto_ThanLong_obfusca.exe,217,TypeRef,System.Windows.UIElement,remove_DragEnter,
Auto_ThanLong_obfusca.exe,218,TypeRef,System.Windows.UIElement,remove_Drop,
Auto_ThanLong_obfusca.exe,219,TypeRef,System.Windows.UIElement,get_AllowDrop,
Auto_ThanLong_obfusca.exe,220,TypeRef,System.Windows.UIElement,set_AllowDrop,
Auto_ThanLong_obfusca.exe,221,TypeRef,System.Windows.UIElement,add_PreviewMouseLeftButtonDown,
Auto_ThanLong_obfusca.exe,222,TypeRef,System.Windows.UIElement,add_PreviewMouseMove,
Auto_ThanLong_obfusca.exe,223,TypeRef,System.Windows.UIElement,add_DragOver,
Auto_ThanLong_obfusca.exe,224,TypeRef,System.Windows.UIElement,add_DragLeave,
Auto_ThanLong_obfusca.exe,225,TypeRef,System.Windows.UIElement,add_DragEnter,
Auto_ThanLong_obfusca.exe,226,TypeRef,System.Windows.UIElement,add_Drop,
Auto_ThanLong_obfusca.exe,227,TypeRef,System.Delegate,Combine,
Auto_ThanLong_obfusca.exe,228,TypeRef,System.Delegate,Remove,
Auto_ThanLong_obfusca.exe,229,TypeRef,System.Windows.Controls.Primitives.Selector,get_SelectedIndex,
Auto_ThanLong_obfusca.exe,230,TypeRef,System.Windows.Controls.Primitives.Selector,set_SelectedIndex,
Auto_ThanLong_obfusca.exe,231,TypeRef,System.Windows.Controls.Primitives.Selector,get_SelectedItem,
Auto_ThanLong_obfusca.exe,232,TypeRef,System.Windows.DragEventArgs,set_Effects,
Auto_ThanLong_obfusca.exe,233,TypeRef,System.Windows.Controls.ItemsControl,get_Items,
Auto_ThanLong_obfusca.exe,234,TypeRef,System.Windows.Controls.ItemCollection,get_Item,
Auto_ThanLong_obfusca.exe,235,TypeRef,System.Windows.UIElement,set_Visibility,
Auto_ThanLong_obfusca.exe,236,TypeRef,System.Windows.UIElement,get_Visibility,
Auto_ThanLong_obfusca.exe,237,TypeRef,System.Windows.DragEventArgs,get_Data,
Auto_ThanLong_obfusca.exe,238,TypeRef,System.Windows.IDataObject,GetDataPresent,
Auto_ThanLong_obfusca.exe,239,TypeRef,System.Windows.IDataObject,GetData,
Auto_ThanLong_obfusca.exe,240,TypeRef,System.Windows.Controls.ItemsControl,get_ItemsSource,
Auto_ThanLong_obfusca.exe,241,TypeRef,System.Exception,.ctor,
Auto_ThanLong_obfusca.exe,242,TypeRef,System.Windows.DragEventArgs,get_AllowedEffects,
Auto_ThanLong_obfusca.exe,243,TypeRef,System.Windows.Input.Mouse,get_LeftButton,
Auto_ThanLong_obfusca.exe,244,TypeRef,System.Windows.Documents.AdornerLayer,Remove,
Auto_ThanLong_obfusca.exe,245,TypeRef,System.Windows.Controls.ItemsControl,get_ItemContainerGenerator,
Auto_ThanLong_obfusca.exe,246,TypeRef,System.Windows.Controls.ItemContainerGenerator,get_Status,
Auto_ThanLong_obfusca.exe,247,TypeRef,System.Windows.Controls.ItemContainerGenerator,ContainerFromIndex,
Auto_ThanLong_obfusca.exe,248,TypeRef,System.Windows.Controls.ItemContainerGenerator,ContainerFromItem,
Auto_ThanLong_obfusca.exe,249,TypeRef,System.Windows.Media.VisualTreeHelper,GetDescendantBounds,
Auto_ThanLong_obfusca.exe,250,TypeRef,System.Windows.UIElement,TranslatePoint,
Auto_ThanLong_obfusca.exe,251,TypeRef,System.Math,Abs,
Auto_ThanLong_obfusca.exe,252,TypeRef,System.Math,Min,
Auto_ThanLong_obfusca.exe,253,TypeRef,System.Windows.SystemParameters,get_MinimumHorizontalDragDistance,
Auto_ThanLong_obfusca.exe,254,TypeRef,System.Windows.SystemParameters,get_MinimumVerticalDragDistance,
Auto_ThanLong_obfusca.exe,255,TypeRef,System.Windows.Data.CollectionView,get_Count,
Auto_ThanLong_obfusca.exe,256,TypeRef,System.Windows.Media.VisualBrush,.ctor,
Auto_ThanLong_obfusca.exe,257,TypeRef,System.Windows.UIElement,get_RenderSize,
Auto_ThanLong_obfusca.exe,258,TypeRef,System.Windows.UIElement,set_Opacity,
Auto_ThanLong_obfusca.exe,259,TypeRef,System.Windows.Documents.AdornerLayer,GetAdornerLayer,
Auto_ThanLong_obfusca.exe,260,TypeRef,System.Windows.Documents.AdornerLayer,Add,
Auto_ThanLong_obfusca.exe,261,TypeRef,System.Windows.Media.VisualTreeHelper,HitTest,
Auto_ThanLong_obfusca.exe,262,TypeRef,System.Windows.Media.HitTestResult,get_VisualHit,
Auto_ThanLong_obfusca.exe,263,TypeRef,System.Windows.Media.VisualTreeHelper,GetParent,
Auto_ThanLong_obfusca.exe,264,TypeRef,System.Windows.LogicalTreeHelper,GetParent,
Auto_ThanLong_obfusca.exe,265,TypeRef,System.Windows.DragDrop,DoDragDrop,
Auto_ThanLong_obfusca.exe,266,TypeRef,System.Windows.Controls.Primitives.Selector,set_SelectedItem,
Auto_ThanLong_obfusca.exe,267,TypeRef,System.Windows.DependencyObject,GetValue,
Auto_ThanLong_obfusca.exe,268,TypeRef,System.Windows.DependencyObject,SetValue,
Auto_ThanLong_obfusca.exe,269,TypeRef,System.Windows.UIPropertyMetadata,.ctor,
Auto_ThanLong_obfusca.exe,270,TypeRef,System.Windows.DependencyProperty,RegisterAttached,
Auto_ThanLong_obfusca.exe,271,TypeSpec,,allowedEffects,
Auto_ThanLong_obfusca.exe,272,TypeSpec,,effects,
Auto_ThanLong_obfusca.exe,273,TypeRef,System.EventArgs,.ctor,
Auto_ThanLong_obfusca.exe,274,TypeSpec,,itemsSource,
Auto_ThanLong_obfusca.exe,275,TypeSpec,,dataItem,
Auto_ThanLong_obfusca.exe,276,TypeSpec,,oldIndex,
Auto_ThanLong_obfusca.exe,277,TypeSpec,,newIndex,
Auto_ThanLong_obfusca.exe,278,TypeRef,System.Windows.Media.Visual,PointFromScreen,
Auto_ThanLong_obfusca.exe,279,TypeRef,System.Windows.Documents.Adorner,.ctor,
Auto_ThanLong_obfusca.exe,280,TypeRef,System.Windows.Rect,.ctor,
Auto_ThanLong_obfusca.exe,281,TypeRef,System.Windows.Shapes.Rectangle,.ctor,
Auto_ThanLong_obfusca.exe,282,TypeRef,System.Windows.Shapes.Shape,set_Fill,
Auto_ThanLong_obfusca.exe,283,TypeRef,System.Windows.FrameworkElement,set_Width,
Auto_ThanLong_obfusca.exe,284,TypeRef,System.Windows.FrameworkElement,set_Height,
Auto_ThanLong_obfusca.exe,285,TypeRef,System.Windows.UIElement,set_IsHitTestVisible,
Auto_ThanLong_obfusca.exe,286,TypeRef,System.Windows.Media.GeneralTransformGroup,.ctor,
Auto_ThanLong_obfusca.exe,287,TypeRef,System.Windows.Media.GeneralTransformGroup,get_Children,
Auto_ThanLong_obfusca.exe,288,TypeRef,System.Windows.Media.GeneralTransformCollection,Add,
Auto_ThanLong_obfusca.exe,289,TypeRef,System.Windows.Media.TranslateTransform,.ctor,
Auto_ThanLong_obfusca.exe,290,TypeRef,System.Windows.UIElement,Measure,
Auto_ThanLong_obfusca.exe,291,TypeRef,System.Windows.UIElement,get_DesiredSize,
Auto_ThanLong_obfusca.exe,292,TypeRef,System.Windows.UIElement,Arrange,
Auto_ThanLong_obfusca.exe,293,TypeRef,System.Windows.FrameworkElement,get_Parent,
Auto_ThanLong_obfusca.exe,294,TypeRef,System.Windows.Documents.Adorner,get_AdornedElement,
Auto_ThanLong_obfusca.exe,295,TypeRef,System.Windows.Documents.AdornerLayer,Update,
Auto_ThanLong_obfusca.exe,296,TypeRef,System.Type,get_Assembly,
Auto_ThanLong_obfusca.exe,297,TypeRef,System.Resources.ResourceManager,.ctor,
Auto_ThanLong_obfusca.exe,298,TypeSpec,,Create,
Auto_ThanLong_obfusca.exe,299,TypeSpec,,Start,
Auto_ThanLong_obfusca.exe,300,TypeSpec,,get_Task,
Auto_ThanLong_obfusca.exe,301,TypeSpec,,Create,
Auto_ThanLong_obfusca.exe,302,TypeSpec,,Start,
Auto_ThanLong_obfusca.exe,303,TypeSpec,,get_Task,
Auto_ThanLong_obfusca.exe,304,TypeRef,System.String,Empty,
Auto_ThanLong_obfusca.exe,305,TypeRef,System.Net.NetworkInformation.NetworkInterface,GetAllNetworkInterfaces,
Auto_ThanLong_obfusca.exe,306,TypeRef,System.Net.NetworkInformation.NetworkInterface,GetIPProperties,
Auto_ThanLong_obfusca.exe,307,TypeRef,System.Net.NetworkInformation.NetworkInterface,GetPhysicalAddress,
Auto_ThanLong_obfusca.exe,308,TypeRef,System.Object,ToString,
Auto_ThanLong_obfusca.exe,309,TypeRef,System.IO.File,ReadAllText,
Auto_ThanLong_obfusca.exe,310,TypeSpec,,GetResult,
Auto_ThanLong_obfusca.exe,311,TypeSpec,,GetResult,
Auto_ThanLong_obfusca.exe,312,TypeSpec,,AwaitUnsafeOnCompleted,
Auto_ThanLong_obfusca.exe,313,TypeSpec,,ConfigureAwait,
Auto_ThanLong_obfusca.exe,314,TypeSpec,,GetAwaiter,
Auto_ThanLong_obfusca.exe,315,TypeSpec,,get_IsCompleted,
Auto_ThanLong_obfusca.exe,316,TypeSpec,,GetAwaiter,
Auto_ThanLong_obfusca.exe,317,TypeSpec,,get_IsCompleted,
Auto_ThanLong_obfusca.exe,318,TypeSpec,,SetException,
Auto_ThanLong_obfusca.exe,319,TypeSpec,,SetResult,
Auto_ThanLong_obfusca.exe,320,TypeRef,System.Net.Http.HttpClient,.ctor,
Auto_ThanLong_obfusca.exe,321,TypeRef,System.Net.Http.HttpClient,get_DefaultRequestHeaders,
Auto_ThanLong_obfusca.exe,322,TypeRef,System.Net.Http.Headers.AuthenticationHeaderValue,.ctor,
Auto_ThanLong_obfusca.exe,323,TypeRef,System.Net.Http.Headers.HttpRequestHeaders,set_Authorization,
Auto_ThanLong_obfusca.exe,324,TypeRef,System.String,IsNullOrEmpty,
Auto_ThanLong_obfusca.exe,325,TypeRef,System.Net.Http.Headers.HttpHeaders,Add,
Auto_ThanLong_obfusca.exe,326,TypeRef,System.String,Concat,
Auto_ThanLong_obfusca.exe,327,TypeRef,System.Net.Http.HttpClient,PostAsync,
Auto_ThanLong_obfusca.exe,328,TypeRef,System.Net.Http.HttpResponseMessage,get_StatusCode,
Auto_ThanLong_obfusca.exe,329,TypeRef,System.Net.Http.HttpResponseMessage,get_Content,
Auto_ThanLong_obfusca.exe,330,TypeRef,System.Net.Http.HttpContent,ReadAsStringAsync,
Auto_ThanLong_obfusca.exe,331,TypeRef,System.IDisposable,Dispose,
Auto_ThanLong_obfusca.exe,332,TypeSpec,,.ctor,
Auto_ThanLong_obfusca.exe,333,TypeSpec,,AwaitUnsafeOnCompleted,
Auto_ThanLong_obfusca.exe,334,TypeSpec,,get_IsCompleted,
Auto_ThanLong_obfusca.exe,335,TypeSpec,,ConfigureAwait,
Auto_ThanLong_obfusca.exe,336,TypeSpec,,GetAwaiter,
Auto_ThanLong_obfusca.exe,337,TypeSpec,,GetAwaiter,
Auto_ThanLong_obfusca.exe,338,TypeSpec,,get_IsCompleted,
Auto_ThanLong_obfusca.exe,339,TypeRef,Newtonsoft.Json.JsonConvert,DeserializeObject,
Auto_ThanLong_obfusca.exe,340,TypeSpec,,GetResult,
Auto_ThanLong_obfusca.exe,341,TypeSpec,,GetResult,
Auto_ThanLong_obfusca.exe,342,TypeSpec,,SetException,
Auto_ThanLong_obfusca.exe,343,TypeSpec,,SetResult,
Auto_ThanLong_obfusca.exe,344,TypeRef,System.Net.Http.Headers.HttpHeaders,TryAddWithoutValidation,
Auto_ThanLong_obfusca.exe,345,TypeRef,System.Net.Http.FormUrlEncodedContent,.ctor,
Auto_ThanLong_obfusca.exe,346,TypeRef,System.String,Concat,
Auto_ThanLong_obfusca.exe,347,TypeRef,System.IO.File,WriteAllText,
Auto_ThanLong_obfusca.exe,348,TypeRef,System.Net.Http.HttpClient,GetAsync,
Auto_ThanLong_obfusca.exe,349,TypeRef,System.ComponentModel.PropertyChangedEventHandler,Invoke,
Auto_ThanLong_obfusca.exe,350,TypeRef,System.ComponentModel.PropertyChangedEventArgs,.ctor,
Auto_ThanLong_obfusca.exe,351,TypeRef,System.Windows.Application,.ctor,
Auto_ThanLong_obfusca.exe,352,TypeRef,System.Uri,.ctor,
Auto_ThanLong_obfusca.exe,353,TypeRef,System.Windows.Application,set_StartupUri,
Auto_ThanLong_obfusca.exe,354,TypeRef,System.Windows.Application,Run,
Auto_ThanLong_obfusca.exe,355,TypeSpec,,.ctor,
Auto_ThanLong_obfusca.exe,356,TypeSpec,,.ctor,
Auto_ThanLong_obfusca.exe,357,TypeSpec,,GetEnumerator,
Auto_ThanLong_obfusca.exe,358,TypeSpec,,get_Current,
Auto_ThanLong_obfusca.exe,359,TypeRef,System.Collections.IEnumerator,MoveNext,
Auto_ThanLong_obfusca.exe,360,TypeRef,System.Windows.Window,.ctor,
Auto_ThanLong_obfusca.exe,361,TypeRef,System.ComponentModel.CancelEventHandler,.ctor,
Auto_ThanLong_obfusca.exe,362,TypeRef,System.Action,.ctor,
Auto_ThanLong_obfusca.exe,363,TypeRef,System.Windows.RoutedEventHandler,.ctor,
Auto_ThanLong_obfusca.exe,364,TypeRef,System.Windows.Window,add_Closing,
Auto_ThanLong_obfusca.exe,365,TypeRef,System.Windows.Threading.DispatcherObject,get_Dispatcher,
Auto_ThanLong_obfusca.exe,366,TypeRef,System.Windows.Threading.Dispatcher,Invoke,
Auto_ThanLong_obfusca.exe,367,TypeRef,System.Windows.Controls.TextBox,get_Text,
Auto_ThanLong_obfusca.exe,368,TypeRef,System.Windows.Controls.PasswordBox,get_Password,
Auto_ThanLong_obfusca.exe,369,TypeRef,System.Threading.Tasks.Task,.ctor,
Auto_ThanLong_obfusca.exe,370,TypeRef,System.Threading.Tasks.Task,Start,
Auto_ThanLong_obfusca.exe,371,TypeRef,System.Windows.Controls.TextBox,set_Text,
Auto_ThanLong_obfusca.exe,372,TypeRef,System.Windows.Controls.PasswordBox,set_Password,
Auto_ThanLong_obfusca.exe,373,TypeRef,System.Windows.Application,LoadComponent,
Auto_ThanLong_obfusca.exe,374,TypeRef,System.Windows.FrameworkElement,add_Loaded,
Auto_ThanLong_obfusca.exe,375,TypeRef,System.Windows.Controls.Primitives.ButtonBase,add_Click,
Auto_ThanLong_obfusca.exe,376,TypeRef,System.Environment,Exit,
Auto_ThanLong_obfusca.exe,377,TypeRef,System.Runtime.CompilerServices.AsyncVoidMethodBuilder,Create,
Auto_ThanLong_obfusca.exe,378,TypeRef,System.Runtime.CompilerServices.AsyncVoidMethodBuilder,Start,
Auto_ThanLong_obfusca.exe,379,TypeRef,System.Windows.Window,Close,
Auto_ThanLong_obfusca.exe,380,TypeSpec,,GetAwaiter,
Auto_ThanLong_obfusca.exe,381,TypeSpec,,get_IsCompleted,
Auto_ThanLong_obfusca.exe,382,TypeRef,System.Runtime.CompilerServices.AsyncVoidMethodBuilder,AwaitUnsafeOnCompleted,
Auto_ThanLong_obfusca.exe,383,TypeSpec,,GetResult,
Auto_ThanLong_obfusca.exe,384,TypeRef,System.Runtime.CompilerServices.AsyncVoidMethodBuilder,SetException,
Auto_ThanLong_obfusca.exe,385,TypeRef,System.Runtime.CompilerServices.AsyncVoidMethodBuilder,SetResult,
Auto_ThanLong_obfusca.exe,386,TypeRef,System.Windows.MessageBox,Show,
Auto_ThanLong_obfusca.exe,387,TypeSpec,,GetEnumerator,
Auto_ThanLong_obfusca.exe,388,TypeSpec,,get_Current,
Auto_ThanLong_obfusca.exe,389,TypeSpec,,.ctor,
Auto_ThanLong_obfusca.exe,390,TypeRef,CheckForUpdateEventHandler,.ctor,
Auto_ThanLong_obfusca.exe,391,TypeRef,AutoUpdaterDotNET.AutoUpdater,DownloadPath,auth_update
Auto_ThanLong_obfusca.exe,392,TypeRef,System.Timers.ElapsedEventHandler,.ctor,
Auto_ThanLong_obfusca.exe,393,TypeSpec,,.ctor,
Auto_ThanLong_obfusca.exe,394,TypeRef,System.Linq.Enumerable,Count,
Auto_ThanLong_obfusca.exe,395,TypeRef,System.DateTime,.ctor,
Auto_ThanLong_obfusca.exe,396,TypeRef,System.DateTime,op_Subtraction,
Auto_ThanLong_obfusca.exe,397,TypeRef,System.TimeSpan,get_Days,
Auto_ThanLong_obfusca.exe,398,TypeRef,System.Int32,ToString,
Auto_ThanLong_obfusca.exe,399,TypeRef,System.TimeSpan,get_TotalDays,
Auto_ThanLong_obfusca.exe,400,TypeRef,System.DateTime,ParseExact,
Auto_ThanLong_obfusca.exe,401,TypeRef,System.DateTime,get_Now,
Auto_ThanLong_obfusca.exe,402,TypeRef,System.TimeSpan,FromSeconds,
Auto_ThanLong_obfusca.exe,403,TypeRef,System.EventHandler,.ctor,
Auto_ThanLong_obfusca.exe,404,TypeRef,System.TimeSpan,get_TotalSeconds,
Auto_ThanLong_obfusca.exe,405,TypeSpec,,.ctor,
Auto_ThanLong_obfusca.exe,406,TypeSpec,,.ctor,
Auto_ThanLong_obfusca.exe,407,TypeRef,System.Linq.Enumerable,Select,
Auto_ThanLong_obfusca.exe,408,TypeSpec,,Add,
Auto_ThanLong_obfusca.exe,409,TypeRef,System.Linq.Enumerable,Contains,
Auto_ThanLong_obfusca.exe,410,TypeSpec,,get_Count,
Auto_ThanLong_obfusca.exe,411,TypeSpec,,get_Item,
Auto_ThanLong_obfusca.exe,412,TypeSpec,,.ctor,
Auto_ThanLong_obfusca.exe,413,TypeRef,System.Linq.Enumerable,FirstOrDefault,
Auto_ThanLong_obfusca.exe,414,TypeSpec,,Remove,
Auto_ThanLong_obfusca.exe,415,TypeSpec,,.ctor,
Auto_ThanLong_obfusca.exe,416,TypeSpec,,GetEnumerator,
Auto_ThanLong_obfusca.exe,417,TypeSpec,,MoveNext,
Auto_ThanLong_obfusca.exe,418,TypeSpec,,get_Current,
Auto_ThanLong_obfusca.exe,419,TypeSpec,,.ctor,
Auto_ThanLong_obfusca.exe,420,TypeRef,System.Linq.Enumerable,OrderBy,
Auto_ThanLong_obfusca.exe,421,TypeRef,System.Linq.Enumerable,ToList,
Auto_ThanLong_obfusca.exe,422,TypeSpec,,.ctor,
Auto_ThanLong_obfusca.exe,423,TypeSpec,,Add,
Auto_ThanLong_obfusca.exe,424,TypeSpec,,Remove,
Auto_ThanLong_obfusca.exe,425,TypeRef,System.Linq.Enumerable,Count,
Auto_ThanLong_obfusca.exe,426,TypeRef,System.DateTime,get_Hour,
Auto_ThanLong_obfusca.exe,427,TypeRef,System.DateTime,get_Minute,
Auto_ThanLong_obfusca.exe,428,TypeRef,System.TimeSpan,FromHours,
Auto_ThanLong_obfusca.exe,429,TypeSpec,,get_Item,
Auto_ThanLong_obfusca.exe,430,TypeRef,System.Drawing.Point,get_X,
Auto_ThanLong_obfusca.exe,431,TypeRef,System.Drawing.Point,get_Y,
Auto_ThanLong_obfusca.exe,432,TypeSpec,,get_Count,
Auto_ThanLong_obfusca.exe,433,TypeRef,System.Drawing.Rectangle,.ctor,
Auto_ThanLong_obfusca.exe,434,TypeSpec,,get_HasValue,
Auto_ThanLong_obfusca.exe,435,TypeRef,System.Int32,TryParse,
Auto_ThanLong_obfusca.exe,436,TypeSpec,,.ctor,
Auto_ThanLong_obfusca.exe,437,TypeRef,System.Drawing.Size,get_Width,
Auto_ThanLong_obfusca.exe,438,TypeRef,System.Drawing.Size,get_Height,
Auto_ThanLong_obfusca.exe,439,TypeSpec,,get_Value,
Auto_ThanLong_obfusca.exe,440,TypeSpec,,GetEnumerator,
Auto_ThanLong_obfusca.exe,441,TypeSpec,,MoveNext,
Auto_ThanLong_obfusca.exe,442,TypeSpec,,get_Current,
Auto_ThanLong_obfusca.exe,443,TypeSpec,,.ctor,
Auto_ThanLong_obfusca.exe,444,TypeRef,System.Drawing.Color,get_B,
Auto_ThanLong_obfusca.exe,445,TypeRef,System.Drawing.Point,.ctor,
Auto_ThanLong_obfusca.exe,446,TypeSpec,,Add,
Auto_ThanLong_obfusca.exe,447,TypeRef,System.Drawing.Color,get_G,
Auto_ThanLong_obfusca.exe,448,TypeRef,System.Drawing.Color,get_R,
Auto_ThanLong_obfusca.exe,449,TypeRef,System.Threading.ThreadStart,.ctor,
Auto_ThanLong_obfusca.exe,450,TypeSpec,,.ctor,
Auto_ThanLong_obfusca.exe,451,TypeRef,System.Linq.Enumerable,Where,
Auto_ThanLong_obfusca.exe,452,TypeSpec,,Create,
Auto_ThanLong_obfusca.exe,453,TypeSpec,,Start,
Auto_ThanLong_obfusca.exe,454,TypeSpec,,get_Task,
Auto_ThanLong_obfusca.exe,455,TypeSpec,,ToArray,
Auto_ThanLong_obfusca.exe,456,TypeRef,System.IntPtr,op_Inequality,
Auto_ThanLong_obfusca.exe,457,TypeSpec,,get_Count,
Auto_ThanLong_obfusca.exe,458,TypeSpec,,Enqueue,
Auto_ThanLong_obfusca.exe,459,TypeSpec,,Dequeue,
Auto_ThanLong_obfusca.exe,460,TypeSpec,,Peek,
Auto_ThanLong_obfusca.exe,461,TypeRef,System.TimeSpan,FromMinutes,
Auto_ThanLong_obfusca.exe,462,TypeSpec,,Add,
Auto_ThanLong_obfusca.exe,463,TypeSpec,,GetValueOrDefault,
Auto_ThanLong_obfusca.exe,464,TypeSpec,,get_HasValue,
Auto_ThanLong_obfusca.exe,465,TypeRef,System.Runtime.CompilerServices.AsyncTaskMethodBuilder,Create,
Auto_ThanLong_obfusca.exe,466,TypeRef,System.Runtime.CompilerServices.AsyncTaskMethodBuilder,Start,
Auto_ThanLong_obfusca.exe,467,TypeRef,System.Runtime.CompilerServices.AsyncTaskMethodBuilder,get_Task,
Auto_ThanLong_obfusca.exe,468,TypeSpec,,GetEnumerator,
Auto_ThanLong_obfusca.exe,469,TypeRef,System.Windows.Threading.DispatcherTimer,.ctor,
Auto_ThanLong_obfusca.exe,470,TypeRef,System.Console,WriteLine,
Auto_ThanLong_obfusca.exe,471,TypeRef,System.IO.File,Exists,
Auto_ThanLong_obfusca.exe,472,TypeRef,System.Windows.Window,ShowDialog,
Auto_ThanLong_obfusca.exe,473,TypeRef,System.String,Split,
Auto_ThanLong_obfusca.exe,474,TypeRef,System.Windows.FrameworkElement,set_DataContext,
Auto_ThanLong_obfusca.exe,475,TypeRef,System.Reflection.Assembly,get_Location,
Auto_ThanLong_obfusca.exe,476,TypeRef,System.Diagnostics.FileVersionInfo,GetVersionInfo,
Auto_ThanLong_obfusca.exe,477,TypeRef,AutoUpdaterDotNET.AutoUpdater,add_CheckForUpdateEvent,auth_update
Auto_ThanLong_obfusca.exe,478,TypeRef,System.Diagnostics.FileVersionInfo,get_FileVersion,
Auto_ThanLong_obfusca.exe,479,TypeRef,System.Timers.Timer,.ctor,
Auto_ThanLong_obfusca.exe,480,TypeRef,System.Timers.Timer,set_Interval,
Auto_ThanLong_obfusca.exe,481,TypeRef,System.Timers.Timer,add_Elapsed,
Auto_ThanLong_obfusca.exe,482,TypeRef,System.Timers.Timer,Start,
Auto_ThanLong_obfusca.exe,483,TypeRef,System.Diagnostics.Process,GetProcesses,
Auto_ThanLong_obfusca.exe,484,TypeRef,System.Net.WebRequest,Create,
Auto_ThanLong_obfusca.exe,485,TypeRef,System.Net.WebRequest,GetResponse,
Auto_ThanLong_obfusca.exe,486,TypeRef,System.Net.WebResponse,get_Headers,
Auto_ThanLong_obfusca.exe,487,TypeRef,System.Collections.Specialized.NameValueCollection,get_Item,
Auto_ThanLong_obfusca.exe,488,TypeRef,System.Globalization.CultureInfo,get_InvariantCulture,
Auto_ThanLong_obfusca.exe,489,TypeRef,System.Globalization.CultureInfo,get_DateTimeFormat,
Auto_ThanLong_obfusca.exe,490,TypeRef,System.Windows.Threading.DispatcherTimer,set_Interval,
Auto_ThanLong_obfusca.exe,491,TypeRef,System.Windows.Threading.DispatcherTimer,add_Tick,
Auto_ThanLong_obfusca.exe,492,TypeRef,System.Windows.Threading.DispatcherTimer,Start,
Auto_ThanLong_obfusca.exe,493,TypeRef,System.Windows.Threading.DispatcherTimer,set_IsEnabled,
Auto_ThanLong_obfusca.exe,494,TypeRef,System.Threading.Tasks.Task,Run,
Auto_ThanLong_obfusca.exe,495,TypeRef,KAutoHelper.AutoControl,FindWindowHandlesFromProcesses,
Auto_ThanLong_obfusca.exe,496,TypeRef,KAutoHelper.AutoControl,GetText,
Auto_ThanLong_obfusca.exe,497,TypeRef,System.Text.StringBuilder,.ctor,
Auto_ThanLong_obfusca.exe,498,TypeRef,System.Text.StringBuilder,get_Capacity,
Auto_ThanLong_obfusca.exe,499,TypeRef,KAutoHelper.AutoControl,SendClickOnPosition,
Auto_ThanLong_obfusca.exe,500,TypeRef,System.Threading.Thread,Sleep,
Auto_ThanLong_obfusca.exe,501,TypeRef,KAutoHelper.AutoControl,SendTextKeyBoard,
Auto_ThanLong_obfusca.exe,502,TypeRef,KAutoHelper.AutoControl,SendKeyBoardPress,
Auto_ThanLong_obfusca.exe,503,TypeRef,KAutoHelper.AutoControl,SendDragAndDropOnPosition,
Auto_ThanLong_obfusca.exe,504,TypeRef,System.IO.DirectoryInfo,.ctor,
Auto_ThanLong_obfusca.exe,505,TypeRef,System.IO.DirectoryInfo,GetFiles,
Auto_ThanLong_obfusca.exe,506,TypeRef,System.IO.FileSystemInfo,get_Name,
Auto_ThanLong_obfusca.exe,507,TypeRef,System.String,Contains,
Auto_ThanLong_obfusca.exe,508,TypeRef,System.IO.FileSystemInfo,get_FullName,
Auto_ThanLong_obfusca.exe,509,TypeRef,System.IO.File,ReadAllLines,
Auto_ThanLong_obfusca.exe,510,TypeRef,System.Random,.ctor,
Auto_ThanLong_obfusca.exe,511,TypeRef,System.Random,Next,
Auto_ThanLong_obfusca.exe,512,TypeRef,System.Environment,get_NewLine,
Auto_ThanLong_obfusca.exe,513,TypeRef,System.String,Join,
Auto_ThanLong_obfusca.exe,514,TypeRef,KAutoHelper.CaptureHelper,CaptureWindow,
Auto_ThanLong_obfusca.exe,515,TypeRef,System.Drawing.Bitmap,.ctor,
Auto_ThanLong_obfusca.exe,516,TypeRef,KAutoHelper.ImageScanOpenCV,FindOutPoints,
Auto_ThanLong_obfusca.exe,517,TypeRef,System.String,Join,
Auto_ThanLong_obfusca.exe,518,TypeRef,System.String,op_Inequality,
Auto_ThanLong_obfusca.exe,519,TypeRef,KAutoHelper.CaptureHelper,CropImage,
Auto_ThanLong_obfusca.exe,520,TypeRef,KAutoHelper.ImageScanOpenCV,FindOutPoint,
Auto_ThanLong_obfusca.exe,521,TypeRef,Tesseract.TesseractEngine,.ctor,
Auto_ThanLong_obfusca.exe,522,TypeRef,System.String,ToLower,
Auto_ThanLong_obfusca.exe,523,TypeRef,Tesseract.TesseractEngine,SetVariable,
Auto_ThanLong_obfusca.exe,524,TypeRef,Tesseract.TesseractEngine,Process,
Auto_ThanLong_obfusca.exe,525,TypeRef,Tesseract.Page,GetText,
Auto_ThanLong_obfusca.exe,526,TypeRef,System.String,Replace,
Auto_ThanLong_obfusca.exe,527,TypeRef,System.Drawing.Image,get_Size,
Auto_ThanLong_obfusca.exe,528,TypeRef,System.Drawing.Bitmap,.ctor,
Auto_ThanLong_obfusca.exe,529,TypeRef,System.Drawing.Image,get_HorizontalResolution,
Auto_ThanLong_obfusca.exe,530,TypeRef,System.Drawing.Image,get_VerticalResolution,
Auto_ThanLong_obfusca.exe,531,TypeRef,System.Drawing.Bitmap,SetResolution,
Auto_ThanLong_obfusca.exe,532,TypeRef,System.Drawing.Graphics,FromImage,
Auto_ThanLong_obfusca.exe,533,TypeRef,System.Drawing.Graphics,set_CompositingMode,
Auto_ThanLong_obfusca.exe,534,TypeRef,System.Drawing.Graphics,set_CompositingQuality,
Auto_ThanLong_obfusca.exe,535,TypeRef,System.Drawing.Graphics,set_InterpolationMode,
Auto_ThanLong_obfusca.exe,536,TypeRef,System.Drawing.Graphics,set_SmoothingMode,
Auto_ThanLong_obfusca.exe,537,TypeRef,System.Drawing.Graphics,set_PixelOffsetMode,
Auto_ThanLong_obfusca.exe,538,TypeRef,System.Drawing.Imaging.ImageAttributes,.ctor,
Auto_ThanLong_obfusca.exe,539,TypeRef,System.Drawing.Imaging.ImageAttributes,SetWrapMode,
Auto_ThanLong_obfusca.exe,540,TypeRef,System.Drawing.Image,get_Width,
Auto_ThanLong_obfusca.exe,541,TypeRef,System.Drawing.Image,get_Height,
Auto_ThanLong_obfusca.exe,542,TypeRef,System.Drawing.Graphics,DrawImage,
Auto_ThanLong_obfusca.exe,543,TypeRef,System.Drawing.Image,FromFile,
Auto_ThanLong_obfusca.exe,544,TypeRef,System.Drawing.Bitmap,GetPixel,
Auto_ThanLong_obfusca.exe,545,TypeRef,KAutoHelper.ADBHelper,Delay,
Auto_ThanLong_obfusca.exe,546,TypeRef,System.Threading.Thread,Abort,
Auto_ThanLong_obfusca.exe,547,TypeRef,System.Threading.Thread,.ctor,
Auto_ThanLong_obfusca.exe,548,TypeRef,System.Threading.Thread,Start,
Auto_ThanLong_obfusca.exe,549,TypeRef,System.IO.MemoryStream,.ctor,
Auto_ThanLong_obfusca.exe,550,TypeRef,System.Drawing.Imaging.ImageFormat,get_Jpeg,
Auto_ThanLong_obfusca.exe,551,TypeRef,System.Drawing.Image,Save,
Auto_ThanLong_obfusca.exe,552,TypeRef,System.IO.MemoryStream,ToArray,
Auto_ThanLong_obfusca.exe,553,TypeRef,System.Windows.FrameworkElement,get_DataContext,
Auto_ThanLong_obfusca.exe,554,TypeRef,Microsoft.Win32.OpenFileDialog,.ctor,
Auto_ThanLong_obfusca.exe,555,TypeRef,Microsoft.Win32.FileDialog,set_Filter,
Auto_ThanLong_obfusca.exe,556,TypeRef,Microsoft.Win32.FileDialog,set_Title,
Auto_ThanLong_obfusca.exe,557,TypeRef,Microsoft.Win32.CommonDialog,ShowDialog,
Auto_ThanLong_obfusca.exe,558,TypeRef,Microsoft.Win32.FileDialog,get_FileName,
Auto_ThanLong_obfusca.exe,559,TypeRef,System.Threading.Thread,Resume,
Auto_ThanLong_obfusca.exe,560,TypeRef,System.Threading.Thread,Suspend,
Auto_ThanLong_obfusca.exe,561,TypeRef,System.Runtime.CompilerServices.AsyncTaskMethodBuilder,AwaitUnsafeOnCompleted,
Auto_ThanLong_obfusca.exe,562,TypeRef,System.Runtime.CompilerServices.AsyncTaskMethodBuilder,SetException,
Auto_ThanLong_obfusca.exe,563,TypeRef,System.Runtime.CompilerServices.AsyncTaskMethodBuilder,SetResult,
Auto_ThanLong_obfusca.exe,564,TypeRef,AutoUpdaterDotNET.AutoUpdater,Start,auth_update
Auto_ThanLong_obfusca.exe,565,TypeRef,System.Diagnostics.Process,get_MainWindowTitle,
Auto_ThanLong_obfusca.exe,566,TypeRef,System.IntPtr,op_Equality,
Auto_ThanLong_obfusca.exe,567,TypeRef,System.IntPtr,ToString,
Auto_ThanLong_obfusca.exe,568,TypeRef,System.Drawing.Bitmap,.ctor,
Auto_ThanLong_obfusca.exe,569,TypeRef,System.Drawing.Image,Save,
Auto_ThanLong_obfusca.exe,570,TypeSpec,,get_Count,
Auto_ThanLong_obfusca.exe,571,TypeRef,System.Int32,Parse,
Auto_ThanLong_obfusca.exe,572,TypeSpec,,GetEnumerator,
Auto_ThanLong_obfusca.exe,573,TypeRef,System.Runtime.CompilerServices.TaskAwaiter,get_IsCompleted,
Auto_ThanLong_obfusca.exe,574,TypeRef,System.Runtime.CompilerServices.TaskAwaiter,GetResult,
Auto_ThanLong_obfusca.exe,575,TypeRef,AutoUpdaterDotNET.UpdateInfoEventArgs,get_IsUpdateAvailable,auth_update
Auto_ThanLong_obfusca.exe,576,TypeRef,System.Timers.Timer,Stop,
Auto_ThanLong_obfusca.exe,577,TypeRef,AutoUpdaterDotNET.AutoUpdater,DownloadUpdate,auth_update
Auto_ThanLong_obfusca.exe,578,TypeRef,System.Windows.Application,get_Current,
Auto_ThanLong_obfusca.exe,579,TypeRef,System.Windows.Threading.Dispatcher,InvokeAsync,
Auto_ThanLong_obfusca.exe,580,TypeRef,System.Windows.Threading.DispatcherOperation,GetAwaiter,
Auto_ThanLong_obfusca.exe,581,TypeRef,System.Exception,get_Message,
Auto_ThanLong_obfusca.exe,582,TypeSpec,,get_Result,
Auto_ThanLong_obfusca.exe,583,TypeSpec,,get_Result,
Auto_ThanLong_obfusca.exe,584,TypeRef,System.Linq.Enumerable,FirstOrDefault,
Auto_ThanLong_obfusca.exe,585,TypeSpec,,SetException,
Auto_ThanLong_obfusca.exe,586,TypeSpec,,SetResult,
Auto_ThanLong_obfusca.exe,587,TypeRef,System.Net.Http.MultipartFormDataContent,.ctor,
Auto_ThanLong_obfusca.exe,588,TypeRef,System.Net.Http.StringContent,.ctor,
Auto_ThanLong_obfusca.exe,589,TypeRef,System.Net.Http.MultipartFormDataContent,Add,
Auto_ThanLong_obfusca.exe,590,TypeRef,System.Net.Http.ByteArrayContent,.ctor,
Auto_ThanLong_obfusca.exe,591,TypeRef,System.Net.Http.MultipartFormDataContent,Add,
Auto_ThanLong_obfusca.exe,592,TypeRef,System.Net.Http.HttpResponseMessage,get_IsSuccessStatusCode,
Auto_ThanLong_obfusca.exe,593,TypeRef,System.String,Concat,
Auto_ThanLong_obfusca.exe,594,TypeSpec,,GetResult,
Auto_ThanLong_obfusca.exe,595,TypeSpec,,GetAwaiter,
Auto_ThanLong_obfusca.exe,596,TypeSpec,,get_IsCompleted,
Auto_ThanLong_obfusca.exe,597,TypeRef,System.Random,Next,
Auto_ThanLong_obfusca.exe,598,TypeSpec,,.ctor,
Auto_ThanLong_obfusca.exe,599,TypeSpec,,Add,
Auto_ThanLong_obfusca.exe,600,TypeSpec,,.ctor,
Auto_ThanLong_obfusca.exe,601,TypeSpec,,.ctor,
Auto_ThanLong_obfusca.exe,602,TypeRef,System.Environment,GetFolderPath,
Auto_ThanLong_obfusca.exe,603,TypeRef,System.IO.Directory,GetParent,
Auto_ThanLong_obfusca.exe,604,TypeRef,System.Convert,ToInt32,
Auto_ThanLong_obfusca.exe,605,TypeRef,KAutoHelper.ProcessHelper,GetNetStatPorts,
Auto_ThanLong_obfusca.exe,606,TypeRef,System.Diagnostics.Process,GetProcessById,
Auto_ThanLong_obfusca.exe,607,TypeRef,KAutoHelper.Port,get_port_number,
Auto_ThanLong_obfusca.exe,608,TypeRef,KAutoHelper.Port,get_pid,
KAutoHelper.dll,1,TypeRef,System.Runtime.CompilerServices.CompilationRelaxationsAttribute,.ctor,
KAutoHelper.dll,2,TypeRef,System.Runtime.CompilerServices.RuntimeCompatibilityAttribute,.ctor,
KAutoHelper.dll,3,TypeRef,System.Diagnostics.DebuggableAttribute,.ctor,
KAutoHelper.dll,4,TypeRef,System.Reflection.AssemblyTitleAttribute,.ctor,
KAutoHelper.dll,5,TypeRef,System.Reflection.AssemblyDescriptionAttribute,.ctor,
KAutoHelper.dll,6,TypeRef,System.Reflection.AssemblyConfigurationAttribute,.ctor,
KAutoHelper.dll,7,TypeRef,System.Reflection.AssemblyCompanyAttribute,.ctor,
KAutoHelper.dll,8,TypeRef,System.Reflection.AssemblyProductAttribute,.ctor,
KAutoHelper.dll,9,TypeRef,System.Reflection.AssemblyCopyrightAttribute,.ctor,
KAutoHelper.dll,10,TypeRef,System.Reflection.AssemblyTrademarkAttribute,.ctor,
KAutoHelper.dll,11,TypeRef,System.Runtime.InteropServices.ComVisibleAttribute,.ctor,
KAutoHelper.dll,12,TypeRef,System.Runtime.InteropServices.GuidAttribute,.ctor,
KAutoHelper.dll,13,TypeRef,System.Reflection.AssemblyFileVersionAttribute,.ctor,
KAutoHelper.dll,14,TypeRef,System.Runtime.Versioning.TargetFrameworkAttribute,.ctor,
KAutoHelper.dll,15,TypeRef,System.Runtime.CompilerServices.CompilerGeneratedAttribute,.ctor,
KAutoHelper.dll,16,TypeRef,System.Diagnostics.DebuggerBrowsableAttribute,.ctor,
KAutoHelper.dll,17,TypeRef,System.FlagsAttribute,.ctor,
KAutoHelper.dll,18,TypeRef,System.String,Concat,
KAutoHelper.dll,19,TypeRef,System.IO.File,Exists,
KAutoHelper.dll,20,TypeRef,System.Diagnostics.Process,.ctor,
KAutoHelper.dll,21,TypeRef,System.Diagnostics.ProcessStartInfo,.ctor,
KAutoHelper.dll,22,TypeRef,System.Diagnostics.ProcessStartInfo,set_WorkingDirectory,
KAutoHelper.dll,23,TypeRef,System.Diagnostics.ProcessStartInfo,set_FileName,
KAutoHelper.dll,24,TypeRef,System.Diagnostics.ProcessStartInfo,set_CreateNoWindow,
KAutoHelper.dll,25,TypeRef,System.Diagnostics.ProcessStartInfo,set_UseShellExecute,
KAutoHelper.dll,26,TypeRef,System.Diagnostics.ProcessStartInfo,set_WindowStyle,
KAutoHelper.dll,27,TypeRef,System.Diagnostics.ProcessStartInfo,set_RedirectStandardInput,
KAutoHelper.dll,28,TypeRef,System.Diagnostics.ProcessStartInfo,set_RedirectStandardOutput,
KAutoHelper.dll,29,TypeRef,System.Diagnostics.Process,set_StartInfo,
KAutoHelper.dll,30,TypeRef,System.Diagnostics.Process,Start,
KAutoHelper.dll,31,TypeRef,System.Diagnostics.Process,get_StandardInput,
KAutoHelper.dll,32,TypeRef,System.IO.TextWriter,WriteLine,
KAutoHelper.dll,33,TypeRef,System.IO.TextWriter,Flush,
KAutoHelper.dll,34,TypeRef,System.IO.TextWriter,Close,
KAutoHelper.dll,35,TypeRef,System.Diagnostics.Process,WaitForExit,
KAutoHelper.dll,36,TypeRef,System.Diagnostics.Process,get_StandardOutput,
KAutoHelper.dll,37,TypeRef,System.IO.TextReader,ReadToEnd,
KAutoHelper.dll,38,TypeSpec,,.ctor,
KAutoHelper.dll,39,TypeRef,System.Text.RegularExpressions.Regex,Matches,
KAutoHelper.dll,40,TypeRef,System.Text.RegularExpressions.MatchCollection,get_Count,
KAutoHelper.dll,41,TypeRef,System.Text.RegularExpressions.MatchCollection,get_Item,
KAutoHelper.dll,42,TypeRef,System.Text.RegularExpressions.Match,get_Groups,
KAutoHelper.dll,43,TypeRef,System.Text.RegularExpressions.GroupCollection,get_Item,
KAutoHelper.dll,44,TypeRef,System.Text.RegularExpressions.Capture,get_Value,
KAutoHelper.dll,45,TypeRef,System.Text.RegularExpressions.Regex,Split,
KAutoHelper.dll,46,TypeRef,System.String,IsNullOrEmpty,
KAutoHelper.dll,47,TypeRef,System.String,op_Inequality,
KAutoHelper.dll,48,TypeRef,System.String,Trim,
KAutoHelper.dll,49,TypeRef,System.String,Replace,
KAutoHelper.dll,50,TypeSpec,,Add,
KAutoHelper.dll,51,TypeRef,System.Drawing.Point,get_X,
KAutoHelper.dll,52,TypeRef,System.Drawing.Point,get_Y,
KAutoHelper.dll,53,TypeRef,System.String,Format,
KAutoHelper.dll,54,TypeRef,System.String,Concat,
KAutoHelper.dll,55,TypeRef,System.String,Format,
KAutoHelper.dll,56,TypeRef,System.String,Format,
KAutoHelper.dll,57,TypeRef,System.String,Format,
KAutoHelper.dll,58,TypeRef,System.String,IndexOf,
KAutoHelper.dll,59,TypeRef,System.String,Substring,
KAutoHelper.dll,60,TypeRef,System.String,IndexOf,
KAutoHelper.dll,61,TypeRef,System.String,Substring,
KAutoHelper.dll,62,TypeRef,System.String,Split,
KAutoHelper.dll,63,TypeRef,System.Convert,ToInt32,
KAutoHelper.dll,64,TypeRef,System.Drawing.Point,.ctor,
KAutoHelper.dll,65,TypeSpec,,get_Count,
KAutoHelper.dll,66,TypeRef,System.Linq.Enumerable,First,
KAutoHelper.dll,67,TypeRef,System.IO.Path,GetFileNameWithoutExtension,
KAutoHelper.dll,68,TypeRef,System.IO.Path,GetExtension,
KAutoHelper.dll,69,TypeRef,System.IO.File,Delete,
KAutoHelper.dll,70,TypeRef,System.Environment,get_NewLine,
KAutoHelper.dll,71,TypeRef,System.String,Concat,
KAutoHelper.dll,72,TypeRef,System.Drawing.Bitmap,.ctor,
KAutoHelper.dll,73,TypeRef,System.Drawing.Bitmap,.ctor,
KAutoHelper.dll,74,TypeRef,System.IDisposable,Dispose,
KAutoHelper.dll,75,TypeRef,System.String,Concat,
KAutoHelper.dll,76,TypeRef,System.String,Concat,
KAutoHelper.dll,77,TypeRef,System.Threading.CancellationToken,get_IsCancellationRequested,
KAutoHelper.dll,78,TypeRef,System.String,Concat,
KAutoHelper.dll,79,TypeRef,System.TimeSpan,FromMilliseconds,
KAutoHelper.dll,80,TypeRef,System.Threading.Thread,Sleep,
KAutoHelper.dll,81,TypeRef,System.IO.DirectoryInfo,.ctor,
KAutoHelper.dll,82,TypeRef,System.IO.DirectoryInfo,GetFiles,
KAutoHelper.dll,83,TypeRef,System.IO.FileSystemInfo,get_FullName,
KAutoHelper.dll,84,TypeRef,System.Drawing.Image,FromFile,
KAutoHelper.dll,85,TypeSpec,,get_HasValue,
KAutoHelper.dll,86,TypeSpec,,get_Value,
KAutoHelper.dll,87,TypeRef,System.Object,.ctor,
KAutoHelper.dll,88,TypeRef,System.Drawing.Bitmap,GetHbitmap,
KAutoHelper.dll,89,TypeRef,System.IntPtr,Zero,
KAutoHelper.dll,90,TypeRef,System.Windows.Int32Rect,get_Empty,
KAutoHelper.dll,91,TypeRef,System.Windows.Media.Imaging.BitmapSizeOptions,FromEmptyOptions,
KAutoHelper.dll,92,TypeRef,System.Windows.Interop.Imaging,CreateBitmapSourceFromHBitmap,
KAutoHelper.dll,93,TypeSpec,,.ctor,
KAutoHelper.dll,94,TypeRef,System.Environment,GetFolderPath,
KAutoHelper.dll,95,TypeRef,System.IO.Directory,GetParent,
KAutoHelper.dll,96,TypeRef,System.IO.File,ReadAllLines,
KAutoHelper.dll,97,TypeSpec,,Add,
KAutoHelper.dll,98,TypeSpec,,.ctor,
KAutoHelper.dll,99,TypeRef,System.Linq.Enumerable,Where,
KAutoHelper.dll,100,TypeRef,System.Linq.Enumerable,FirstOrDefault,
KAutoHelper.dll,101,TypeSpec,,.ctor,
KAutoHelper.dll,102,TypeRef,System.Diagnostics.Process,GetProcessById,
KAutoHelper.dll,103,TypeRef,System.Diagnostics.Process,get_MainWindowTitle,
KAutoHelper.dll,104,TypeRef,System.Diagnostics.Process,GetProcesses,
KAutoHelper.dll,105,TypeSpec,,.ctor,
KAutoHelper.dll,106,TypeRef,System.Diagnostics.Process,get_MainWindowHandle,
KAutoHelper.dll,107,TypeRef,System.String,op_Equality,
KAutoHelper.dll,108,TypeSpec,,Add,
KAutoHelper.dll,109,TypeSpec,,.ctor,
KAutoHelper.dll,110,TypeSpec,,GetEnumerator,
KAutoHelper.dll,111,TypeSpec,,get_Current,
KAutoHelper.dll,112,TypeRef,System.Collections.IEnumerator,MoveNext,
KAutoHelper.dll,113,TypeRef,System.IntPtr,op_Inequality,
KAutoHelper.dll,114,TypeRef,System.Runtime.InteropServices.GCHandle,Alloc,
KAutoHelper.dll,115,TypeRef,System.Runtime.InteropServices.GCHandle,ToIntPtr,
KAutoHelper.dll,116,TypeRef,System.Runtime.InteropServices.GCHandle,Free,
KAutoHelper.dll,117,TypeSpec,,.ctor,
KAutoHelper.dll,118,TypeSpec,,Find,
KAutoHelper.dll,119,TypeSpec,,.ctor,
KAutoHelper.dll,120,TypeRef,System.Linq.Enumerable,ToList,
KAutoHelper.dll,121,TypeRef,System.String,StartsWith,
KAutoHelper.dll,122,TypeRef,System.IntPtr,.ctor,
KAutoHelper.dll,123,TypeRef,System.TimeSpan,FromSeconds,
KAutoHelper.dll,124,TypeRef,System.String,ToLower,
KAutoHelper.dll,125,TypeRef,System.String,get_Chars,
KAutoHelper.dll,126,TypeRef,System.String,get_Length,
KAutoHelper.dll,127,TypeRef,System.Windows.Forms.Clipboard,SetText,
KAutoHelper.dll,128,TypeRef,System.Type,GetTypeFromHandle,
KAutoHelper.dll,129,TypeRef,System.Runtime.InteropServices.Marshal,SizeOf,
KAutoHelper.dll,130,TypeRef,System.Exception,.ctor,
KAutoHelper.dll,131,TypeRef,System.Windows.Forms.Cursor,set_Position,
KAutoHelper.dll,132,TypeRef,System.UIntPtr,Zero,
KAutoHelper.dll,133,TypeSpec,,.ctor,
KAutoHelper.dll,134,TypeRef,System.Drawing.Point,set_X,
KAutoHelper.dll,135,TypeRef,System.Drawing.Point,set_Y,
KAutoHelper.dll,136,TypeRef,System.Text.StringBuilder,.ctor,
KAutoHelper.dll,137,TypeRef,System.Object,ToString,
KAutoHelper.dll,138,TypeRef,System.IntPtr,op_Explicit,
KAutoHelper.dll,139,TypeRef,System.Diagnostics.Process,GetProcessesByName,
KAutoHelper.dll,140,TypeRef,System.Drawing.Image,FromHbitmap,
KAutoHelper.dll,141,TypeRef,System.Drawing.Image,get_Size,
KAutoHelper.dll,142,TypeRef,System.Drawing.Size,get_Width,
KAutoHelper.dll,143,TypeRef,System.Drawing.Size,get_Height,
KAutoHelper.dll,144,TypeRef,System.Drawing.Rectangle,.ctor,
KAutoHelper.dll,145,TypeRef,System.Drawing.Bitmap,.ctor,
KAutoHelper.dll,146,TypeRef,System.Drawing.Image,get_HorizontalResolution,
KAutoHelper.dll,147,TypeRef,System.Drawing.Image,get_VerticalResolution,
KAutoHelper.dll,148,TypeRef,System.Drawing.Bitmap,SetResolution,
KAutoHelper.dll,149,TypeRef,System.Drawing.Graphics,FromImage,
KAutoHelper.dll,150,TypeRef,System.Drawing.Graphics,set_CompositingMode,
KAutoHelper.dll,151,TypeRef,System.Drawing.Graphics,set_CompositingQuality,
KAutoHelper.dll,152,TypeRef,System.Drawing.Graphics,set_InterpolationMode,
KAutoHelper.dll,153,TypeRef,System.Drawing.Graphics,set_SmoothingMode,
KAutoHelper.dll,154,TypeRef,System.Drawing.Graphics,set_PixelOffsetMode,
KAutoHelper.dll,155,TypeRef,System.Drawing.Imaging.ImageAttributes,.ctor,
KAutoHelper.dll,156,TypeRef,System.Drawing.Imaging.ImageAttributes,SetWrapMode,
KAutoHelper.dll,157,TypeRef,System.Drawing.Image,get_Width,
KAutoHelper.dll,158,TypeRef,System.Drawing.Image,get_Height,
KAutoHelper.dll,159,TypeRef,System.Drawing.Graphics,DrawImage,
KAutoHelper.dll,160,TypeRef,System.Drawing.Image,Save,
KAutoHelper.dll,161,TypeRef,System.Drawing.Bitmap,.ctor,
KAutoHelper.dll,162,TypeRef,System.Drawing.Graphics,CopyFromScreen,
KAutoHelper.dll,163,TypeRef,System.Drawing.Rectangle,get_Width,
KAutoHelper.dll,164,TypeRef,System.Drawing.Rectangle,get_Height,
KAutoHelper.dll,165,TypeRef,System.Drawing.Graphics,DrawImage,
KAutoHelper.dll,166,TypeSpec,,.ctor,
KAutoHelper.dll,167,TypeSpec,,Copy,
KAutoHelper.dll,168,TypeSpec,,MatchTemplate,
KAutoHelper.dll,169,TypeSpec,,MinMax,
KAutoHelper.dll,170,TypeSpec,,get_Size,
KAutoHelper.dll,171,TypeRef,System.Drawing.Rectangle,.ctor,
KAutoHelper.dll,172,TypeRef,System.Drawing.Color,get_Red,
KAutoHelper.dll,173,TypeRef,Emgu.CV.Structure.Bgr,.ctor,
KAutoHelper.dll,174,TypeSpec,,Draw,
KAutoHelper.dll,175,TypeSpec,,ToBitmap,
KAutoHelper.dll,176,TypeRef,System.GC,Collect,
KAutoHelper.dll,177,TypeRef,System.GC,WaitForPendingFinalizers,
KAutoHelper.dll,178,TypeSpec,,.ctor,
KAutoHelper.dll,179,TypeRef,System.Drawing.Color,get_Blue,
KAutoHelper.dll,180,TypeSpec,,Add,
KAutoHelper.dll,181,TypeRef,System.Drawing.Color,ToArgb,
KAutoHelper.dll,182,TypeRef,System.Drawing.Bitmap,GetPixel,
KAutoHelper.dll,183,TypeRef,System.Int32,Equals,
KAutoHelper.dll,184,TypeRef,System.Windows.Media.ColorConverter,ConvertFromString,
KAutoHelper.dll,185,TypeSpec,,.ctor,
KAutoHelper.dll,186,TypeSpec,,ToBitmap,
KAutoHelper.dll,187,TypeRef,System.Drawing.Image,Dispose,
KAutoHelper.dll,188,TypeRef,System.IO.FileSystemInfo,get_Name,
KAutoHelper.dll,189,TypeRef,Emgu.CV.Structure.Gray,.ctor,
KAutoHelper.dll,190,TypeSpec,,ThresholdBinary,
KAutoHelper.dll,191,TypeRef,System.Drawing.Color,get_R,
KAutoHelper.dll,192,TypeRef,System.Drawing.Color,get_G,
KAutoHelper.dll,193,TypeRef,System.Drawing.Color,get_B,
KAutoHelper.dll,194,TypeRef,System.Drawing.Color,get_Transparent,
KAutoHelper.dll,195,TypeRef,System.Drawing.Bitmap,SetPixel,
KAutoHelper.dll,196,TypeRef,System.Drawing.Color,get_Black,
KAutoHelper.dll,197,TypeRef,System.Drawing.Color,get_A,
KAutoHelper.dll,198,TypeRef,System.Drawing.Color,get_White,
KAutoHelper.dll,199,TypeRef,System.Drawing.Graphics,DrawImage,
KAutoHelper.dll,200,TypeRef,System.Drawing.Color,get_Name,
KAutoHelper.dll,201,TypeSpec,,.ctor,
KAutoHelper.dll,202,TypeSpec,,get_Item,
KAutoHelper.dll,203,TypeSpec,,Add,
KAutoHelper.dll,204,TypeSpec,,get_Item,
KAutoHelper.dll,205,TypeRef,System.Drawing.Size,.ctor,
KAutoHelper.dll,206,TypeRef,System.Drawing.Bitmap,.ctor,
KAutoHelper.dll,207,TypeRef,System.Object,Equals,
KAutoHelper.dll,208,TypeRef,System.IO.Directory,Exists,
KAutoHelper.dll,209,TypeRef,System.IO.Directory,CreateDirectory,
KAutoHelper.dll,210,TypeSpec,,.ctor,
KAutoHelper.dll,211,TypeRef,System.Drawing.Color,FromArgb,
KAutoHelper.dll,212,TypeSpec,,Add,
KAutoHelper.dll,213,TypeSpec,,GetEnumerator,
KAutoHelper.dll,214,TypeSpec,,get_Current,
KAutoHelper.dll,215,TypeSpec,,MoveNext,
KAutoHelper.dll,216,TypeRef,System.Drawing.Image,Save,
KAutoHelper.dll,217,TypeRef,System.IntPtr,Equals,
KAutoHelper.dll,218,TypeRef,System.String,Contains,
KAutoHelper.dll,219,TypeRef,System.String,Empty,
KAutoHelper.dll,220,TypeRef,System.Runtime.InteropServices.Marshal,AllocCoTaskMem,
KAutoHelper.dll,221,TypeRef,System.String,ToCharArray,
KAutoHelper.dll,222,TypeRef,System.Runtime.InteropServices.Marshal,Copy,
KAutoHelper.dll,223,TypeRef,System.Runtime.InteropServices.Marshal,PtrToStringAuto,
KAutoHelper.dll,224,TypeRef,System.Runtime.InteropServices.Marshal,FreeCoTaskMem,
KAutoHelper.dll,225,TypeSpec,,.ctor,
KAutoHelper.dll,226,TypeRef,System.Diagnostics.ProcessStartInfo,set_Arguments,
KAutoHelper.dll,227,TypeRef,System.Diagnostics.ProcessStartInfo,set_RedirectStandardError,
KAutoHelper.dll,228,TypeRef,System.Diagnostics.Process,get_StandardError,
KAutoHelper.dll,229,TypeRef,System.Diagnostics.Process,get_ExitCode,
KAutoHelper.dll,230,TypeRef,System.Int32,ToString,
KAutoHelper.dll,231,TypeRef,System.String,Equals,
KAutoHelper.dll,232,TypeRef,System.Text.RegularExpressions.Regex,Replace,
KAutoHelper.dll,233,TypeRef,System.Convert,ToInt16,
KAutoHelper.dll,234,TypeSpec,,Add,
KAutoHelper.dll,235,TypeRef,System.Diagnostics.Process,get_ProcessName,
KAutoHelper.dll,236,TypeRef,System.Diagnostics.Process,GetCurrentProcess,
KAutoHelper.dll,237,TypeRef,System.Diagnostics.Process,get_Handle,
KAutoHelper.dll,238,TypeRef,System.Runtime.InteropServices.Marshal,SizeOf,
KAutoHelper.dll,239,TypeRef,System.ComponentModel.Win32Exception,.ctor,
KAutoHelper.dll,240,TypeRef,System.IntPtr,ToInt32,
KAutoHelper.dll,241,TypeRef,System.Runtime.InteropServices.GCHandle,FromIntPtr,
KAutoHelper.dll,242,TypeRef,System.Runtime.InteropServices.GCHandle,get_Target,
KAutoHelper.dll,243,TypeRef,System.Linq.Enumerable,FirstOrDefault,
KAutoHelper.dll,244,TypeRef,System.Diagnostics.Process,get_Id,
