assembly,rid,declaring_type,name,flags,feature_tags
Auto_ThanLong_obfusca.exe,1,<Module>,⁮⁫⁯‮‌‪​‍⁭‭⁭⁮‭‭⁫⁯‭‌‮⁯⁫⁯‬⁭⁯⁬‬‎⁫‭⁫‫⁪‬‌⁭⁪‏⁫‭‮,0x0013,
Auto_ThanLong_obfusca.exe,2,<Module>,‮‌‬‪‮⁪‪⁯‫⁯⁪‫‌‬‌⁭‮‮‮⁬‪‮‎‬‭⁫‫⁬⁫‌‌‌‭‏​⁯⁫‫⁫‮‮,0x0113,
Auto_ThanLong_obfusca.exe,3,<Module>,‏‫‬‌‭‫‎‫⁫‫⁮⁫⁮‫‪‎‭​⁫‪⁫‏‎‭‌‏‮⁭⁪‮⁪‍‪​‬⁯‬‎‫⁪‮,0x0013,
Auto_ThanLong_obfusca.exe,4,<Module>,‭‌‎⁯‪‍‍‫‮‫​‬‏⁯⁬⁮‮⁯​‪‫⁬⁫⁬⁯⁯⁮⁮‬‌⁫⁫‏‌​⁬‬‌‫‪‮,0x0113,
Auto_ThanLong_obfusca.exe,5,‬⁭‪​‪‏​‬⁪‭‎‭⁫‌⁬⁮⁪⁫‎⁯​‎‎‍‏⁯‎‫‏⁬‭‌​⁮⁮‍⁬‫‎⁫‮,‎⁫‏‎‎‏‎⁯‎‮‬‪‫‪‌‎‭⁪‫‏⁭⁯⁪‎⁮⁮⁭⁮‮‭‫‮‎‪‭⁪‪‍​⁪‮,0x0003,
Auto_ThanLong_obfusca.exe,6,‏⁪‏⁪⁫⁫⁬⁪‬‌‮​⁬‭‏‫⁯‎‮⁫‬⁪‮‫​⁮‭‪‫‏⁫‫‎‏‌⁮‏⁭⁬‏‮,⁬​‪‎‍‫‌⁯‍‍‫‮‭⁬‪‌⁭​‭‍​‎‬‬⁪⁮​⁭⁪‮‎⁮⁯⁯⁪⁬‏‎⁪‮,0x0023,
Auto_ThanLong_obfusca.exe,7,‏⁪‏⁪⁫⁫⁬⁪‬‌‮​⁬‭‏‫⁯‎‮⁫‬⁪‮‫​⁮‭‪‫‏⁫‫‎‏‌⁮‏⁭⁬‏‮,‬‌‌⁯‬‏‭‫‍⁫⁫‪‪​⁪‎‎‫⁭‫⁮‪​⁭‎​⁬⁪⁯‏‌​⁪‪‪‫⁬⁮‎‭‮,0x0023,
Auto_ThanLong_obfusca.exe,8,⁭‬​‬‏⁭‮⁮‏‪‌​‭⁬‮‍⁪⁫‫​⁭⁯‍‍‪‍‌‪‎‬‬⁯⁫⁫‭‎‪‪⁯‍‮,‪⁪‍⁯‌⁮‮‭​⁭⁫‮⁬⁫​‭‮‫‪⁭⁮‍⁮‬⁫‮⁪‍​‍⁯‭‎‬‬‎⁭‎⁬‌‮,0x0003,
Auto_ThanLong_obfusca.exe,9,⁭‬​‬‏⁭‮⁮‏‪‌​‭⁬‮‍⁪⁫‫​⁭⁯‍‍‪‍‌‪‎‬‬⁯⁫⁫‭‎‪‪⁯‍‮,‫‫⁭‬⁯⁪‏⁯⁪⁯‌‎‫‮⁬⁭⁯⁬⁫‫⁭‪‬⁯‍​‏⁭⁭‌⁭‪⁬⁭⁮​⁯⁯⁯‭‮,0x0003,
Auto_ThanLong_obfusca.exe,10,⁭‬​‬‏⁭‮⁮‏‪‌​‭⁬‮‍⁪⁫‫​⁭⁯‍‍‪‍‌‪‎‬‬⁯⁫⁫‭‎‪‪⁯‍‮,⁫‬⁯‪⁯⁯‭‫‍‎‎⁮‮⁪‪‎‏‎⁯‍⁪‌​‮‏‏⁭⁫⁫‌‎‎⁭‬‫‎‫⁭‎⁫‮,0x0003,
Auto_ThanLong_obfusca.exe,11,​‍‎‮⁪​‏‌‭⁪‫‭‎‌​⁫⁭⁯‬‮‮‎‪⁬‭⁪‍⁮‮‬‪‭‍‮‮‎⁭​‮‍‮,‭‌‫​‌‭‎​⁫‭‭‎‮⁯‍‬‬‪⁯‬⁫‮‌⁫‍‌⁭⁬‭⁭‫‮⁪⁯⁪‬⁮⁪‎⁫‮,0x0023,
Auto_ThanLong_obfusca.exe,12,​‍‎‮⁪​‏‌‭⁪‫‭‎‌​⁫⁭⁯‬‮‮‎‪⁬‭⁪‍⁮‮‬‪‭‍‮‮‎⁭​‮‍‮,​‬‏‌⁯⁭‫⁬⁯‍⁫‭‌‬⁮‌‪⁭‍‌‎‏⁯‬‭⁮‫​‮⁬‬⁪⁮‎⁪‪‌‎‪⁮‮,0x0023,
Auto_ThanLong_obfusca.exe,13,​‍‎‮⁪​‏‌‭⁪‫‭‎‌​⁫⁭⁯‬‮‮‎‪⁬‭⁪‍⁮‮‬‪‭‍‮‮‎⁭​‮‍‮,‭‬‪‪‮‮⁫⁯⁮‎‮‌‬⁯⁫‭⁭‏⁬‪⁬‏⁭⁮‭​‏‍‏⁮‪⁫‭⁭⁮‏⁭⁬‫⁮‮,0x0023,
Auto_ThanLong_obfusca.exe,14,​‍‎‮⁪​‏‌‭⁪‫‭‎‌​⁫⁭⁯‬‮‮‎‪⁬‭⁪‍⁮‮‬‪‭‍‮‮‎⁭​‮‍‮,⁭‬‏⁪‫⁭‪‬​‎⁭​⁬⁮‎​⁯⁪‍⁬‏⁮‌‭‮​⁯⁯⁬⁪‬‬⁫‏‫‮​​⁮⁯‮,0x0023,
Auto_ThanLong_obfusca.exe,15,​‍‎‮⁪​‏‌‭⁪‫‭‎‌​⁫⁭⁯‬‮‮‎‪⁬‭⁪‍⁮‮‬‪‭‍‮‮‎⁭​‮‍‮,​⁪‍‫⁭‭⁪‫​‍⁯‏‏‏‭‭‭‎‪⁪‭‌⁯‮‫‬⁫‌‌‎‬⁬​​‍‫⁬‪⁮⁯‮,0x0023,
Auto_ThanLong_obfusca.exe,16,​‍‎‮⁪​‏‌‭⁪‫‭‎‌​⁫⁭⁯‬‮‮‎‪⁬‭⁪‍⁮‮‬‪‭‍‮‮‎⁭​‮‍‮,‏‪‫‮​⁭⁭‮⁭⁪​‫‏‪⁮‪‭⁮‫⁮‏⁭‭⁫‬‏‮⁫⁫‮‫⁪⁬⁫⁭‎‏‫⁮‭‮,0x0023,
Auto_ThanLong_obfusca.exe,17,​‍‎‮⁪​‏‌‭⁪‫‭‎‌​⁫⁭⁯‬‮‮‎‪⁬‭⁪‍⁮‮‬‪‭‍‮‮‎⁭​‮‍‮,‮⁮‭⁮​‫‏‪‪‌⁮‫​‪‫⁪‎⁫‏⁪⁭⁫⁪‭‬⁭⁬‎‏⁯​‌‬‎‍⁪⁯‪‫‪‮,0x0023,
Auto_ThanLong_obfusca.exe,18,​‍‎‮⁪​‏‌‭⁪‫‭‎‌​⁫⁭⁯‬‮‮‎‪⁬‭⁪‍⁮‮‬‪‭‍‮‮‎⁭​‮‍‮,‭‮‌‬‎‏‭‫⁯‪‌‬‬⁮⁭‮‭‮‮‏⁭⁫‭‎‮‭⁭‌⁫⁫⁪‍​‪​‭⁮‪⁮‮,0x0023,
Auto_ThanLong_obfusca.exe,19,​‍‎‮⁪​‏‌‭⁪‫‭‎‌​⁫⁭⁯‬‮‮‎‪⁬‭⁪‍⁮‮‬‪‭‍‮‮‎⁭​‮‍‮,⁯‭⁫⁪⁮⁫‎‎⁯⁫‍⁪‎‬‪⁮⁬‍‍‮⁮⁬‬⁯⁬⁫⁫‍‍‭‪‪‮​‌‮⁪‍‪‮,0x0023,
Auto_ThanLong_obfusca.exe,20,​‍‎‮⁪​‏‌‭⁪‫‭‎‌​⁫⁭⁯‬‮‮‎‪⁬‭⁪‍⁮‮‬‪‭‍‮‮‎⁭​‮‍‮,‎‎⁬⁫‫‬⁯‏‏‎⁮⁬⁫⁫‪‭‏‏⁪‍‬‌⁬‌⁪⁮⁬⁫‫⁭⁯​⁭⁭‌⁭‏‮‌‪‮,0x0023,
Auto_ThanLong_obfusca.exe,21,​‍‎‮⁪​‏‌‭⁪‫‭‎‌​⁫⁭⁯‬‮‮‎‪⁬‭⁪‍⁮‮‬‪‭‍‮‮‎⁭​‮‍‮,⁬‏⁬⁭⁬⁪⁬‍⁬‎‮‏⁭‬‍⁫‪‏‍⁬‪‭⁭‮⁮⁮⁯‍‬‪‭‌⁬⁮⁭‌‭‌‭⁭‮,0x0023,
Auto_ThanLong_obfusca.exe,22,​‍‎‮⁪​‏‌‭⁪‫‭‎‌​⁫⁭⁯‬‮‮‎‪⁬‭⁪‍⁮‮‬‪‭‍‮‮‎⁭​‮‍‮,⁪‫⁮‫‬‫⁫‬⁪‏‏⁪​​‌⁭⁬‏​⁯‮‬⁮⁯​⁫​‎‎‍⁪‭​⁮⁯⁮‬⁭‌⁮‮,0x0023,
Auto_ThanLong_obfusca.exe,23,​‍‎‮⁪​‏‌‭⁪‫‭‎‌​⁫⁭⁯‬‮‮‎‪⁬‭⁪‍⁮‮‬‪‭‍‮‮‎⁭​‮‍‮,‏‌‌⁮⁯⁭⁬⁭‭⁪‌‬‮‬⁪⁮⁮​‏⁪‫⁭⁬‬‍⁬‏‫⁪⁮⁮‫⁯⁯‎⁬‍⁬⁮⁮‮,0x0023,
Auto_ThanLong_obfusca.exe,24,​‍‎‮⁪​‏‌‭⁪‫‭‎‌​⁫⁭⁯‬‮‮‎‪⁬‭⁪‍⁮‮‬‪‭‍‮‮‎⁭​‮‍‮,‫‎⁯‭‏​‌⁬‏⁬⁯⁯‌⁮⁪‪⁯‍‪⁮⁫‌⁭‍‪‭‬‮⁪⁮‍‌‫‮⁭⁮‪⁪‏⁭‮,0x0003,
Auto_ThanLong_obfusca.exe,25,​‍‎‮⁪​‏‌‭⁪‫‭‎‌​⁫⁭⁯‬‮‮‎‪⁬‭⁪‍⁮‮‬‪‭‍‮‮‎⁭​‮‍‮,⁭‌⁪⁯⁮⁫⁪⁫⁫‍‌​⁬⁭‮⁬‎‮⁫‍‬‎‎‎⁯‎⁫⁮‎⁯‮⁬‏‫‭‎⁬⁮‌‬‮,0x0003,
Auto_ThanLong_obfusca.exe,26,​‍‎‮⁪​‏‌‭⁪‫‭‎‌​⁫⁭⁯‬‮‮‎‪⁬‭⁪‍⁮‮‬‪‭‍‮‮‎⁭​‮‍‮,‎‌‍⁭‏⁯‬⁫‪⁯⁬⁭‍‏​‎‫‫‌‬‬‭‬​⁯‌‮⁭‌‮⁫⁪​‭‫‪‮‫‫‬‮,0x0003,
Auto_ThanLong_obfusca.exe,27,​‍‎‮⁪​‏‌‭⁪‫‭‎‌​⁫⁭⁯‬‮‮‎‪⁬‭⁪‍⁮‮‬‪‭‍‮‮‎⁭​‮‍‮,‪‬⁮⁫‏‪‮‌‏‮‪⁫‍‮‪⁯‭⁫⁫⁫‬‬⁪‭‫‮‎​‬‮‬‌‬⁭⁬‫⁫⁯‍⁮‮,0x0003,
Auto_ThanLong_obfusca.exe,28,​‍‎‮⁪​‏‌‭⁪‫‭‎‌​⁫⁭⁯‬‮‮‎‪⁬‭⁪‍⁮‮‬‪‭‍‮‮‎⁭​‮‍‮,‏⁬‫‍⁭‌‫‌⁬‭‏​‌‬‍⁮‌⁪‮‮‭‌‎‏‌⁪⁬‌​⁮‎‫⁯⁬⁪‎‮⁭⁭‌‮,0x0003,
Auto_ThanLong_obfusca.exe,29,​‎⁪‎‬‌⁪⁭⁯​⁭‍‏⁭​⁬‎​⁬⁫‮‏‪⁮⁫‭‫‎⁭⁭​⁪⁯⁭‭⁮⁭‭‭⁬‮,⁫​‮‭‏‌‬‫‮‏⁪⁫‍‫‎‍⁮⁪‬​‍‬‌⁮‏‪‫‪‭‏⁪‌‮‬‏⁯‌‫⁬⁫‮,0x0023,
Auto_ThanLong_obfusca.exe,30,​‎⁪‎‬‌⁪⁭⁯​⁭‍‏⁭​⁬‎​⁬⁫‮‏‪⁮⁫‭‫‎⁭⁭​⁪⁯⁭‭⁮⁭‭‭⁬‮,⁯‍⁯‫⁭‫⁪‬⁭‮⁭​⁯⁪‌‫⁪⁮⁪⁯⁭‏‭⁮⁮⁫‬⁬‍‮‎⁬​⁮‫‏‌‭‏‫‮,0x0023,
Auto_ThanLong_obfusca.exe,31,​‎⁪‎‬‌⁪⁭⁯​⁭‍‏⁭​⁬‎​⁬⁫‮‏‪⁮⁫‭‫‎⁭⁭​⁪⁯⁭‭⁮⁭‭‭⁬‮,⁮⁭⁯‌⁯⁪‏​‮⁭⁯‎‌‬⁮⁫⁬‭‪‏⁮‭‏‌‬‏⁬⁮⁮‎‎⁪⁭‪⁯‌‮⁬‪‪‮,0x0003,
Auto_ThanLong_obfusca.exe,32,​‎⁪‎‬‌⁪⁭⁯​⁭‍‏⁭​⁬‎​⁬⁫‮‏‪⁮⁫‭‫‎⁭⁭​⁪⁯⁭‭⁮⁭‭‭⁬‮,​⁮⁭⁪⁭⁫⁭⁪‪⁭⁪⁭⁫⁬‮⁫‎⁮​⁯‎⁪‮‎⁭​‮‬⁭⁪‍‬‎​⁪⁬‮‍⁭‮,0x0003,
Auto_ThanLong_obfusca.exe,33,​‎⁪‎‬‌⁪⁭⁯​⁭‍‏⁭​⁬‎​⁬⁫‮‏‪⁮⁫‭‫‎⁭⁭​⁪⁯⁭‭⁮⁭‭‭⁬‮,‭‭‏⁫⁯⁮⁭‎‏⁬⁪‪‪‭⁫‬⁪⁪⁫‌⁭‪‭⁭‍‫‭⁮⁫⁫‎‫⁬⁬⁪‏⁪‮⁭⁮‮,0x0003,
Auto_ThanLong_obfusca.exe,34,​‎⁪‎‬‌⁪⁭⁯​⁭‍‏⁭​⁬‎​⁬⁫‮‏‪⁮⁫‭‫‎⁭⁭​⁪⁯⁭‭⁮⁭‭‭⁬‮,‮⁭‍‫⁭​‍‭‬⁪‎⁬⁫⁮⁯‬⁯⁫​‏‏‌‏⁮⁪‫⁯‫‪‬‬‍‭‭‭​‭‏⁫‮‮,0x0003,
Auto_ThanLong_obfusca.exe,35,‎‎⁯⁯‍‭‍‎‌⁯‍⁮⁬‍⁪​‍⁭⁮⁯‌‏‍⁮‪⁫‫‏‫‬‫‎⁭‬⁯‍⁮‭‎‪‮,‫⁬‏⁬‎‮‍⁪⁬⁬‪‬‮⁫‌‌⁪⁮‍⁭‍‮⁫‮⁪‍​‭​⁯‌⁪⁪‌‎‬⁬‌​‮‮,0x0003,
Auto_ThanLong_obfusca.exe,36,‎‎⁯⁯‍‭‍‎‌⁯‍⁮⁬‍⁪​‍⁭⁮⁯‌‏‍⁮‪⁫‫‏‫‬‫‎⁭‬⁯‍⁮‭‎‪‮,‍‍‌⁬‎‬‫‎‏‫⁬​‏‍⁮‏⁬⁭⁮‫‍‫‭‍‪⁮‫‮⁯‏‪‬‌⁮‍‍⁭⁯⁪‌‮,0x0003,
Auto_ThanLong_obfusca.exe,37,‎‎⁯⁯‍‭‍‎‌⁯‍⁮⁬‍⁪​‍⁭⁮⁯‌‏‍⁮‪⁫‫‏‫‬‫‎⁭‬⁯‍⁮‭‎‪‮,‮‪‫‫‌‌⁮⁯‎‬‪⁪​⁬‫⁯‮⁬‫⁪‫‬⁪⁮⁮‭‮⁮⁯⁯⁬‮⁫⁬‏‌​‌‏‪‮,0x0003,
Auto_ThanLong_obfusca.exe,38,‎‎⁯⁯‍‭‍‎‌⁯‍⁮⁬‍⁪​‍⁭⁮⁯‌‏‍⁮‪⁫‫‏‫‬‫‎⁭‬⁯‍⁮‭‎‪‮,⁬‪‭‎​‌‌⁯⁬⁪‏‌⁯⁫⁭⁮‬⁭‮‫‍⁬‏⁮‭‌⁯⁭‭‪‎⁮⁪⁪‎‭‌‮‫⁮‮,0x0003,
Auto_ThanLong_obfusca.exe,39,‌⁭‪‎‭‮⁬⁭⁫‍⁬‍‌​‮⁭‍‍⁬‫‭‭⁬‫⁮‎‬‭‪⁬⁪⁮‮‌‍⁯⁫‎​‍‮,​‏‭‌‭⁪‎⁯‌⁪‬⁯‮‍⁯⁪‭⁯‭⁮‪‌‍‭‭⁫‮⁪⁪⁯⁮‮‮​‌⁯‭⁬‮⁭‮,0x0003,
Auto_ThanLong_obfusca.exe,40,‍‮‭⁭‪⁮‪‮​‏‭‭‮⁯⁮⁯‌⁪‌⁫⁮⁪​⁪⁯‍⁪‪⁯​⁬‍‍‮‪‫⁮‭​‬‮,⁭⁯​⁭‫‍‏‏⁬‮‪‪‮⁭‬⁭‭‏‮‏‏‌‮‭‬‫⁮‍‍‭⁫‪‍‪‎‎‎‮‮‫‮,0x0003,
Auto_ThanLong_obfusca.exe,41,‍‮‭⁭‪⁮‪‮​‏‭‭‮⁯⁮⁯‌⁪‌⁫⁮⁪​⁪⁯‍⁪‪⁯​⁬‍‍‮‪‫⁮‭​‬‮,‮⁭‮‪⁪‮⁬‍‏‮‌⁯‫‫⁯⁬⁮⁮⁫‭‮‬‮‮‎‮⁬⁬​‪⁮‮⁬‎‮‬‬‭⁯‮‮,0x0003,
Auto_ThanLong_obfusca.exe,42,‍‮‭⁭‪⁮‪‮​‏‭‭‮⁯⁮⁯‌⁪‌⁫⁮⁪​⁪⁯‍⁪‪⁯​⁬‍‍‮‪‫⁮‭​‬‮,‍‫‫‬⁮⁪⁮⁬​​‏‫‍⁮‪‮‮‫‭⁭‏⁪⁭⁬‬⁮⁫‭​⁬⁯‍‬​‪‫⁪⁯⁯‭‮,0x0003,
Auto_ThanLong_obfusca.exe,43,‍‮‭⁭‪⁮‪‮​‏‭‭‮⁯⁮⁯‌⁪‌⁫⁮⁪​⁪⁯‍⁪‪⁯​⁬‍‍‮‪‫⁮‭​‬‮,‌⁪⁭‏⁯‍‏‪‬⁮‭‪‫⁫‌⁯‮​‬‫‮‏‍‫‌‏‬⁪⁯‭‮⁮​⁬‭⁪⁬⁭‌⁭‮,0x0003,
Auto_ThanLong_obfusca.exe,44,‍‮‭⁭‪⁮‪‮​‏‭‭‮⁯⁮⁯‌⁪‌⁫⁮⁪​⁪⁯‍⁪‪⁯​⁬‍‍‮‪‫⁮‭​‬‮,‫‫‭⁪⁬‍‎‫‪⁮⁯⁪‍‫⁭⁬‭⁮⁭⁬⁬​‮⁫‪​​⁪​⁯‍⁪‭​⁮⁬‏‍‎‌‮,0x0003,
Auto_ThanLong_obfusca.exe,45,⁯⁫‪⁭‪‌‏⁮‎⁪‫‎⁯⁯⁯⁭‭⁭⁬⁭‭‭‏‎⁬⁫‌⁪‏‬⁭‏​⁮‏‮‍‎‎‎‮,‪‍⁭‫‍‬⁬‬⁪​‬‪‫‏‬‫⁪‎‏‏⁯⁫⁮⁬‏‪‬‫‪⁯‌‮‪⁯​⁯⁬⁯⁪‪‮,0x0003,
Auto_ThanLong_obfusca.exe,46,System.Runtime.CompilerServices.RefSafetyRulesAttribute,Version,0x0026,
Auto_ThanLong_obfusca.exe,47,WPF.JoshSmith.ServiceProviders.UI.ListViewDragDropManager`1,ProcessDrop,0x0001,
Auto_ThanLong_obfusca.exe,48,WPF.JoshSmith.ServiceProviders.UI.ListViewDragDropManager`1,canInitiateDrag,0x0001,
Auto_ThanLong_obfusca.exe,49,WPF.JoshSmith.ServiceProviders.UI.ListViewDragDropManager`1,dragAdorner,0x0001,
Auto_ThanLong_obfusca.exe,50,WPF.JoshSmith.ServiceProviders.UI.ListViewDragDropManager`1,dragAdornerOpacity,0x0001,
Auto_ThanLong_obfusca.exe,51,WPF.JoshSmith.ServiceProviders.UI.ListViewDragDropManager`1,indexToSelect,0x0001,
Auto_ThanLong_obfusca.exe,52,WPF.JoshSmith.ServiceProviders.UI.ListViewDragDropManager`1,isDragInProgress,0x0001,
Auto_ThanLong_obfusca.exe,53,WPF.JoshSmith.ServiceProviders.UI.ListViewDragDropManager`1,itemUnderDragCursor,0x0001,
Auto_ThanLong_obfusca.exe,54,WPF.JoshSmith.ServiceProviders.UI.ListViewDragDropManager`1,listView,0x0001,
Auto_ThanLong_obfusca.exe,55,WPF.JoshSmith.ServiceProviders.UI.ListViewDragDropManager`1,ptMouseDown,0x0001,
Auto_ThanLong_obfusca.exe,56,WPF.JoshSmith.ServiceProviders.UI.ListViewDragDropManager`1,showDragAdorner,0x0001,
Auto_ThanLong_obfusca.exe,57,WPF.JoshSmith.ServiceProviders.UI.ListViewItemDragState,IsBeingDraggedProperty,0x0036,
Auto_ThanLong_obfusca.exe,58,WPF.JoshSmith.ServiceProviders.UI.ListViewItemDragState,IsUnderDragCursorProperty,0x0036,
Auto_ThanLong_obfusca.exe,59,WPF.JoshSmith.ServiceProviders.UI.ProcessDropEventArgs`1,itemsSource,0x0001,
Auto_ThanLong_obfusca.exe,60,WPF.JoshSmith.ServiceProviders.UI.ProcessDropEventArgs`1,dataItem,0x0001,
Auto_ThanLong_obfusca.exe,61,WPF.JoshSmith.ServiceProviders.UI.ProcessDropEventArgs`1,oldIndex,0x0001,
Auto_ThanLong_obfusca.exe,62,WPF.JoshSmith.ServiceProviders.UI.ProcessDropEventArgs`1,newIndex,0x0001,
Auto_ThanLong_obfusca.exe,63,WPF.JoshSmith.ServiceProviders.UI.ProcessDropEventArgs`1,allowedEffects,0x0001,
Auto_ThanLong_obfusca.exe,64,WPF.JoshSmith.ServiceProviders.UI.ProcessDropEventArgs`1,effects,0x0001,
Auto_ThanLong_obfusca.exe,65,Win32Point,X,0x0006,
Auto_ThanLong_obfusca.exe,66,Win32Point,Y,0x0006,
Auto_ThanLong_obfusca.exe,67,WPF.JoshSmith.Adorners.DragAdorner,child,0x0001,
Auto_ThanLong_obfusca.exe,68,WPF.JoshSmith.Adorners.DragAdorner,offsetLeft,0x0001,
Auto_ThanLong_obfusca.exe,69,WPF.JoshSmith.Adorners.DragAdorner,offsetTop,0x0001,
Auto_ThanLong_obfusca.exe,70,Auto_ThanLong_Kteam_0789998118.Properties.Resources,resourceMan,0x0011,
Auto_ThanLong_obfusca.exe,71,Auto_ThanLong_Kteam_0789998118.Properties.Resources,resourceCulture,0x0011,
Auto_ThanLong_obfusca.exe,72,Auto_ThanLong_Kteam_0789998118.KhungCode_Auto.Cons,<AccessToken>k__BackingField,0x0011,
Auto_ThanLong_obfusca.exe,73,Auto_ThanLong_Kteam_0789998118.KhungCode_Auto.Cons,<LoginStamp>k__BackingField,0x0011,
Auto_ThanLong_obfusca.exe,74,Auto_ThanLong_Kteam_0789998118.KhungCode_Auto.Cons,<UpdateURL>k__BackingField,0x0011,auth_update
Auto_ThanLong_obfusca.exe,75,Auto_ThanLong_Kteam_0789998118.KhungCode_Auto.Cons,APIDomainURL,0x0016,
Auto_ThanLong_obfusca.exe,76,Auto_ThanLong_Kteam_0789998118.KhungCode_Auto.Cons,KEYY,0x0016,
Auto_ThanLong_obfusca.exe,77,Auto_ThanLong_Kteam_0789998118.KhungCode_Auto.Cons,ProjectKey,0x0016,
Auto_ThanLong_obfusca.exe,78,<CheckKey>d__14,<>1__state,0x0006,auth_update
Auto_ThanLong_obfusca.exe,79,<CheckKey>d__14,<>t__builder,0x0006,auth_update
Auto_ThanLong_obfusca.exe,80,<CheckKey>d__14,<http>5__1,0x0001,auth_update
Auto_ThanLong_obfusca.exe,81,<CheckKey>d__14,<deviceToken>5__2,0x0001,auth_update
Auto_ThanLong_obfusca.exe,82,<CheckKey>d__14,<countMac>5__3,0x0001,auth_update
Auto_ThanLong_obfusca.exe,83,<CheckKey>d__14,<num>5__4,0x0001,auth_update
Auto_ThanLong_obfusca.exe,84,<CheckKey>d__14,<i>5__5,0x0001,auth_update
Auto_ThanLong_obfusca.exe,85,<CheckKey>d__14,<flag>5__6,0x0001,auth_update
Auto_ThanLong_obfusca.exe,86,<CheckKey>d__14,<flag2>5__7,0x0001,auth_update
Auto_ThanLong_obfusca.exe,87,<CheckKey>d__14,<httpResponseMessage>5__8,0x0001,auth_update
Auto_ThanLong_obfusca.exe,88,<CheckKey>d__14,<response>5__9,0x0001,auth_update
Auto_ThanLong_obfusca.exe,89,<CheckKey>d__14,<>s__10,0x0001,auth_update
Auto_ThanLong_obfusca.exe,90,<CheckKey>d__14,<text>5__11,0x0001,auth_update
Auto_ThanLong_obfusca.exe,91,<CheckKey>d__14,<stringContent>5__12,0x0001,auth_update
Auto_ThanLong_obfusca.exe,92,<CheckKey>d__14,<>s__13,0x0001,auth_update
Auto_ThanLong_obfusca.exe,93,<CheckKey>d__14,<>u__1,0x0001,auth_update
Auto_ThanLong_obfusca.exe,94,<CheckKey>d__14,<>u__2,0x0001,auth_update
Auto_ThanLong_obfusca.exe,95,<Login>d__12,<>1__state,0x0006,
Auto_ThanLong_obfusca.exe,96,<Login>d__12,<>t__builder,0x0006,
Auto_ThanLong_obfusca.exe,97,<Login>d__12,userName,0x0006,
Auto_ThanLong_obfusca.exe,98,<Login>d__12,password,0x0006,
Auto_ThanLong_obfusca.exe,99,<Login>d__12,<res>5__1,0x0001,
Auto_ThanLong_obfusca.exe,100,<Login>d__12,<flag>5__2,0x0001,
Auto_ThanLong_obfusca.exe,101,<Login>d__12,<text>5__3,0x0001,
Auto_ThanLong_obfusca.exe,102,<Login>d__12,<http>5__4,0x0001,
Auto_ThanLong_obfusca.exe,103,<Login>d__12,<deviceToken>5__5,0x0001,
Auto_ThanLong_obfusca.exe,104,<Login>d__12,<formContent>5__6,0x0001,
Auto_ThanLong_obfusca.exe,105,<Login>d__12,<httpResponseMessage>5__7,0x0001,
Auto_ThanLong_obfusca.exe,106,<Login>d__12,<response>5__8,0x0001,
Auto_ThanLong_obfusca.exe,107,<Login>d__12,<text2>5__9,0x0001,
Auto_ThanLong_obfusca.exe,108,<Login>d__12,<stringContent>5__10,0x0001,
Auto_ThanLong_obfusca.exe,109,<Login>d__12,<loginResponseData>5__11,0x0001,
Auto_ThanLong_obfusca.exe,110,<Login>d__12,<>s__12,0x0001,
Auto_ThanLong_obfusca.exe,111,<Login>d__12,<>s__13,0x0001,
Auto_ThanLong_obfusca.exe,112,<Login>d__12,<eexx>5__14,0x0001,
Auto_ThanLong_obfusca.exe,113,<Login>d__12,<>u__1,0x0001,
Auto_ThanLong_obfusca.exe,114,<Login>d__12,<>u__2,0x0001,
Auto_ThanLong_obfusca.exe,115,<Login>d__12,<>u__3,0x0001,
Auto_ThanLong_obfusca.exe,116,<UserInfo>d__13,<>1__state,0x0006,
Auto_ThanLong_obfusca.exe,117,<UserInfo>d__13,<>t__builder,0x0006,
Auto_ThanLong_obfusca.exe,118,<UserInfo>d__13,<http>5__1,0x0001,
Auto_ThanLong_obfusca.exe,119,<UserInfo>d__13,<deviceToken>5__2,0x0001,
Auto_ThanLong_obfusca.exe,120,<UserInfo>d__13,<httpResponseMessage>5__3,0x0001,
Auto_ThanLong_obfusca.exe,121,<UserInfo>d__13,<response>5__4,0x0001,
Auto_ThanLong_obfusca.exe,122,<UserInfo>d__13,<>s__5,0x0001,
Auto_ThanLong_obfusca.exe,123,<UserInfo>d__13,<text>5__6,0x0001,
Auto_ThanLong_obfusca.exe,124,<UserInfo>d__13,<stringContent>5__7,0x0001,
Auto_ThanLong_obfusca.exe,125,<UserInfo>d__13,<objJson>5__8,0x0001,
Auto_ThanLong_obfusca.exe,126,<UserInfo>d__13,<>s__9,0x0001,
Auto_ThanLong_obfusca.exe,127,<UserInfo>d__13,<eeeee>5__10,0x0001,
Auto_ThanLong_obfusca.exe,128,<UserInfo>d__13,<>u__1,0x0001,
Auto_ThanLong_obfusca.exe,129,<UserInfo>d__13,<>u__2,0x0001,
Auto_ThanLong_obfusca.exe,130,KhungCode_Auto.AccountInfo,PropertyChanged,0x0001,
Auto_ThanLong_obfusca.exe,131,KhungCode_Auto.AccountInfo,_UserName,0x0001,
Auto_ThanLong_obfusca.exe,132,KhungCode_Auto.AccountInfo,_Cum_Server,0x0001,account_login
Auto_ThanLong_obfusca.exe,133,KhungCode_Auto.AccountInfo,_STT_Server,0x0001,account_login
Auto_ThanLong_obfusca.exe,134,KhungCode_Auto.AccountInfo,_toadoX,0x0001,travel_navigation
Auto_ThanLong_obfusca.exe,135,KhungCode_Auto.AccountInfo,_toadoY,0x0001,travel_navigation
Auto_ThanLong_obfusca.exe,136,KhungCode_Auto.AccountInfo,_FileLoginPath,0x0001,
Auto_ThanLong_obfusca.exe,137,KhungCode_Auto.AccountInfo,_DataTho,0x0001,
Auto_ThanLong_obfusca.exe,138,KhungCode_Auto.AccountInfo,_Password,0x0001,
Auto_ThanLong_obfusca.exe,139,KhungCode_Auto.AccountInfo,_Status,0x0001,
Auto_ThanLong_obfusca.exe,140,KhungCode_Auto.AccountInfo,_STT,0x0001,
Auto_ThanLong_obfusca.exe,141,KhungCode_Auto.AccountInfo,_Color,0x0001,
Auto_ThanLong_obfusca.exe,142,KhungCode_Auto.AccountInfo,_EStatus,0x0001,
Auto_ThanLong_obfusca.exe,143,KhungCode_Auto.AccountInfo,_IsSelected,0x0001,
Auto_ThanLong_obfusca.exe,144,KhungCode_Auto.CorinateStatus,<status>k__BackingField,0x0001,
Auto_ThanLong_obfusca.exe,145,KhungCode_Auto.CorinateStatus,<request>k__BackingField,0x0001,
Auto_ThanLong_obfusca.exe,146,KhungCode_Auto.DeviceInfo,PropertyChanged,0x0001,
Auto_ThanLong_obfusca.exe,147,KhungCode_Auto.DeviceInfo,_ImageScreen,0x0001,vision_perception
Auto_ThanLong_obfusca.exe,148,KhungCode_Auto.DeviceInfo,_phanloaithucan,0x0001,pet_mount
Auto_ThanLong_obfusca.exe,149,KhungCode_Auto.DeviceInfo,_catdovaokho,0x0001,storage
Auto_ThanLong_obfusca.exe,150,KhungCode_Auto.DeviceInfo,_x2,0x0001,
Auto_ThanLong_obfusca.exe,151,KhungCode_Auto.DeviceInfo,_sttTEAM,0x0001,
Auto_ThanLong_obfusca.exe,152,KhungCode_Auto.DeviceInfo,_dichuyen,0x0001,travel_navigation
Auto_ThanLong_obfusca.exe,153,KhungCode_Auto.DeviceInfo,_fullpt,0x0001,
Auto_ThanLong_obfusca.exe,154,KhungCode_Auto.DeviceInfo,_coitemphu,0x0001,
Auto_ThanLong_obfusca.exe,155,KhungCode_Auto.DeviceInfo,_coitemngua,0x0001,
Auto_ThanLong_obfusca.exe,156,KhungCode_Auto.DeviceInfo,_TRANGTHAI_THUYLAO,0x0001,activity_thuylao
Auto_ThanLong_obfusca.exe,157,KhungCode_Auto.DeviceInfo,_TRANGTHAITIMACTAC,0x0001,activity_actac
Auto_ThanLong_obfusca.exe,158,KhungCode_Auto.DeviceInfo,_TRANGTHAI_TRUNGAC,0x0001,
Auto_ThanLong_obfusca.exe,159,KhungCode_Auto.DeviceInfo,_isTA,0x0001,
Auto_ThanLong_obfusca.exe,160,KhungCode_Auto.DeviceInfo,_TRANGTHAI_TRAIN,0x0001,
Auto_ThanLong_obfusca.exe,161,KhungCode_Auto.DeviceInfo,_TRANGTHAI_CHINHTUYEN,0x0001,
Auto_ThanLong_obfusca.exe,162,KhungCode_Auto.DeviceInfo,_TRANGTHAI_ACTAC,0x0001,activity_actac
Auto_ThanLong_obfusca.exe,163,KhungCode_Auto.DeviceInfo,_slmisstrungac,0x0001,
Auto_ThanLong_obfusca.exe,164,KhungCode_Auto.DeviceInfo,_sldisgame,0x0001,
Auto_ThanLong_obfusca.exe,165,KhungCode_Auto.DeviceInfo,_slCAPTCHA,0x0001,captcha
Auto_ThanLong_obfusca.exe,166,KhungCode_Auto.DeviceInfo,_tenmaptrain,0x0001,train_combat
Auto_ThanLong_obfusca.exe,167,KhungCode_Auto.DeviceInfo,_toado_actac,0x0001,activity_actac;travel_navigation
Auto_ThanLong_obfusca.exe,168,KhungCode_Auto.DeviceInfo,_isKEY,0x0001,
Auto_ThanLong_obfusca.exe,169,KhungCode_Auto.DeviceInfo,_isKO,0x0001,
Auto_ThanLong_obfusca.exe,170,KhungCode_Auto.DeviceInfo,_QuestThread,0x0001,core_orchestration;quest_level
Auto_ThanLong_obfusca.exe,171,KhungCode_Auto.DeviceInfo,_CheckQuestThread,0x0001,core_orchestration;quest_level
Auto_ThanLong_obfusca.exe,172,KhungCode_Auto.DeviceInfo,_IsSelectAllQuest,0x0001,quest_level
Auto_ThanLong_obfusca.exe,173,KhungCode_Auto.DeviceInfo,_CurrentAccountIndex,0x0001,
Auto_ThanLong_obfusca.exe,174,KhungCode_Auto.DeviceInfo,_Quest,0x0001,quest_level
Auto_ThanLong_obfusca.exe,175,KhungCode_Auto.DeviceInfo,_Accounts,0x0001,
Auto_ThanLong_obfusca.exe,176,KhungCode_Auto.DeviceInfo,_DeviceHandle,0x0001,
Auto_ThanLong_obfusca.exe,177,KhungCode_Auto.DeviceInfo,_DeviceID,0x0001,
Auto_ThanLong_obfusca.exe,178,KhungCode_Auto.DeviceInfo,_IsSelected,0x0001,
Auto_ThanLong_obfusca.exe,179,KhungCode_Auto.DeviceInfo,_DeviceName,0x0001,
Auto_ThanLong_obfusca.exe,180,KhungCode_Auto.DeviceInfo,_Status,0x0001,
Auto_ThanLong_obfusca.exe,181,KhungCode_Auto.DeviceInfo,_IsRuningQuest,0x0001,quest_level
Auto_ThanLong_obfusca.exe,182,KhungCode_Auto.DeviceInfo,_taikhoan,0x0001,account_login
Auto_ThanLong_obfusca.exe,183,KhungCode_Auto.DeviceInfo,_cumsv,0x0001,
Auto_ThanLong_obfusca.exe,184,KhungCode_Auto.DeviceInfo,_matkhau,0x0001,account_login
Auto_ThanLong_obfusca.exe,185,KhungCode_Auto.DeviceInfo,_sever,0x0001,
Auto_ThanLong_obfusca.exe,186,KhungCode_Auto.DeviceInfo,_DIS,0x0001,
Auto_ThanLong_obfusca.exe,187,KhungCode_Auto.DeviceInfo,_toadoX,0x0001,travel_navigation
Auto_ThanLong_obfusca.exe,188,KhungCode_Auto.DeviceInfo,_toadoY,0x0001,travel_navigation
Auto_ThanLong_obfusca.exe,189,KhungCode_Auto.DeviceInfo,_toadoclickX,0x0001,travel_navigation
Auto_ThanLong_obfusca.exe,190,KhungCode_Auto.DeviceInfo,_toadoTRENBANG,0x0001,travel_navigation
Auto_ThanLong_obfusca.exe,191,KhungCode_Auto.DeviceInfo,_Color,0x0001,
Auto_ThanLong_obfusca.exe,192,KhungCode_Auto.DeviceInfo,_EStatus,0x0001,
Auto_ThanLong_obfusca.exe,193,KhungCode_Auto.DeviceInfo,_toado1,0x0001,travel_navigation
Auto_ThanLong_obfusca.exe,194,KhungCode_Auto.EStatus,value__,0x0606,
Auto_ThanLong_obfusca.exe,195,KhungCode_Auto.EStatus,NONE,0x8056,
Auto_ThanLong_obfusca.exe,196,KhungCode_Auto.EStatus,RUNNING,0x8056,
Auto_ThanLong_obfusca.exe,197,KhungCode_Auto.EStatus,DONE,0x8056,
Auto_ThanLong_obfusca.exe,198,KhungCode_Auto.item,versionField,0x0001,
Auto_ThanLong_obfusca.exe,199,KhungCode_Auto.item,urlField,0x0001,
Auto_ThanLong_obfusca.exe,200,KhungCode_Auto.item,changelogField,0x0001,
Auto_ThanLong_obfusca.exe,201,KhungCode_Auto.item,mandatoryField,0x0001,
Auto_ThanLong_obfusca.exe,202,KhungCode_Auto.LogIn,password,0x0021,
Auto_ThanLong_obfusca.exe,203,KhungCode_Auto.LogIn,username,0x0021,
Auto_ThanLong_obfusca.exe,204,KhungCode_Auto.LogIn,txbUserName,0x0003,
Auto_ThanLong_obfusca.exe,205,KhungCode_Auto.LogIn,pwdBox,0x0003,
Auto_ThanLong_obfusca.exe,206,KhungCode_Auto.LogIn,_contentLoaded,0x0001,
Auto_ThanLong_obfusca.exe,207,<>c,<>9,0x0036,
Auto_ThanLong_obfusca.exe,208,<>c,<>9__4_0,0x0016,
Auto_ThanLong_obfusca.exe,209,<>c__DisplayClass5_0,u,0x0006,
Auto_ThanLong_obfusca.exe,210,<>c__DisplayClass5_0,p,0x0006,
Auto_ThanLong_obfusca.exe,211,<>c__DisplayClass5_0,<>4__this,0x0006,
Auto_ThanLong_obfusca.exe,212,<>c__DisplayClass5_0,act,0x0006,
Auto_ThanLong_obfusca.exe,213,<<Button_Click>b__0>d,<>1__state,0x0006,
Auto_ThanLong_obfusca.exe,214,<<Button_Click>b__0>d,<>t__builder,0x0006,
Auto_ThanLong_obfusca.exe,215,<<Button_Click>b__0>d,<>4__this,0x0006,
Auto_ThanLong_obfusca.exe,216,<<Button_Click>b__0>d,<text>5__1,0x0001,
Auto_ThanLong_obfusca.exe,217,<<Button_Click>b__0>d,<res>5__2,0x0001,
Auto_ThanLong_obfusca.exe,218,<<Button_Click>b__0>d,<>s__3,0x0001,
Auto_ThanLong_obfusca.exe,219,<<Button_Click>b__0>d,<dispatcher>5__4,0x0001,
Auto_ThanLong_obfusca.exe,220,<<Button_Click>b__0>d,<action>5__5,0x0001,
Auto_ThanLong_obfusca.exe,221,<<Button_Click>b__0>d,<action2>5__6,0x0001,
Auto_ThanLong_obfusca.exe,222,<<Button_Click>b__0>d,<>u__1,0x0001,
Auto_ThanLong_obfusca.exe,223,KhungCode_Auto.LoginResponse,<access_token>k__BackingField,0x0001,auth_update
Auto_ThanLong_obfusca.exe,224,KhungCode_Auto.LoginResponse,<token_type>k__BackingField,0x0001,
Auto_ThanLong_obfusca.exe,225,KhungCode_Auto.LoginResponse,<expires_in>k__BackingField,0x0001,
Auto_ThanLong_obfusca.exe,226,KhungCode_Auto.LoginResponse,<userName>k__BackingField,0x0001,
Auto_ThanLong_obfusca.exe,227,KhungCode_Auto.LoginResponse,<LoginStamp>k__BackingField,0x0001,
Auto_ThanLong_obfusca.exe,228,KhungCode_Auto.LoginResponse,<issued>k__BackingField,0x0001,
Auto_ThanLong_obfusca.exe,229,KhungCode_Auto.LoginResponse,<expires>k__BackingField,0x0001,
Auto_ThanLong_obfusca.exe,230,KhungCode_Auto.MainWindow,PropertyChanged,0x0001,
Auto_ThanLong_obfusca.exe,231,KhungCode_Auto.MainWindow,_ListDevices,0x0001,
Auto_ThanLong_obfusca.exe,232,KhungCode_Auto.MainWindow,_Title_,0x0001,
Auto_ThanLong_obfusca.exe,233,KhungCode_Auto.MainWindow,_API,0x0001,
Auto_ThanLong_obfusca.exe,234,KhungCode_Auto.MainWindow,_DoanChat,0x0001,
Auto_ThanLong_obfusca.exe,235,KhungCode_Auto.MainWindow,_SelectedDevice,0x0001,
Auto_ThanLong_obfusca.exe,236,KhungCode_Auto.MainWindow,_IsHenGio,0x0001,scheduler
Auto_ThanLong_obfusca.exe,237,KhungCode_Auto.MainWindow,_Chuyendovaokho,0x0001,storage
Auto_ThanLong_obfusca.exe,238,KhungCode_Auto.MainWindow,_vitrigdX,0x0001,trade_transfer
Auto_ThanLong_obfusca.exe,239,KhungCode_Auto.MainWindow,_vitrigdY,0x0001,trade_transfer
Auto_ThanLong_obfusca.exe,240,KhungCode_Auto.MainWindow,_CHAT,0x0001,
Auto_ThanLong_obfusca.exe,241,KhungCode_Auto.MainWindow,_IDchat,0x0001,
Auto_ThanLong_obfusca.exe,242,KhungCode_Auto.MainWindow,_soluongdochoi,0x0001,consumable_shop
Auto_ThanLong_obfusca.exe,243,KhungCode_Auto.MainWindow,_guikb,0x0001,
Auto_ThanLong_obfusca.exe,244,KhungCode_Auto.MainWindow,_soluongthucan,0x0001,consumable_shop;pet_mount
Auto_ThanLong_obfusca.exe,245,KhungCode_Auto.MainWindow,_soluongmau,0x0001,consumable_shop
Auto_ThanLong_obfusca.exe,246,KhungCode_Auto.MainWindow,_soluongmana,0x0001,consumable_shop
Auto_ThanLong_obfusca.exe,247,KhungCode_Auto.MainWindow,_chinhtuyen5x,0x0001,quest_level
Auto_ThanLong_obfusca.exe,248,KhungCode_Auto.MainWindow,_muaitem,0x0001,consumable_shop
Auto_ThanLong_obfusca.exe,249,KhungCode_Auto.MainWindow,_slgiaicaptcha,0x0001,captcha
Auto_ThanLong_obfusca.exe,250,KhungCode_Auto.MainWindow,_giaicaptcha,0x0001,captcha
Auto_ThanLong_obfusca.exe,251,KhungCode_Auto.MainWindow,_x2,0x0001,
Auto_ThanLong_obfusca.exe,252,KhungCode_Auto.MainWindow,_loctrangbi,0x0001,inventory_sell
Auto_ThanLong_obfusca.exe,253,KhungCode_Auto.MainWindow,_autodungmau,0x0001,heal_buff
Auto_ThanLong_obfusca.exe,254,KhungCode_Auto.MainWindow,_phantramHP,0x0001,heal_buff
Auto_ThanLong_obfusca.exe,255,KhungCode_Auto.MainWindow,_macdolv1,0x0001,
Auto_ThanLong_obfusca.exe,256,KhungCode_Auto.MainWindow,_cleartrangbi,0x0001,inventory_sell
Auto_ThanLong_obfusca.exe,257,KhungCode_Auto.MainWindow,_banitem,0x0001,inventory_sell
Auto_ThanLong_obfusca.exe,258,KhungCode_Auto.MainWindow,_chayTBD,0x0001,activity_tbd
Auto_ThanLong_obfusca.exe,259,KhungCode_Auto.MainWindow,_CONNECT,0x0001,
Auto_ThanLong_obfusca.exe,260,KhungCode_Auto.MainWindow,_konhatnguyenlieu,0x0001,
Auto_ThanLong_obfusca.exe,261,KhungCode_Auto.MainWindow,_TEST,0x0001,
Auto_ThanLong_obfusca.exe,262,KhungCode_Auto.MainWindow,_locthucuoi,0x0001,pet_mount
Auto_ThanLong_obfusca.exe,263,KhungCode_Auto.MainWindow,_HDACTAC,0x0001,activity_actac
Auto_ThanLong_obfusca.exe,264,KhungCode_Auto.MainWindow,_LV10,0x0001,quest_level
Auto_ThanLong_obfusca.exe,265,KhungCode_Auto.MainWindow,_MAPACTAC,0x0001,activity_actac
Auto_ThanLong_obfusca.exe,266,KhungCode_Auto.MainWindow,_vitrigiaodich,0x0001,trade_transfer
Auto_ThanLong_obfusca.exe,267,KhungCode_Auto.MainWindow,_trangthaigd,0x0001,trade_transfer
Auto_ThanLong_obfusca.exe,268,KhungCode_Auto.MainWindow,_chuyenitem,0x0001,trade_transfer
Auto_ThanLong_obfusca.exe,269,KhungCode_Auto.MainWindow,_chuyenitemvang,0x0001,trade_transfer
Auto_ThanLong_obfusca.exe,270,KhungCode_Auto.MainWindow,_thuylao,0x0001,activity_thuylao
Auto_ThanLong_obfusca.exe,271,KhungCode_Auto.MainWindow,_chuyen,0x0001,
Auto_ThanLong_obfusca.exe,272,KhungCode_Auto.MainWindow,_locPT,0x0001,
Auto_ThanLong_obfusca.exe,273,KhungCode_Auto.MainWindow,_vutalltrangbi,0x0001,
Auto_ThanLong_obfusca.exe,274,KhungCode_Auto.MainWindow,_sukien,0x0001,
Auto_ThanLong_obfusca.exe,275,KhungCode_Auto.MainWindow,_TRAINLV,0x0001,
Auto_ThanLong_obfusca.exe,276,KhungCode_Auto.MainWindow,_autoPT,0x0001,party_follow
Auto_ThanLong_obfusca.exe,277,KhungCode_Auto.MainWindow,_AUTOLOGIN,0x0001,account_login
Auto_ThanLong_obfusca.exe,278,KhungCode_Auto.MainWindow,_getTK,0x0001,
Auto_ThanLong_obfusca.exe,279,KhungCode_Auto.MainWindow,_BAITRAIN_ALL,0x0001,train_combat
Auto_ThanLong_obfusca.exe,280,KhungCode_Auto.MainWindow,_BaiTrainSelected,0x0001,train_combat
Auto_ThanLong_obfusca.exe,281,KhungCode_Auto.MainWindow,_BaiTrainAll,0x0001,train_combat
Auto_ThanLong_obfusca.exe,282,KhungCode_Auto.MainWindow,_sellItem,0x0001,inventory_sell
Auto_ThanLong_obfusca.exe,283,KhungCode_Auto.MainWindow,_setupauto,0x0001,
Auto_ThanLong_obfusca.exe,284,KhungCode_Auto.MainWindow,_dungitemphu,0x0001,
Auto_ThanLong_obfusca.exe,285,KhungCode_Auto.MainWindow,_trainlevelNEW,0x0001,train_combat
Auto_ThanLong_obfusca.exe,286,KhungCode_Auto.MainWindow,_danhytrilieu,0x0001,heal_buff
Auto_ThanLong_obfusca.exe,287,KhungCode_Auto.MainWindow,_muaItem,0x0001,consumable_shop
Auto_ThanLong_obfusca.exe,288,KhungCode_Auto.MainWindow,_dungvang,0x0001,trade_transfer
Auto_ThanLong_obfusca.exe,289,KhungCode_Auto.MainWindow,_DUNGCODE,0x0001,captcha
Auto_ThanLong_obfusca.exe,290,KhungCode_Auto.MainWindow,_sttbaithuylao,0x0001,activity_thuylao
Auto_ThanLong_obfusca.exe,291,KhungCode_Auto.MainWindow,_TotalBTD,0x0001,
Auto_ThanLong_obfusca.exe,292,KhungCode_Auto.MainWindow,_SoLuongNhanVat,0x0001,
Auto_ThanLong_obfusca.exe,293,KhungCode_Auto.MainWindow,_MaxTBD,0x0001,
Auto_ThanLong_obfusca.exe,294,KhungCode_Auto.MainWindow,_IsDoanChat,0x0001,
Auto_ThanLong_obfusca.exe,295,KhungCode_Auto.MainWindow,_HenGio,0x0001,scheduler
Auto_ThanLong_obfusca.exe,296,KhungCode_Auto.MainWindow,_IsSelectAllDevice,0x0001,
Auto_ThanLong_obfusca.exe,297,KhungCode_Auto.MainWindow,timerCheckDevices,0x0001,
Auto_ThanLong_obfusca.exe,298,KhungCode_Auto.MainWindow,timerCheckHenGio,0x0001,scheduler
Auto_ThanLong_obfusca.exe,299,KhungCode_Auto.MainWindow,timer,0x0001,
Auto_ThanLong_obfusca.exe,300,KhungCode_Auto.MainWindow,version,0x0001,
Auto_ThanLong_obfusca.exe,301,KhungCode_Auto.MainWindow,dragMgr,0x0001,
Auto_ThanLong_obfusca.exe,302,KhungCode_Auto.MainWindow,timerCheckAuthorize,0x0001,
Auto_ThanLong_obfusca.exe,303,KhungCode_Auto.MainWindow,sltab,0x0016,
Auto_ThanLong_obfusca.exe,304,KhungCode_Auto.MainWindow,KEYYY,0x0016,
Auto_ThanLong_obfusca.exe,305,KhungCode_Auto.MainWindow,isHetAcc,0x0001,
Auto_ThanLong_obfusca.exe,306,KhungCode_Auto.MainWindow,QueueDeviceGetAcc,0x0001,account_login
Auto_ThanLong_obfusca.exe,307,KhungCode_Auto.MainWindow,QueueDeviceGetToaDo,0x0001,
Auto_ThanLong_obfusca.exe,308,KhungCode_Auto.MainWindow,thuylaoTeam1,0x0001,activity_thuylao
Auto_ThanLong_obfusca.exe,309,KhungCode_Auto.MainWindow,thuylaoTeam2,0x0001,activity_thuylao
Auto_ThanLong_obfusca.exe,310,KhungCode_Auto.MainWindow,thuylaoTeam3,0x0001,activity_thuylao
Auto_ThanLong_obfusca.exe,311,KhungCode_Auto.MainWindow,thuylaoTeam4,0x0001,activity_thuylao
Auto_ThanLong_obfusca.exe,312,KhungCode_Auto.MainWindow,thuylaoTeam5,0x0001,activity_thuylao
Auto_ThanLong_obfusca.exe,313,KhungCode_Auto.MainWindow,thuylaoTeam6,0x0001,activity_thuylao
Auto_ThanLong_obfusca.exe,314,KhungCode_Auto.MainWindow,txbDoanChat1,0x0003,
Auto_ThanLong_obfusca.exe,315,KhungCode_Auto.MainWindow,txbDoanChat,0x0003,
Auto_ThanLong_obfusca.exe,316,KhungCode_Auto.MainWindow,_contentLoaded,0x0001,
Auto_ThanLong_obfusca.exe,317,<<TimerCheckAuthorize_Tick>b__206_0>d,<>1__state,0x0006,
Auto_ThanLong_obfusca.exe,318,<<TimerCheckAuthorize_Tick>b__206_0>d,<>t__builder,0x0006,
Auto_ThanLong_obfusca.exe,319,<<TimerCheckAuthorize_Tick>b__206_0>d,<>4__this,0x0006,
Auto_ThanLong_obfusca.exe,320,<<TimerCheckAuthorize_Tick>b__206_0>d,<flag>5__1,0x0001,
Auto_ThanLong_obfusca.exe,321,<<TimerCheckAuthorize_Tick>b__206_0>d,<isOk>5__2,0x0001,
Auto_ThanLong_obfusca.exe,322,<<TimerCheckAuthorize_Tick>b__206_0>d,<countFalse>5__3,0x0001,
Auto_ThanLong_obfusca.exe,323,<<TimerCheckAuthorize_Tick>b__206_0>d,<>s__4,0x0001,
Auto_ThanLong_obfusca.exe,324,<<TimerCheckAuthorize_Tick>b__206_0>d,<flag2>5__5,0x0001,
Auto_ThanLong_obfusca.exe,325,<<TimerCheckAuthorize_Tick>b__206_0>d,<>s__6,0x0001,
Auto_ThanLong_obfusca.exe,326,<<TimerCheckAuthorize_Tick>b__206_0>d,<>u__1,0x0001,
Auto_ThanLong_obfusca.exe,327,<>c,<>9,0x0036,
Auto_ThanLong_obfusca.exe,328,<>c,<>9__199_0,0x0016,
Auto_ThanLong_obfusca.exe,329,<>c,<>9__201_0,0x0016,
Auto_ThanLong_obfusca.exe,330,<>c,<>9__208_0,0x0016,
Auto_ThanLong_obfusca.exe,331,<>c,<>9__208_1,0x0016,
Auto_ThanLong_obfusca.exe,332,<>c,<>9__209_0,0x0016,
Auto_ThanLong_obfusca.exe,333,<>c,<>9__286_0,0x0016,
Auto_ThanLong_obfusca.exe,334,<>c,<>9__286_1,0x0016,
Auto_ThanLong_obfusca.exe,335,<>c,<>9__286_2,0x0016,
Auto_ThanLong_obfusca.exe,336,<>c,<>9__286_3,0x0016,
Auto_ThanLong_obfusca.exe,337,<>c,<>9__286_4,0x0016,
Auto_ThanLong_obfusca.exe,338,<>c,<>9__286_5,0x0016,
Auto_ThanLong_obfusca.exe,339,<>c,<>9__315_0,0x0016,
Auto_ThanLong_obfusca.exe,340,<>c,<>9__320_1,0x0016,
Auto_ThanLong_obfusca.exe,341,<>c__DisplayClass208_0,item,0x0006,
Auto_ThanLong_obfusca.exe,342,<>c__DisplayClass315_0,device,0x0006,
Auto_ThanLong_obfusca.exe,343,<>c__DisplayClass315_0,<>4__this,0x0006,
Auto_ThanLong_obfusca.exe,344,<>c__DisplayClass315_1,selectedQuest,0x0006,quest_level
Auto_ThanLong_obfusca.exe,345,<>c__DisplayClass315_1,CS$<>8__locals1,0x0006,
Auto_ThanLong_obfusca.exe,346,<>c__DisplayClass320_0,item,0x0006,
Auto_ThanLong_obfusca.exe,347,<>c__DisplayClass320_0,<>4__this,0x0006,
Auto_ThanLong_obfusca.exe,348,<>c__DisplayClass321_0,device,0x0006,
Auto_ThanLong_obfusca.exe,349,<>c__DisplayClass321_0,item,0x0006,
Auto_ThanLong_obfusca.exe,350,<>c__DisplayClass321_1,temp,0x0006,
Auto_ThanLong_obfusca.exe,351,<>c__DisplayClass321_1,CS$<>8__locals1,0x0006,
Auto_ThanLong_obfusca.exe,352,<>c__DisplayClass324_0,quest,0x0006,
Auto_ThanLong_obfusca.exe,353,<AutoUpdaterOnCheckForUpdateEvent>d__200,<>1__state,0x0006,auth_update
Auto_ThanLong_obfusca.exe,354,<AutoUpdaterOnCheckForUpdateEvent>d__200,<>t__builder,0x0006,auth_update
Auto_ThanLong_obfusca.exe,355,<AutoUpdaterOnCheckForUpdateEvent>d__200,args,0x0006,auth_update
Auto_ThanLong_obfusca.exe,356,<AutoUpdaterOnCheckForUpdateEvent>d__200,<>4__this,0x0006,auth_update
Auto_ThanLong_obfusca.exe,357,<AutoUpdaterOnCheckForUpdateEvent>d__200,<isUpdateAvailable>5__1,0x0001,auth_update
Auto_ThanLong_obfusca.exe,358,<AutoUpdaterOnCheckForUpdateEvent>d__200,<flag>5__2,0x0001,auth_update
Auto_ThanLong_obfusca.exe,359,<AutoUpdaterOnCheckForUpdateEvent>d__200,<exception>5__3,0x0001,auth_update
Auto_ThanLong_obfusca.exe,360,<AutoUpdaterOnCheckForUpdateEvent>d__200,<>u__1,0x0001,auth_update
Auto_ThanLong_obfusca.exe,361,<Nomal>d__317,<>1__state,0x0006,captcha
Auto_ThanLong_obfusca.exe,362,<Nomal>d__317,<>t__builder,0x0006,captcha
Auto_ThanLong_obfusca.exe,363,<Nomal>d__317,bitmap,0x0006,captcha
Auto_ThanLong_obfusca.exe,364,<Nomal>d__317,<>4__this,0x0006,captcha
Auto_ThanLong_obfusca.exe,365,<Nomal>d__317,<key>5__1,0x0001,captcha
Auto_ThanLong_obfusca.exe,366,<Nomal>d__317,<request>5__2,0x0001,captcha
Auto_ThanLong_obfusca.exe,367,<Nomal>d__317,<client>5__3,0x0001,captcha
Auto_ThanLong_obfusca.exe,368,<Nomal>d__317,<formData>5__4,0x0001,captcha
Auto_ThanLong_obfusca.exe,369,<Nomal>d__317,<response>5__5,0x0001,captcha
Auto_ThanLong_obfusca.exe,370,<Nomal>d__317,<isSuccessStatusCode>5__6,0x0001,captcha
Auto_ThanLong_obfusca.exe,371,<Nomal>d__317,<res>5__7,0x0001,captcha
Auto_ThanLong_obfusca.exe,372,<Nomal>d__317,<resJson>5__8,0x0001,captcha
Auto_ThanLong_obfusca.exe,373,<Nomal>d__317,<startime>5__9,0x0001,captcha
Auto_ThanLong_obfusca.exe,374,<Nomal>d__317,<flag>5__10,0x0001,captcha
Auto_ThanLong_obfusca.exe,375,<Nomal>d__317,<ress>5__11,0x0001,captcha
Auto_ThanLong_obfusca.exe,376,<Nomal>d__317,<resa>5__12,0x0001,captcha
Auto_ThanLong_obfusca.exe,377,<Nomal>d__317,<flag2>5__13,0x0001,captcha
Auto_ThanLong_obfusca.exe,378,<Nomal>d__317,<flag3>5__14,0x0001,captcha
Auto_ThanLong_obfusca.exe,379,<Nomal>d__317,<resaJson>5__15,0x0001,captcha
Auto_ThanLong_obfusca.exe,380,<Nomal>d__317,<flag4>5__16,0x0001,captcha
Auto_ThanLong_obfusca.exe,381,<SoveNormalCapt>d__316,<>1__state,0x0006,captcha
Auto_ThanLong_obfusca.exe,382,<SoveNormalCapt>d__316,<>t__builder,0x0006,captcha
Auto_ThanLong_obfusca.exe,383,<SoveNormalCapt>d__316,deviceID,0x0006,captcha
Auto_ThanLong_obfusca.exe,384,<SoveNormalCapt>d__316,<>4__this,0x0006,captcha
Auto_ThanLong_obfusca.exe,385,<SoveNormalCapt>d__316,<screen>5__1,0x0001,captcha
Auto_ThanLong_obfusca.exe,386,<SoveNormalCapt>d__316,<x>5__2,0x0001,captcha
Auto_ThanLong_obfusca.exe,387,<SoveNormalCapt>d__316,<y>5__3,0x0001,captcha
Auto_ThanLong_obfusca.exe,388,<SoveNormalCapt>d__316,<bytes>5__4,0x0001,captcha
Auto_ThanLong_obfusca.exe,389,<SoveNormalCapt>d__316,<request>5__5,0x0001,captcha
Auto_ThanLong_obfusca.exe,390,<SoveNormalCapt>d__316,<res>5__6,0x0001,captcha
Auto_ThanLong_obfusca.exe,391,<SoveNormalCapt>d__316,<>s__7,0x0001,captcha
Auto_ThanLong_obfusca.exe,392,<SoveNormalCapt>d__316,<i>5__8,0x0001,captcha
Auto_ThanLong_obfusca.exe,393,<SoveNormalCapt>d__316,<a>5__9,0x0001,captcha
Auto_ThanLong_obfusca.exe,394,<SoveNormalCapt>d__316,<Numrd>5__10,0x0001,captcha
Auto_ThanLong_obfusca.exe,395,<SoveNormalCapt>d__316,<>u__1,0x0001,captcha
Auto_ThanLong_obfusca.exe,396,KhungCode_Auto.NoxMultiIni,<pid>k__BackingField,0x0001,
Auto_ThanLong_obfusca.exe,397,KhungCode_Auto.NoxMultiIni,<vmpid>k__BackingField,0x0001,
Auto_ThanLong_obfusca.exe,398,KhungCode_Auto.NoxMultiIni,<Ports>k__BackingField,0x0011,
Auto_ThanLong_obfusca.exe,399,<>c__DisplayClass13_0,port,0x0006,
Auto_ThanLong_obfusca.exe,400,<>c__DisplayClass13_1,abc,0x0006,
Auto_ThanLong_obfusca.exe,401,KhungCode_Auto.QuestInfo,PropertyChanged,0x0001,quest_level
Auto_ThanLong_obfusca.exe,402,KhungCode_Auto.QuestInfo,_IsSelected,0x0001,quest_level
Auto_ThanLong_obfusca.exe,403,KhungCode_Auto.QuestInfo,_IsLeader,0x0001,quest_level
Auto_ThanLong_obfusca.exe,404,KhungCode_Auto.QuestInfo,_QuestName,0x0001,quest_level
Auto_ThanLong_obfusca.exe,405,KhungCode_Auto.QuestInfo,_QuestToDo,0x0001,quest_level
Auto_ThanLong_obfusca.exe,406,KhungCode_Auto.QuestInfo,_Status,0x0001,quest_level
Auto_ThanLong_obfusca.exe,407,KhungCode_Auto.QuestInfo,_ThoiGian,0x0001,quest_level;scheduler
Auto_ThanLong_obfusca.exe,408,KhungCode_Auto.QuestInfo,_IsThoiGian,0x0001,quest_level;scheduler
Auto_ThanLong_obfusca.exe,409,KhungCode_Auto.QuestInfo,_IsRuningQuest,0x0001,quest_level
Auto_ThanLong_obfusca.exe,410,KhungCode_Auto.QuestInfo,_DeviceID,0x0001,quest_level
Auto_ThanLong_obfusca.exe,411,KhungCode_Auto.QuestInfo,_Isslnhanvat,0x0001,quest_level
Auto_ThanLong_obfusca.exe,412,KhungCode_Auto.QuestInfo,_QuestThread,0x0001,core_orchestration;quest_level
Auto_ThanLong_obfusca.exe,413,KhungCode_Auto.QuestInfo,_Device,0x0001,quest_level
Auto_ThanLong_obfusca.exe,414,KhungCode_Auto.QuestInfo,_Color,0x0001,quest_level
Auto_ThanLong_obfusca.exe,415,KhungCode_Auto.QuestInfo,_EStatus,0x0001,quest_level
Auto_ThanLong_obfusca.exe,416,KhungCode_Auto.Request,<x>k__BackingField,0x0001,
Auto_ThanLong_obfusca.exe,417,KhungCode_Auto.Request,<y>k__BackingField,0x0001,
Auto_ThanLong_obfusca.exe,418,KhungCode_Auto.TwoCaptResponseStatus,<status>k__BackingField,0x0001,
Auto_ThanLong_obfusca.exe,419,KhungCode_Auto.TwoCaptResponseStatus,<request>k__BackingField,0x0001,
Auto_ThanLong_obfusca.exe,420,KhungCode_Auto.UserInfoDetail,<Email>k__BackingField,0x0001,
Auto_ThanLong_obfusca.exe,421,KhungCode_Auto.UserInfoDetail,<UserName>k__BackingField,0x0001,
Auto_ThanLong_obfusca.exe,422,KhungCode_Auto.UserInfoDetail,<Package>k__BackingField,0x0001,
Auto_ThanLong_obfusca.exe,423,KhungCode_Auto.UserInfoDetail,<RemainDay>k__BackingField,0x0001,
Auto_ThanLong_obfusca.exe,424,KhungCode_Auto.UserInfoDetail,<RegistrationDate>k__BackingField,0x0001,
Auto_ThanLong_obfusca.exe,425,KhungCode_Auto.UserInfoDetail,<CountryId>k__BackingField,0x0001,
Auto_ThanLong_obfusca.exe,426,KhungCode_Auto.UserInfoDetail,<CountryName>k__BackingField,0x0001,
Auto_ThanLong_obfusca.exe,427,KhungCode_Auto.UserInfoDetail,<ProjectId>k__BackingField,0x0001,
Auto_ThanLong_obfusca.exe,428,KhungCode_Auto.UserInfoDetail,<ProjectName>k__BackingField,0x0001,
Auto_ThanLong_obfusca.exe,429,KhungCode_Auto.UserInfoDetail,<UpdateXmlUrl>k__BackingField,0x0001,
KAutoHelper.dll,1,KAutoHelper.ADBHelper,LIST_DEVICES,0x0011,
KAutoHelper.dll,2,KAutoHelper.ADBHelper,TAP_DEVICES,0x0011,
KAutoHelper.dll,3,KAutoHelper.ADBHelper,SWIPE_DEVICES,0x0011,
KAutoHelper.dll,4,KAutoHelper.ADBHelper,KEY_DEVICES,0x0011,
KAutoHelper.dll,5,KAutoHelper.ADBHelper,INPUT_TEXT_DEVICES,0x0011,
KAutoHelper.dll,6,KAutoHelper.ADBHelper,CAPTURE_SCREEN_TO_DEVICES,0x0011,
KAutoHelper.dll,7,KAutoHelper.ADBHelper,PULL_SCREEN_FROM_DEVICES,0x0011,
KAutoHelper.dll,8,KAutoHelper.ADBHelper,REMOVE_SCREEN_FROM_DEVICES,0x0011,
KAutoHelper.dll,9,KAutoHelper.ADBHelper,GET_SCREEN_RESOLUTION,0x0011,
KAutoHelper.dll,10,KAutoHelper.ADBHelper,DEFAULT_SWIPE_DURATION,0x8051,
KAutoHelper.dll,11,KAutoHelper.ADBHelper,ADB_FOLDER_PATH,0x0011,
KAutoHelper.dll,12,KAutoHelper.ADBHelper,ADB_PATH,0x0011,
KAutoHelper.dll,13,KAutoHelper.ADBKeyEvent,value__,0x0606,
KAutoHelper.dll,14,KAutoHelper.ADBKeyEvent,KEYCODE_0,0x8056,
KAutoHelper.dll,15,KAutoHelper.ADBKeyEvent,KEYCODE_SOFT_LEFT,0x8056,
KAutoHelper.dll,16,KAutoHelper.ADBKeyEvent,KEYCODE_SOFT_RIGHT,0x8056,
KAutoHelper.dll,17,KAutoHelper.ADBKeyEvent,KEYCODE_HOME,0x8056,
KAutoHelper.dll,18,KAutoHelper.ADBKeyEvent,KEYCODE_BACK,0x8056,
KAutoHelper.dll,19,KAutoHelper.ADBKeyEvent,KEYCODE_CALL,0x8056,
KAutoHelper.dll,20,KAutoHelper.ADBKeyEvent,KEYCODE_ENDCALL,0x8056,
KAutoHelper.dll,21,KAutoHelper.ADBKeyEvent,KEYCODE_0_,0x8056,
KAutoHelper.dll,22,KAutoHelper.ADBKeyEvent,KEYCODE_1,0x8056,
KAutoHelper.dll,23,KAutoHelper.ADBKeyEvent,KEYCODE_2,0x8056,
KAutoHelper.dll,24,KAutoHelper.ADBKeyEvent,KEYCODE_3,0x8056,
KAutoHelper.dll,25,KAutoHelper.ADBKeyEvent,KEYCODE_4,0x8056,
KAutoHelper.dll,26,KAutoHelper.ADBKeyEvent,KEYCODE_5,0x8056,
KAutoHelper.dll,27,KAutoHelper.ADBKeyEvent,KEYCODE_6,0x8056,
KAutoHelper.dll,28,KAutoHelper.ADBKeyEvent,KEYCODE_7,0x8056,
KAutoHelper.dll,29,KAutoHelper.ADBKeyEvent,KEYCODE_8,0x8056,
KAutoHelper.dll,30,KAutoHelper.ADBKeyEvent,KEYCODE_9,0x8056,
KAutoHelper.dll,31,KAutoHelper.ADBKeyEvent,KEYCODE_STAR,0x8056,
KAutoHelper.dll,32,KAutoHelper.ADBKeyEvent,KEYCODE_POUND,0x8056,
KAutoHelper.dll,33,KAutoHelper.ADBKeyEvent,KEYCODE_DPAD_UP,0x8056,
KAutoHelper.dll,34,KAutoHelper.ADBKeyEvent,KEYCODE_DPAD_DOWN,0x8056,
KAutoHelper.dll,35,KAutoHelper.ADBKeyEvent,KEYCODE_DPAD_LEFT,0x8056,
KAutoHelper.dll,36,KAutoHelper.ADBKeyEvent,KEYCODE_DPAD_RIGHT,0x8056,
KAutoHelper.dll,37,KAutoHelper.ADBKeyEvent,KEYCODE_DPAD_CENTER,0x8056,
KAutoHelper.dll,38,KAutoHelper.ADBKeyEvent,KEYCODE_VOLUME_UP,0x8056,
KAutoHelper.dll,39,KAutoHelper.ADBKeyEvent,KEYCODE_VOLUME_DOWN,0x8056,
KAutoHelper.dll,40,KAutoHelper.ADBKeyEvent,KEYCODE_POWER,0x8056,
KAutoHelper.dll,41,KAutoHelper.ADBKeyEvent,KEYCODE_CAMERA,0x8056,
KAutoHelper.dll,42,KAutoHelper.ADBKeyEvent,KEYCODE_CLEAR,0x8056,
KAutoHelper.dll,43,KAutoHelper.ADBKeyEvent,KEYCODE_A,0x8056,
KAutoHelper.dll,44,KAutoHelper.ADBKeyEvent,KEYCODE_B,0x8056,
KAutoHelper.dll,45,KAutoHelper.ADBKeyEvent,KEYCODE_C,0x8056,
KAutoHelper.dll,46,KAutoHelper.ADBKeyEvent,KEYCODE_D,0x8056,
KAutoHelper.dll,47,KAutoHelper.ADBKeyEvent,KEYCODE_E,0x8056,
KAutoHelper.dll,48,KAutoHelper.ADBKeyEvent,KEYCODE_F,0x8056,
KAutoHelper.dll,49,KAutoHelper.ADBKeyEvent,KEYCODE_G,0x8056,
KAutoHelper.dll,50,KAutoHelper.ADBKeyEvent,KEYCODE_H,0x8056,
KAutoHelper.dll,51,KAutoHelper.ADBKeyEvent,KEYCODE_I,0x8056,
KAutoHelper.dll,52,KAutoHelper.ADBKeyEvent,KEYCODE_J,0x8056,
KAutoHelper.dll,53,KAutoHelper.ADBKeyEvent,KEYCODE_K,0x8056,
KAutoHelper.dll,54,KAutoHelper.ADBKeyEvent,KEYCODE_L,0x8056,
KAutoHelper.dll,55,KAutoHelper.ADBKeyEvent,KEYCODE_M,0x8056,
KAutoHelper.dll,56,KAutoHelper.ADBKeyEvent,KEYCODE_N,0x8056,
KAutoHelper.dll,57,KAutoHelper.ADBKeyEvent,KEYCODE_O,0x8056,
KAutoHelper.dll,58,KAutoHelper.ADBKeyEvent,KEYCODE_P,0x8056,
KAutoHelper.dll,59,KAutoHelper.ADBKeyEvent,KEYCODE_Q,0x8056,
KAutoHelper.dll,60,KAutoHelper.ADBKeyEvent,KEYCODE_R,0x8056,
KAutoHelper.dll,61,KAutoHelper.ADBKeyEvent,KEYCODE_S,0x8056,
KAutoHelper.dll,62,KAutoHelper.ADBKeyEvent,KEYCODE_T,0x8056,
KAutoHelper.dll,63,KAutoHelper.ADBKeyEvent,KEYCODE_U,0x8056,
KAutoHelper.dll,64,KAutoHelper.ADBKeyEvent,KEYCODE_V,0x8056,
KAutoHelper.dll,65,KAutoHelper.ADBKeyEvent,KEYCODE_W,0x8056,
KAutoHelper.dll,66,KAutoHelper.ADBKeyEvent,KEYCODE_X,0x8056,
KAutoHelper.dll,67,KAutoHelper.ADBKeyEvent,KEYCODE_Y,0x8056,
KAutoHelper.dll,68,KAutoHelper.ADBKeyEvent,KEYCODE_Z,0x8056,
KAutoHelper.dll,69,KAutoHelper.ADBKeyEvent,KEYCODE_COMMA,0x8056,
KAutoHelper.dll,70,KAutoHelper.ADBKeyEvent,KEYCODE_PERIOD,0x8056,
KAutoHelper.dll,71,KAutoHelper.ADBKeyEvent,KEYCODE_ALT_LEFT,0x8056,
KAutoHelper.dll,72,KAutoHelper.ADBKeyEvent,KEYCODE_ALT_RIGHT,0x8056,
KAutoHelper.dll,73,KAutoHelper.ADBKeyEvent,KEYCODE_SHIFT_LEFT,0x8056,
KAutoHelper.dll,74,KAutoHelper.ADBKeyEvent,KEYCODE_SHIFT_RIGHT,0x8056,
KAutoHelper.dll,75,KAutoHelper.ADBKeyEvent,KEYCODE_TAB,0x8056,
KAutoHelper.dll,76,KAutoHelper.ADBKeyEvent,KEYCODE_SPACE,0x8056,
KAutoHelper.dll,77,KAutoHelper.ADBKeyEvent,KEYCODE_SYM,0x8056,
KAutoHelper.dll,78,KAutoHelper.ADBKeyEvent,KEYCODE_EXPLORER,0x8056,
KAutoHelper.dll,79,KAutoHelper.ADBKeyEvent,KEYCODE_ENVELOPE,0x8056,
KAutoHelper.dll,80,KAutoHelper.ADBKeyEvent,KEYCODE_ENTER,0x8056,
KAutoHelper.dll,81,KAutoHelper.ADBKeyEvent,KEYCODE_DEL,0x8056,
KAutoHelper.dll,82,KAutoHelper.ADBKeyEvent,KEYCODE_GRAVE,0x8056,
KAutoHelper.dll,83,KAutoHelper.ADBKeyEvent,KEYCODE_MINUS,0x8056,
KAutoHelper.dll,84,KAutoHelper.ADBKeyEvent,KEYCODE_EQUALS,0x8056,
KAutoHelper.dll,85,KAutoHelper.ADBKeyEvent,KEYCODE_LEFT_BRACKET,0x8056,
KAutoHelper.dll,86,KAutoHelper.ADBKeyEvent,KEYCODE_RIGHT_BRACKET,0x8056,
KAutoHelper.dll,87,KAutoHelper.ADBKeyEvent,KEYCODE_BACKSLASH,0x8056,
KAutoHelper.dll,88,KAutoHelper.ADBKeyEvent,KEYCODE_SEMICOLON,0x8056,
KAutoHelper.dll,89,KAutoHelper.ADBKeyEvent,KEYCODE_APOSTROPHE,0x8056,
KAutoHelper.dll,90,KAutoHelper.ADBKeyEvent,KEYCODE_SLASH,0x8056,
KAutoHelper.dll,91,KAutoHelper.ADBKeyEvent,KEYCODE_AT,0x8056,
KAutoHelper.dll,92,KAutoHelper.ADBKeyEvent,KEYCODE_NUM,0x8056,
KAutoHelper.dll,93,KAutoHelper.ADBKeyEvent,KEYCODE_HEADSETHOOK,0x8056,
KAutoHelper.dll,94,KAutoHelper.ADBKeyEvent,KEYCODE_FOCUS,0x8056,
KAutoHelper.dll,95,KAutoHelper.ADBKeyEvent,KEYCODE_PLUS,0x8056,
KAutoHelper.dll,96,KAutoHelper.ADBKeyEvent,KEYCODE_MENU,0x8056,
KAutoHelper.dll,97,KAutoHelper.ADBKeyEvent,KEYCODE_NOTIFICATION,0x8056,
KAutoHelper.dll,98,KAutoHelper.ADBKeyEvent,KEYCODE_APP_SWITCH,0x8056,
KAutoHelper.dll,99,KAutoHelper.NoxMultiIni,<pid>k__BackingField,0x0001,
KAutoHelper.dll,100,KAutoHelper.NoxMultiIni,<vmpid>k__BackingField,0x0001,
KAutoHelper.dll,101,KAutoHelper.NoxMultiIni,<Ports>k__BackingField,0x0011,
KAutoHelper.dll,102,KAutoHelper.CaptureHelper,X,0x0016,
KAutoHelper.dll,103,KAutoHelper.CaptureHelper,Y,0x0016,
KAutoHelper.dll,104,KAutoHelper.WMessages,value__,0x0606,
KAutoHelper.dll,105,KAutoHelper.WMessages,WM_LBUTTONDOWN,0x8056,
KAutoHelper.dll,106,KAutoHelper.WMessages,WM_LBUTTONUP,0x8056,
KAutoHelper.dll,107,KAutoHelper.WMessages,WM_LBUTTONDBLCLK,0x8056,
KAutoHelper.dll,108,KAutoHelper.WMessages,WM_RBUTTONDOWN,0x8056,
KAutoHelper.dll,109,KAutoHelper.WMessages,WM_RBUTTONUP,0x8056,
KAutoHelper.dll,110,KAutoHelper.WMessages,WM_RBUTTONDBLCLK,0x8056,
KAutoHelper.dll,111,KAutoHelper.WMessages,WM_KEYDOWN,0x8056,
KAutoHelper.dll,112,KAutoHelper.WMessages,WM_KEYUP,0x8056,
KAutoHelper.dll,113,KAutoHelper.WMessages,BN_CLICKED,0x8056,
KAutoHelper.dll,114,KAutoHelper.WMessages,WM_COMMAND,0x8056,
KAutoHelper.dll,115,KAutoHelper.WMessages,WM_SETTEXT,0x8056,
KAutoHelper.dll,116,KAutoHelper.WMessages,WM_CHAR,0x8056,
KAutoHelper.dll,117,KAutoHelper.WMessages,BM_CLICK,0x8056,
KAutoHelper.dll,118,KAutoHelper.WMessages,WM_SYSKEYDOWN,0x8056,
KAutoHelper.dll,119,KAutoHelper.WMessages,WM_SYSKEYUP,0x8056,
KAutoHelper.dll,120,KAutoHelper.WMessages,WM_MOUSEMOVE,0x8056,
KAutoHelper.dll,121,KAutoHelper.WMessages,WM_ACTIVATE,0x8056,
KAutoHelper.dll,122,KAutoHelper.VKeys,value__,0x0606,
KAutoHelper.dll,123,KAutoHelper.VKeys,VK_A_Cong,0x8056,
KAutoHelper.dll,124,KAutoHelper.VKeys,VK_LBUTTON,0x8056,
KAutoHelper.dll,125,KAutoHelper.VKeys,VK_RBUTTON,0x8056,
KAutoHelper.dll,126,KAutoHelper.VKeys,VK_CANCEL,0x8056,
KAutoHelper.dll,127,KAutoHelper.VKeys,VK_MBUTTON,0x8056,
KAutoHelper.dll,128,KAutoHelper.VKeys,VK_BACK,0x8056,
KAutoHelper.dll,129,KAutoHelper.VKeys,VK_TAB,0x8056,
KAutoHelper.dll,130,KAutoHelper.VKeys,VK_CLEAR,0x8056,
KAutoHelper.dll,131,KAutoHelper.VKeys,VK_RETURN,0x8056,
KAutoHelper.dll,132,KAutoHelper.VKeys,VK_SHIFT,0x8056,
KAutoHelper.dll,133,KAutoHelper.VKeys,VK_CONTROL,0x8056,
KAutoHelper.dll,134,KAutoHelper.VKeys,VK_MENU,0x8056,
KAutoHelper.dll,135,KAutoHelper.VKeys,VK_PAUSE,0x8056,
KAutoHelper.dll,136,KAutoHelper.VKeys,VK_CAPITAL,0x8056,
KAutoHelper.dll,137,KAutoHelper.VKeys,VK_ESCAPE,0x8056,
KAutoHelper.dll,138,KAutoHelper.VKeys,VK_SPACE,0x8056,
KAutoHelper.dll,139,KAutoHelper.VKeys,VK_PRIOR,0x8056,
KAutoHelper.dll,140,KAutoHelper.VKeys,VK_NEXT,0x8056,
KAutoHelper.dll,141,KAutoHelper.VKeys,VK_END,0x8056,
KAutoHelper.dll,142,KAutoHelper.VKeys,VK_HOME,0x8056,
KAutoHelper.dll,143,KAutoHelper.VKeys,VK_LEFT,0x8056,
KAutoHelper.dll,144,KAutoHelper.VKeys,VK_UP,0x8056,
KAutoHelper.dll,145,KAutoHelper.VKeys,VK_RIGHT,0x8056,
KAutoHelper.dll,146,KAutoHelper.VKeys,VK_DOWN,0x8056,
KAutoHelper.dll,147,KAutoHelper.VKeys,VK_SELECT,0x8056,
KAutoHelper.dll,148,KAutoHelper.VKeys,VK_PRINT,0x8056,
KAutoHelper.dll,149,KAutoHelper.VKeys,VK_EXECUTE,0x8056,
KAutoHelper.dll,150,KAutoHelper.VKeys,VK_SNAPSHOT,0x8056,
KAutoHelper.dll,151,KAutoHelper.VKeys,VK_INSERT,0x8056,
KAutoHelper.dll,152,KAutoHelper.VKeys,VK_DELETE,0x8056,
KAutoHelper.dll,153,KAutoHelper.VKeys,VK_HELP,0x8056,
KAutoHelper.dll,154,KAutoHelper.VKeys,VK_0,0x8056,
KAutoHelper.dll,155,KAutoHelper.VKeys,VK_1,0x8056,
KAutoHelper.dll,156,KAutoHelper.VKeys,VK_2,0x8056,
KAutoHelper.dll,157,KAutoHelper.VKeys,VK_3,0x8056,
KAutoHelper.dll,158,KAutoHelper.VKeys,VK_4,0x8056,
KAutoHelper.dll,159,KAutoHelper.VKeys,VK_5,0x8056,
KAutoHelper.dll,160,KAutoHelper.VKeys,VK_6,0x8056,
KAutoHelper.dll,161,KAutoHelper.VKeys,VK_7,0x8056,
KAutoHelper.dll,162,KAutoHelper.VKeys,VK_8,0x8056,
KAutoHelper.dll,163,KAutoHelper.VKeys,VK_9,0x8056,
KAutoHelper.dll,164,KAutoHelper.VKeys,VK_A,0x8056,
KAutoHelper.dll,165,KAutoHelper.VKeys,VK_B,0x8056,
KAutoHelper.dll,166,KAutoHelper.VKeys,VK_C,0x8056,
KAutoHelper.dll,167,KAutoHelper.VKeys,VK_D,0x8056,
KAutoHelper.dll,168,KAutoHelper.VKeys,VK_E,0x8056,
KAutoHelper.dll,169,KAutoHelper.VKeys,VK_F,0x8056,
KAutoHelper.dll,170,KAutoHelper.VKeys,VK_G,0x8056,
KAutoHelper.dll,171,KAutoHelper.VKeys,VK_H,0x8056,
KAutoHelper.dll,172,KAutoHelper.VKeys,VK_I,0x8056,
KAutoHelper.dll,173,KAutoHelper.VKeys,VK_J,0x8056,
KAutoHelper.dll,174,KAutoHelper.VKeys,VK_K,0x8056,
KAutoHelper.dll,175,KAutoHelper.VKeys,VK_L,0x8056,
KAutoHelper.dll,176,KAutoHelper.VKeys,VK_M,0x8056,
KAutoHelper.dll,177,KAutoHelper.VKeys,VK_N,0x8056,
KAutoHelper.dll,178,KAutoHelper.VKeys,VK_O,0x8056,
KAutoHelper.dll,179,KAutoHelper.VKeys,VK_P,0x8056,
KAutoHelper.dll,180,KAutoHelper.VKeys,VK_Q,0x8056,
KAutoHelper.dll,181,KAutoHelper.VKeys,VK_R,0x8056,
KAutoHelper.dll,182,KAutoHelper.VKeys,VK_S,0x8056,
KAutoHelper.dll,183,KAutoHelper.VKeys,VK_T,0x8056,
KAutoHelper.dll,184,KAutoHelper.VKeys,VK_U,0x8056,
KAutoHelper.dll,185,KAutoHelper.VKeys,VK_V,0x8056,
KAutoHelper.dll,186,KAutoHelper.VKeys,VK_W,0x8056,
KAutoHelper.dll,187,KAutoHelper.VKeys,VK_X,0x8056,
KAutoHelper.dll,188,KAutoHelper.VKeys,VK_Y,0x8056,
KAutoHelper.dll,189,KAutoHelper.VKeys,VK_Z,0x8056,
KAutoHelper.dll,190,KAutoHelper.VKeys,VK_NUMPAD0,0x8056,
KAutoHelper.dll,191,KAutoHelper.VKeys,VK_NUMPAD1,0x8056,
KAutoHelper.dll,192,KAutoHelper.VKeys,VK_NUMPAD2,0x8056,
KAutoHelper.dll,193,KAutoHelper.VKeys,VK_NUMPAD3,0x8056,
KAutoHelper.dll,194,KAutoHelper.VKeys,VK_NUMPAD4,0x8056,
KAutoHelper.dll,195,KAutoHelper.VKeys,VK_NUMPAD5,0x8056,
KAutoHelper.dll,196,KAutoHelper.VKeys,VK_NUMPAD6,0x8056,
KAutoHelper.dll,197,KAutoHelper.VKeys,VK_NUMPAD7,0x8056,
KAutoHelper.dll,198,KAutoHelper.VKeys,VK_NUMPAD8,0x8056,
KAutoHelper.dll,199,KAutoHelper.VKeys,VK_NUMPAD9,0x8056,
KAutoHelper.dll,200,KAutoHelper.VKeys,VK_SEPARATOR,0x8056,
KAutoHelper.dll,201,KAutoHelper.VKeys,VK_SUBTRACT,0x8056,
KAutoHelper.dll,202,KAutoHelper.VKeys,VK_DECIMAL,0x8056,
KAutoHelper.dll,203,KAutoHelper.VKeys,VK_DIVIDE,0x8056,
KAutoHelper.dll,204,KAutoHelper.VKeys,VK_F1,0x8056,
KAutoHelper.dll,205,KAutoHelper.VKeys,VK_F2,0x8056,
KAutoHelper.dll,206,KAutoHelper.VKeys,VK_F3,0x8056,
KAutoHelper.dll,207,KAutoHelper.VKeys,VK_F4,0x8056,
KAutoHelper.dll,208,KAutoHelper.VKeys,VK_F5,0x8056,
KAutoHelper.dll,209,KAutoHelper.VKeys,VK_F6,0x8056,
KAutoHelper.dll,210,KAutoHelper.VKeys,VK_F7,0x8056,
KAutoHelper.dll,211,KAutoHelper.VKeys,VK_F8,0x8056,
KAutoHelper.dll,212,KAutoHelper.VKeys,VK_F9,0x8056,
KAutoHelper.dll,213,KAutoHelper.VKeys,VK_F10,0x8056,
KAutoHelper.dll,214,KAutoHelper.VKeys,VK_F11,0x8056,
KAutoHelper.dll,215,KAutoHelper.VKeys,VK_F12,0x8056,
KAutoHelper.dll,216,KAutoHelper.VKeys,VK_SCROLL,0x8056,
KAutoHelper.dll,217,KAutoHelper.VKeys,VK_LSHIFT,0x8056,
KAutoHelper.dll,218,KAutoHelper.VKeys,VK_RSHIFT,0x8056,
KAutoHelper.dll,219,KAutoHelper.VKeys,VK_LCONTROL,0x8056,
KAutoHelper.dll,220,KAutoHelper.VKeys,VK_RCONTROL,0x8056,
KAutoHelper.dll,221,KAutoHelper.VKeys,VK_LMENU,0x8056,
KAutoHelper.dll,222,KAutoHelper.VKeys,VK_RMENU,0x8056,
KAutoHelper.dll,223,KAutoHelper.VKeys,VK_PLAY,0x8056,
KAutoHelper.dll,224,KAutoHelper.VKeys,VK_ZOOM,0x8056,
KAutoHelper.dll,225,KAutoHelper.VKeys,BM_CLICK,0x8056,
KAutoHelper.dll,226,KAutoHelper.VKeys,VK_OEM_1,0x8056,
KAutoHelper.dll,227,KAutoHelper.VKeys,VK_OEM_PLUS,0x8056,
KAutoHelper.dll,228,KAutoHelper.VKeys,VK_OEM_COMMA,0x8056,
KAutoHelper.dll,229,KAutoHelper.VKeys,VK_OEM_MINUS,0x8056,
KAutoHelper.dll,230,KAutoHelper.VKeys,VK_OEM_PERIOD,0x8056,
KAutoHelper.dll,231,KAutoHelper.VKeys,VK_OEM_2,0x8056,
KAutoHelper.dll,232,KAutoHelper.VKeys,VK_OEM_3,0x8056,
KAutoHelper.dll,233,KAutoHelper.VKeys,VK_OEM_4,0x8056,
KAutoHelper.dll,234,KAutoHelper.VKeys,VK_OEM_5,0x8056,
KAutoHelper.dll,235,KAutoHelper.VKeys,VK_OEM_6,0x8056,
KAutoHelper.dll,236,KAutoHelper.VKeys,VK_OEM_7,0x8056,
KAutoHelper.dll,237,KAutoHelper.VKeys,VK_OEM_8,0x8056,
KAutoHelper.dll,238,KAutoHelper.EMouseKey,value__,0x0606,
KAutoHelper.dll,239,KAutoHelper.EMouseKey,LEFT,0x8056,
KAutoHelper.dll,240,KAutoHelper.EMouseKey,RIGHT,0x8056,
KAutoHelper.dll,241,KAutoHelper.EMouseKey,DOUBLE_LEFT,0x8056,
KAutoHelper.dll,242,KAutoHelper.EMouseKey,DOUBLE_RIGHT,0x8056,
KAutoHelper.dll,243,KAutoHelper.RECT,Left,0x0006,
KAutoHelper.dll,244,KAutoHelper.RECT,Top,0x0006,
KAutoHelper.dll,245,KAutoHelper.RECT,Right,0x0006,
KAutoHelper.dll,246,KAutoHelper.RECT,Bottom,0x0006,
KAutoHelper.dll,247,KAutoHelper.INPUT,Type,0x0006,
KAutoHelper.dll,248,KAutoHelper.INPUT,Data,0x0006,
KAutoHelper.dll,249,KAutoHelper.MOUSEKEYBDHARDWAREINPUT,Hardware,0x0006,
KAutoHelper.dll,250,KAutoHelper.MOUSEKEYBDHARDWAREINPUT,Keyboard,0x0006,
KAutoHelper.dll,251,KAutoHelper.MOUSEKEYBDHARDWAREINPUT,Mouse,0x0006,
KAutoHelper.dll,252,KAutoHelper.HARDWAREINPUT,Msg,0x0006,
KAutoHelper.dll,253,KAutoHelper.HARDWAREINPUT,ParamL,0x0006,
KAutoHelper.dll,254,KAutoHelper.HARDWAREINPUT,ParamH,0x0006,
KAutoHelper.dll,255,KAutoHelper.KEYBDINPUT,Vk,0x0006,
KAutoHelper.dll,256,KAutoHelper.KEYBDINPUT,Scan,0x0006,
KAutoHelper.dll,257,KAutoHelper.KEYBDINPUT,Flags,0x0006,
KAutoHelper.dll,258,KAutoHelper.KEYBDINPUT,Time,0x0006,
KAutoHelper.dll,259,KAutoHelper.KEYBDINPUT,ExtraInfo,0x0006,
KAutoHelper.dll,260,KAutoHelper.MOUSEINPUT,X,0x0006,
KAutoHelper.dll,261,KAutoHelper.MOUSEINPUT,Y,0x0006,
KAutoHelper.dll,262,KAutoHelper.MOUSEINPUT,MouseData,0x0006,
KAutoHelper.dll,263,KAutoHelper.MOUSEINPUT,Flags,0x0006,
KAutoHelper.dll,264,KAutoHelper.MOUSEINPUT,Time,0x0006,
KAutoHelper.dll,265,KAutoHelper.MOUSEINPUT,ExtraInfo,0x0006,
KAutoHelper.dll,266,KAutoHelper.KeyCode,value__,0x0606,
KAutoHelper.dll,267,KAutoHelper.KeyCode,MEDIA_NEXT_TRACK,0x8056,
KAutoHelper.dll,268,KAutoHelper.KeyCode,MEDIA_PLAY_PAUSE,0x8056,
KAutoHelper.dll,269,KAutoHelper.KeyCode,MEDIA_PREV_TRACK,0x8056,
KAutoHelper.dll,270,KAutoHelper.KeyCode,MEDIA_STOP,0x8056,
KAutoHelper.dll,271,KAutoHelper.KeyCode,ADD,0x8056,
KAutoHelper.dll,272,KAutoHelper.KeyCode,MULTIPLY,0x8056,
KAutoHelper.dll,273,KAutoHelper.KeyCode,DIVIDE,0x8056,
KAutoHelper.dll,274,KAutoHelper.KeyCode,SUBTRACT,0x8056,
KAutoHelper.dll,275,KAutoHelper.KeyCode,BROWSER_BACK,0x8056,
KAutoHelper.dll,276,KAutoHelper.KeyCode,BROWSER_FAVORITES,0x8056,
KAutoHelper.dll,277,KAutoHelper.KeyCode,BROWSER_FORWARD,0x8056,
KAutoHelper.dll,278,KAutoHelper.KeyCode,BROWSER_HOME,0x8056,
KAutoHelper.dll,279,KAutoHelper.KeyCode,BROWSER_REFRESH,0x8056,
KAutoHelper.dll,280,KAutoHelper.KeyCode,BROWSER_SEARCH,0x8056,
KAutoHelper.dll,281,KAutoHelper.KeyCode,BROWSER_STOP,0x8056,
KAutoHelper.dll,282,KAutoHelper.KeyCode,NUMPAD0,0x8056,
KAutoHelper.dll,283,KAutoHelper.KeyCode,NUMPAD1,0x8056,
KAutoHelper.dll,284,KAutoHelper.KeyCode,NUMPAD2,0x8056,
KAutoHelper.dll,285,KAutoHelper.KeyCode,NUMPAD3,0x8056,
KAutoHelper.dll,286,KAutoHelper.KeyCode,NUMPAD4,0x8056,
KAutoHelper.dll,287,KAutoHelper.KeyCode,NUMPAD5,0x8056,
KAutoHelper.dll,288,KAutoHelper.KeyCode,NUMPAD6,0x8056,
KAutoHelper.dll,289,KAutoHelper.KeyCode,NUMPAD7,0x8056,
KAutoHelper.dll,290,KAutoHelper.KeyCode,NUMPAD8,0x8056,
KAutoHelper.dll,291,KAutoHelper.KeyCode,NUMPAD9,0x8056,
KAutoHelper.dll,292,KAutoHelper.KeyCode,F1,0x8056,
KAutoHelper.dll,293,KAutoHelper.KeyCode,F10,0x8056,
KAutoHelper.dll,294,KAutoHelper.KeyCode,F11,0x8056,
KAutoHelper.dll,295,KAutoHelper.KeyCode,F12,0x8056,
KAutoHelper.dll,296,KAutoHelper.KeyCode,F13,0x8056,
KAutoHelper.dll,297,KAutoHelper.KeyCode,F14,0x8056,
KAutoHelper.dll,298,KAutoHelper.KeyCode,F15,0x8056,
KAutoHelper.dll,299,KAutoHelper.KeyCode,F16,0x8056,
KAutoHelper.dll,300,KAutoHelper.KeyCode,F17,0x8056,
KAutoHelper.dll,301,KAutoHelper.KeyCode,F18,0x8056,
KAutoHelper.dll,302,KAutoHelper.KeyCode,F19,0x8056,
KAutoHelper.dll,303,KAutoHelper.KeyCode,F2,0x8056,
KAutoHelper.dll,304,KAutoHelper.KeyCode,F20,0x8056,
KAutoHelper.dll,305,KAutoHelper.KeyCode,F21,0x8056,
KAutoHelper.dll,306,KAutoHelper.KeyCode,F22,0x8056,
KAutoHelper.dll,307,KAutoHelper.KeyCode,F23,0x8056,
KAutoHelper.dll,308,KAutoHelper.KeyCode,F24,0x8056,
KAutoHelper.dll,309,KAutoHelper.KeyCode,F3,0x8056,
KAutoHelper.dll,310,KAutoHelper.KeyCode,F4,0x8056,
KAutoHelper.dll,311,KAutoHelper.KeyCode,F5,0x8056,
KAutoHelper.dll,312,KAutoHelper.KeyCode,F6,0x8056,
KAutoHelper.dll,313,KAutoHelper.KeyCode,F7,0x8056,
KAutoHelper.dll,314,KAutoHelper.KeyCode,F8,0x8056,
KAutoHelper.dll,315,KAutoHelper.KeyCode,F9,0x8056,
KAutoHelper.dll,316,KAutoHelper.KeyCode,OEM_1,0x8056,
KAutoHelper.dll,317,KAutoHelper.KeyCode,OEM_102,0x8056,
KAutoHelper.dll,318,KAutoHelper.KeyCode,OEM_2,0x8056,
KAutoHelper.dll,319,KAutoHelper.KeyCode,OEM_3,0x8056,
KAutoHelper.dll,320,KAutoHelper.KeyCode,OEM_4,0x8056,
KAutoHelper.dll,321,KAutoHelper.KeyCode,OEM_5,0x8056,
KAutoHelper.dll,322,KAutoHelper.KeyCode,OEM_6,0x8056,
KAutoHelper.dll,323,KAutoHelper.KeyCode,OEM_7,0x8056,
KAutoHelper.dll,324,KAutoHelper.KeyCode,OEM_8,0x8056,
KAutoHelper.dll,325,KAutoHelper.KeyCode,OEM_CLEAR,0x8056,
KAutoHelper.dll,326,KAutoHelper.KeyCode,OEM_COMMA,0x8056,
KAutoHelper.dll,327,KAutoHelper.KeyCode,OEM_MINUS,0x8056,
KAutoHelper.dll,328,KAutoHelper.KeyCode,OEM_PERIOD,0x8056,
KAutoHelper.dll,329,KAutoHelper.KeyCode,OEM_PLUS,0x8056,
KAutoHelper.dll,330,KAutoHelper.KeyCode,KEY_0,0x8056,
KAutoHelper.dll,331,KAutoHelper.KeyCode,KEY_1,0x8056,
KAutoHelper.dll,332,KAutoHelper.KeyCode,KEY_2,0x8056,
KAutoHelper.dll,333,KAutoHelper.KeyCode,KEY_3,0x8056,
KAutoHelper.dll,334,KAutoHelper.KeyCode,KEY_4,0x8056,
KAutoHelper.dll,335,KAutoHelper.KeyCode,KEY_5,0x8056,
KAutoHelper.dll,336,KAutoHelper.KeyCode,KEY_6,0x8056,
KAutoHelper.dll,337,KAutoHelper.KeyCode,KEY_7,0x8056,
KAutoHelper.dll,338,KAutoHelper.KeyCode,KEY_8,0x8056,
KAutoHelper.dll,339,KAutoHelper.KeyCode,KEY_9,0x8056,
KAutoHelper.dll,340,KAutoHelper.KeyCode,KEY_A,0x8056,
KAutoHelper.dll,341,KAutoHelper.KeyCode,KEY_B,0x8056,
KAutoHelper.dll,342,KAutoHelper.KeyCode,KEY_C,0x8056,
KAutoHelper.dll,343,KAutoHelper.KeyCode,KEY_D,0x8056,
KAutoHelper.dll,344,KAutoHelper.KeyCode,KEY_E,0x8056,
KAutoHelper.dll,345,KAutoHelper.KeyCode,KEY_F,0x8056,
KAutoHelper.dll,346,KAutoHelper.KeyCode,KEY_G,0x8056,
KAutoHelper.dll,347,KAutoHelper.KeyCode,KEY_H,0x8056,
KAutoHelper.dll,348,KAutoHelper.KeyCode,KEY_I,0x8056,
KAutoHelper.dll,349,KAutoHelper.KeyCode,KEY_J,0x8056,
KAutoHelper.dll,350,KAutoHelper.KeyCode,KEY_K,0x8056,
KAutoHelper.dll,351,KAutoHelper.KeyCode,KEY_L,0x8056,
KAutoHelper.dll,352,KAutoHelper.KeyCode,KEY_M,0x8056,
KAutoHelper.dll,353,KAutoHelper.KeyCode,KEY_N,0x8056,
KAutoHelper.dll,354,KAutoHelper.KeyCode,KEY_O,0x8056,
KAutoHelper.dll,355,KAutoHelper.KeyCode,KEY_P,0x8056,
KAutoHelper.dll,356,KAutoHelper.KeyCode,KEY_Q,0x8056,
KAutoHelper.dll,357,KAutoHelper.KeyCode,KEY_R,0x8056,
KAutoHelper.dll,358,KAutoHelper.KeyCode,KEY_S,0x8056,
KAutoHelper.dll,359,KAutoHelper.KeyCode,KEY_T,0x8056,
KAutoHelper.dll,360,KAutoHelper.KeyCode,KEY_U,0x8056,
KAutoHelper.dll,361,KAutoHelper.KeyCode,KEY_V,0x8056,
KAutoHelper.dll,362,KAutoHelper.KeyCode,KEY_W,0x8056,
KAutoHelper.dll,363,KAutoHelper.KeyCode,KEY_X,0x8056,
KAutoHelper.dll,364,KAutoHelper.KeyCode,KEY_Y,0x8056,
KAutoHelper.dll,365,KAutoHelper.KeyCode,KEY_Z,0x8056,
KAutoHelper.dll,366,KAutoHelper.KeyCode,VOLUME_DOWN,0x8056,
KAutoHelper.dll,367,KAutoHelper.KeyCode,VOLUME_MUTE,0x8056,
KAutoHelper.dll,368,KAutoHelper.KeyCode,VOLUME_UP,0x8056,
KAutoHelper.dll,369,KAutoHelper.KeyCode,SNAPSHOT,0x8056,
KAutoHelper.dll,370,KAutoHelper.KeyCode,RightClick,0x8056,
KAutoHelper.dll,371,KAutoHelper.KeyCode,BACKSPACE,0x8056,
KAutoHelper.dll,372,KAutoHelper.KeyCode,CANCEL,0x8056,
KAutoHelper.dll,373,KAutoHelper.KeyCode,CAPS_LOCK,0x8056,
KAutoHelper.dll,374,KAutoHelper.KeyCode,CONTROL,0x8056,
KAutoHelper.dll,375,KAutoHelper.KeyCode,ALT,0x8056,
KAutoHelper.dll,376,KAutoHelper.KeyCode,DECIMAL,0x8056,
KAutoHelper.dll,377,KAutoHelper.KeyCode,DELETE,0x8056,
KAutoHelper.dll,378,KAutoHelper.KeyCode,DOWN,0x8056,
KAutoHelper.dll,379,KAutoHelper.KeyCode,END,0x8056,
KAutoHelper.dll,380,KAutoHelper.KeyCode,ESC,0x8056,
KAutoHelper.dll,381,KAutoHelper.KeyCode,HOME,0x8056,
KAutoHelper.dll,382,KAutoHelper.KeyCode,INSERT,0x8056,
KAutoHelper.dll,383,KAutoHelper.KeyCode,LAUNCH_APP1,0x8056,
KAutoHelper.dll,384,KAutoHelper.KeyCode,LAUNCH_APP2,0x8056,
KAutoHelper.dll,385,KAutoHelper.KeyCode,LAUNCH_MAIL,0x8056,
KAutoHelper.dll,386,KAutoHelper.KeyCode,LAUNCH_MEDIA_SELECT,0x8056,
KAutoHelper.dll,387,KAutoHelper.KeyCode,LCONTROL,0x8056,
KAutoHelper.dll,388,KAutoHelper.KeyCode,LEFT,0x8056,
KAutoHelper.dll,389,KAutoHelper.KeyCode,LSHIFT,0x8056,
KAutoHelper.dll,390,KAutoHelper.KeyCode,LWIN,0x8056,
KAutoHelper.dll,391,KAutoHelper.KeyCode,PAGEDOWN,0x8056,
KAutoHelper.dll,392,KAutoHelper.KeyCode,NUMLOCK,0x8056,
KAutoHelper.dll,393,KAutoHelper.KeyCode,PAGE_UP,0x8056,
KAutoHelper.dll,394,KAutoHelper.KeyCode,RCONTROL,0x8056,
KAutoHelper.dll,395,KAutoHelper.KeyCode,ENTER,0x8056,
KAutoHelper.dll,396,KAutoHelper.KeyCode,RIGHT,0x8056,
KAutoHelper.dll,397,KAutoHelper.KeyCode,RSHIFT,0x8056,
KAutoHelper.dll,398,KAutoHelper.KeyCode,RWIN,0x8056,
KAutoHelper.dll,399,KAutoHelper.KeyCode,SHIFT,0x8056,
KAutoHelper.dll,400,KAutoHelper.KeyCode,SPACE_BAR,0x8056,
KAutoHelper.dll,401,KAutoHelper.KeyCode,TAB,0x8056,
KAutoHelper.dll,402,KAutoHelper.KeyCode,UP,0x8056,
KAutoHelper.dll,403,KAutoHelper.Get_Text_From_Image,saisot,0x0011,
KAutoHelper.dll,404,KAutoHelper.Get_Text_From_Image,red,0x0011,
KAutoHelper.dll,405,KAutoHelper.Get_Text_From_Image,collor_Byte_Start,0x0011,
KAutoHelper.dll,406,KAutoHelper.Get_Text_From_Image,path_langue,0x0011,
KAutoHelper.dll,407,KAutoHelper.Get_Text_From_Image,TempFolder,0x0011,
KAutoHelper.dll,408,KAutoHelper.Get_Text_From_Image,StandarFolder,0x0011,
KAutoHelper.dll,409,KAutoHelper.Get_Text_From_Image,TemplateColors,0x0011,
KAutoHelper.dll,410,KAutoHelper.ProcessHelper,windowTitles,0x0016,
KAutoHelper.dll,411,KAutoHelper.Port,<port_number>k__BackingField,0x0001,
KAutoHelper.dll,412,KAutoHelper.Port,<process_name>k__BackingField,0x0001,
KAutoHelper.dll,413,KAutoHelper.Port,<protocol>k__BackingField,0x0001,
KAutoHelper.dll,414,KAutoHelper.Port,<pid>k__BackingField,0x0001,
KAutoHelper.dll,415,KAutoHelper.ParentProcessUtilities,Reserved1,0x0003,
KAutoHelper.dll,416,KAutoHelper.ParentProcessUtilities,PebBaseAddress,0x0003,
KAutoHelper.dll,417,KAutoHelper.ParentProcessUtilities,Reserved2_0,0x0003,
KAutoHelper.dll,418,KAutoHelper.ParentProcessUtilities,Reserved2_1,0x0003,
KAutoHelper.dll,419,KAutoHelper.ParentProcessUtilities,UniqueProcessId,0x0003,
KAutoHelper.dll,420,KAutoHelper.ParentProcessUtilities,InheritedFromUniqueProcessId,0x0003,
KAutoHelper.dll,421,<>c__DisplayClass13_0,port,0x0006,
KAutoHelper.dll,422,<>c__DisplayClass13_0,abc,0x0006,
KAutoHelper.dll,423,MouseEventFlags,value__,0x0606,
KAutoHelper.dll,424,MouseEventFlags,LEFTDOWN,0x8056,
KAutoHelper.dll,425,MouseEventFlags,LEFTUP,0x8056,
KAutoHelper.dll,426,MouseEventFlags,MIDDLEDOWN,0x8056,
KAutoHelper.dll,427,MouseEventFlags,MIDDLEUP,0x8056,
KAutoHelper.dll,428,MouseEventFlags,MOVE,0x8056,
KAutoHelper.dll,429,MouseEventFlags,ABSOLUTE,0x8056,
KAutoHelper.dll,430,MouseEventFlags,RIGHTDOWN,0x8056,
KAutoHelper.dll,431,MouseEventFlags,RIGHTUP,0x8056,
KAutoHelper.dll,432,MouseEventFlags,WHEEL,0x8056,
KAutoHelper.dll,433,MouseEventFlags,XDOWN,0x8056,
KAutoHelper.dll,434,MouseEventFlags,XUP,0x8056,
KAutoHelper.dll,435,MouseEventFlags,XBUTTON1,0x8056,
KAutoHelper.dll,436,MouseEventFlags,XBUTTON2,0x8056,
KAutoHelper.dll,437,<>c,<>9,0x0036,
KAutoHelper.dll,438,<>c,<>9__30_0,0x0016,
KAutoHelper.dll,439,<>c,<>9__34_0,0x0016,
KAutoHelper.dll,440,<>c__DisplayClass35_0,className,0x0006,
KAutoHelper.dll,441,<>c__DisplayClass35_0,text,0x0006,
KAutoHelper.dll,442,<>c__DisplayClass36_0,className,0x0006,
KAutoHelper.dll,443,<>c__DisplayClass36_0,text,0x0006,
KAutoHelper.dll,444,<>c__DisplayClass4_0,proc,0x0006,
KAutoHelper.dll,445,<>c__DisplayClass4_0,processes,0x0006,
KAutoHelper.dll,446,<>c__DisplayClass4_0,className,0x0006,
KAutoHelper.dll,447,<>c__DisplayClass4_0,handleList,0x0006,
KAutoHelper.dll,448,<>c__DisplayClass4_1,processId,0x0006,
KAutoHelper.dll,449,GDI32,SRCCOPY,0x8056,
KAutoHelper.dll,450,<>c__DisplayClass9_0,Bm_image_sour,0x0006,
KAutoHelper.dll,451,<>c__DisplayClass9_0,Bm_image,0x0006,
KAutoHelper.dll,452,<>c__DisplayClass9_0,_height,0x0006,
KAutoHelper.dll,453,<>c__DisplayClass9_0,_width,0x0006,
KAutoHelper.dll,454,<>c__DisplayClass10_0,width_stop,0x0006,
KAutoHelper.dll,455,<>c__DisplayClass10_0,width_start,0x0006,
KAutoHelper.dll,456,<>c__DisplayClass10_0,_height_bottom,0x0006,
KAutoHelper.dll,457,<>c__DisplayClass10_0,_height_top,0x0006,
KAutoHelper.dll,458,<>c__DisplayClass10_0,image,0x0006,
KAutoHelper.dll,459,<>c__DisplayClass10_0,name,0x0006,
KAutoHelper.dll,460,<>c__DisplayClass10_0,cout_picture,0x0006,
KAutoHelper.dll,461,RECT,left,0x0006,
KAutoHelper.dll,462,RECT,top,0x0006,
KAutoHelper.dll,463,RECT,right,0x0006,
KAutoHelper.dll,464,RECT,bottom,0x0006,
