assembly,rid,declaring_type,name,rva,flags,impl_flags,body_status,feature_tags
Auto_ThanLong_obfusca.exe,1,<Module>,.cctor,0x2BE048,0x1891,0x0000,valid_il_header,
Auto_ThanLong_obfusca.exe,2,<Module>,‪⁮⁭‪⁫‮‌⁪‏‮⁬⁮⁭‎‬⁯‫‫‌‫⁭⁭‫‫⁫‎‮⁮‎⁯‮‎⁯‎‮⁯⁬⁪‭⁭‮,0x24C200,0x0091,0x0008,protected_or_nonstandard,
Auto_ThanLong_obfusca.exe,3,<Module>,‍‭‮⁮⁬‏​⁬‍‬⁯⁪‮‫⁪‌‪‫⁮⁬⁪⁯‫‮⁬​‬⁮‮‏⁮⁬⁭‮⁯⁯‍‮‏‎‮,0x24C2E8,0x0091,0x0000,protected_or_nonstandard,
Auto_ThanLong_obfusca.exe,4,<Module>,⁪‪​‍‭⁮‮⁪⁫‫‭⁬⁯‭‪‬‫⁬​⁬⁮‮‍‌‎⁫‫‫‍⁬⁯‪‎‍‌⁭⁪‌‭⁪‮,0x24C474,0x0093,0x0000,protected_or_nonstandard,
Auto_ThanLong_obfusca.exe,5,<Module>,⁯⁮‌⁮⁯‌‌‏‬‍⁫‭​⁭‌‭⁬‫⁫‭⁯‌‌⁮‫⁪​‮⁮‪‮⁫⁪‌⁫‏⁬‏‎⁭‮,0x24C5D4,0x0093,0x0000,protected_or_nonstandard,
Auto_ThanLong_obfusca.exe,6,<Module>,⁭⁪‫⁮‌‏⁯‪⁪‭⁭‮‏​‮‎⁬⁬‪⁯‎‬​⁫‬‬‌⁪⁭‪‮‍⁬‭‭⁯‏‭‮⁫‮,0x24CAC8,0x0093,0x0000,protected_or_nonstandard,
Auto_ThanLong_obfusca.exe,7,<Module>,‍​⁬‫⁬​‫‎‪‭⁮‎‎⁫‪‏‌⁭‪⁫‭⁯‬⁭⁮‏‭​​⁭‬⁮‪⁪‫⁯⁮‪‫‪‮,0x24CD74,0x0093,0x0000,valid_il_header,
Auto_ThanLong_obfusca.exe,8,<Module>,⁮⁬⁮‏⁮‌‎‪‬⁭‍‮‮‬‭‪⁬‎​⁫‪‌⁬‌‏‍⁬⁫‎⁮⁭‪⁪‍⁬‮‍‭⁪⁮‮,0x24D090,0x0093,0x0000,protected_or_nonstandard,
Auto_ThanLong_obfusca.exe,9,<Module>,⁯⁫⁪‏‏‌‍⁯⁭‫‎‪‌‬⁮‪⁪‮‫⁭‬⁭⁪⁭‪⁪‮‏⁯‭‎‏⁭‌⁫⁫⁮‌⁪‮,0x24D3B8,0x0093,0x0000,valid_il_header,
Auto_ThanLong_obfusca.exe,10,<Module>,​​⁯‎​⁬‪​‫‌‏⁮‏⁯​‌⁪‮⁭‌⁮‏⁭‌‫‏‌​⁮‮‭⁭‫⁯‍‮​​‏⁮‮,0x24D6CC,0x0093,0x0000,protected_or_nonstandard,
Auto_ThanLong_obfusca.exe,11,<Module>,‭‏‍⁯‏‮⁭⁬‌‎‫‪‫⁭⁪‍​‭⁮⁪⁫‍‭⁬⁫‮‬⁪‭⁪⁫⁫⁫⁭‏​‌‫⁯‌‮,0x24D9F8,0x0093,0x0000,protected_or_nonstandard,
Auto_ThanLong_obfusca.exe,12,<Module>,‌⁯‫‍⁭‫‫‍‭⁮⁮‮‮‪‍‬⁮‪‪‫‏‎‍‫‏‍⁯⁪‬‬⁮‪‌‫‬‬⁮⁬⁬⁯‮,0x24DFD8,0x0093,0x0000,protected_or_nonstandard,
Auto_ThanLong_obfusca.exe,13,<Module>,‪‮‌‫‮⁫‫‌‏⁪⁬‏‪‪‫‮⁭⁫‫‭‬‏⁮‪⁪​⁪‬⁭⁬​‫‎‌‪⁭⁭‎⁭‪‮,0x0,0x2093,0x0080,pinvoke_or_abstract,
Auto_ThanLong_obfusca.exe,14,<Module>,‫‎⁭⁮‭‮‬‭⁯⁮‍‪‭‬‏‭‬‭‬‫‍‭⁪‪⁮⁫‬‍⁪‬⁪‎‬⁭‫‌‌‮⁬‬‮,0x2BE0B0,0x0093,0x0000,valid_il_header,
Auto_ThanLong_obfusca.exe,15,‬⁭‪​‪‏​‬⁪‭‎‭⁫‌⁬⁮⁪⁫‎⁯​‎‎‍‏⁯‎‫‏⁬‭‌​⁮⁮‍⁬‫‎⁫‮,⁭​⁫‍⁭‪‪‎⁫⁭⁭‌‫‎⁭⁬⁯⁫‪‎‏‬⁮⁬‍‪‮‮‍⁯⁬‪⁫‬‌‪⁭⁪‬⁯‮,0x24E034,0x0083,0x0000,protected_or_nonstandard,
Auto_ThanLong_obfusca.exe,16,‬⁭‪​‪‏​‬⁪‭‎‭⁫‌⁬⁮⁪⁫‎⁯​‎‎‍‏⁯‎‫‏⁬‭‌​⁮⁮‍⁬‫‎⁫‮,‭​⁯‎‎‬‍‍⁫‌‬⁬‭⁬⁮​⁪⁪⁮‮⁪‬⁮⁬⁫⁭‍‏​‍⁮‌‪‬‌⁪⁮‎‎⁯‮,0x24E04C,0x0083,0x0000,protected_or_nonstandard,
Auto_ThanLong_obfusca.exe,17,‏⁪‏⁪⁫⁫⁬⁪‬‌‮​⁬‭‏‫⁯‎‮⁫‬⁪‮‫​⁮‭‪‫‏⁫‫‎‏‌⁮‏⁭⁬‏‮,.ctor,0x24E224,0x1883,0x0000,protected_or_nonstandard,
Auto_ThanLong_obfusca.exe,18,‏⁪‏⁪⁫⁫⁬⁪‬‌‮​⁬‭‏‫⁯‎‮⁫‬⁪‮‫​⁮‭‪‫‏⁫‫‎‏‌⁮‏⁭⁬‏‮,⁪⁪⁪⁮‏​‫‭‏‎‮‌‮‎⁯‎⁭‭‍‮⁭‌​‍⁪‮⁮‫⁪⁪​‮‏‭‎‮⁫‎‮⁪‮,0x24E24C,0x0083,0x0000,protected_or_nonstandard,
Auto_ThanLong_obfusca.exe,19,‏⁪‏⁪⁫⁫⁬⁪‬‌‮​⁬‭‏‫⁯‎‮⁫‬⁪‮‫​⁮‭‪‫‏⁫‫‎‏‌⁮‏⁭⁬‏‮,‮‎‫⁭‌‫‏⁯⁭‌⁪‭⁫‫‬⁯‬⁮⁭‬‌‬‎​‌​‫‪‍⁬⁮⁫‍⁭​⁪⁮‮⁭‍‮,0x24E2C0,0x0083,0x0000,protected_or_nonstandard,
Auto_ThanLong_obfusca.exe,20,‏⁪‏⁪⁫⁫⁬⁪‬‌‮​⁬‭‏‫⁯‎‮⁫‬⁪‮‫​⁮‭‪‫‏⁫‫‎‏‌⁮‏⁭⁬‏‮,‎‍‎‮‎⁬⁫‭‌​‌‬⁭‫‎‫‮‪‪‍‏​‮‫⁪‫⁯‏‬⁫⁪‌⁪‪‪⁭‫⁬‭⁬‮,0x24E354,0x0083,0x0000,protected_or_nonstandard,
Auto_ThanLong_obfusca.exe,21,‏⁪‏⁪⁫⁫⁬⁪‬‌‮​⁬‭‏‫⁯‎‮⁫‬⁪‮‫​⁮‭‪‫‏⁫‫‎‏‌⁮‏⁭⁬‏‮,‮⁬⁯‍‌‪‌‎‫‎⁭⁮⁯‏‮⁮‪‫⁯‪‫⁪⁪‌‏‌‎⁫⁮‌‌⁫‪‪‬⁯‍⁮‫‬‮,0x24E464,0x0093,0x0000,valid_il_header,
Auto_ThanLong_obfusca.exe,22,⁭‬​‬‏⁭‮⁮‏‪‌​‭⁬‮‍⁪⁫‫​⁭⁯‍‍‪‍‌‪‎‬‬⁯⁫⁫‭‎‪‪⁯‍‮,‫‏‬​‍⁭‏‌⁯‍‫⁯⁮⁫⁯⁫‍⁮⁯⁪‌⁫‎⁫​‫⁯⁫⁫⁬‍⁬⁯⁪‎‎​‍⁫⁫‮,0x24E524,0x0083,0x0000,protected_or_nonstandard,
Auto_ThanLong_obfusca.exe,23,⁭‬​‬‏⁭‮⁮‏‪‌​‭⁬‮‍⁪⁫‫​⁭⁯‍‍‪‍‌‪‎‬‬⁯⁫⁫‭‎‪‪⁯‍‮,⁭⁬‮‫‎‬⁫‏⁫‎⁯⁭‍‭‍‏‮⁯‍‪‍‌‬‬‫⁬⁫‎‎‎⁮⁫‫‌⁮‭‫‬​⁬‮,0x24E604,0x0083,0x0000,protected_or_nonstandard,
Auto_ThanLong_obfusca.exe,24,⁭‬​‬‏⁭‮⁮‏‪‌​‭⁬‮‍⁪⁫‫​⁭⁯‍‍‪‍‌‪‎‬‬⁯⁫⁫‭‎‪‪⁯‍‮,‌​⁯⁮‪‫‭⁯⁮‍‪‭‬‬‌‮⁬​‌‏‏⁮‮⁪​‮⁫⁪‎‮⁯⁫⁭‪⁯‫‪‮⁬‍‮,0x24E618,0x0083,0x0000,protected_or_nonstandard,
Auto_ThanLong_obfusca.exe,25,⁭‬​‬‏⁭‮⁮‏‪‌​‭⁬‮‍⁪⁫‫​⁭⁯‍‍‪‍‌‪‎‬‬⁯⁫⁫‭‎‪‪⁯‍‮,‍‭‬⁪‪‬⁭⁭⁭‮‫⁬⁭⁯‮⁫⁭‬‮‍‭⁮‮⁮⁮⁫‭‌⁭‪⁯‮⁬⁫⁫⁮⁭‎‫⁬‮,0x24E6B4,0x0083,0x0000,protected_or_nonstandard,
Auto_ThanLong_obfusca.exe,26,⁭‬​‬‏⁭‮⁮‏‪‌​‭⁬‮‍⁪⁫‫​⁭⁯‍‍‪‍‌‪‎‬‬⁯⁫⁫‭‎‪‪⁯‍‮,.ctor,0x24E868,0x1883,0x0000,protected_or_nonstandard,
Auto_ThanLong_obfusca.exe,27,​‍‎‮⁪​‏‌‭⁪‫‭‎‌​⁫⁭⁯‬‮‮‎‪⁬‭⁪‍⁮‮‬‪‭‍‮‮‎⁭​‮‍‮,.ctor,0x24E87C,0x1883,0x0000,protected_or_nonstandard,
Auto_ThanLong_obfusca.exe,28,​‍‎‮⁪​‏‌‭⁪‫‭‎‌​⁫⁭⁯‬‮‮‎‪⁬‭⁪‍⁮‮‬‪‭‍‮‮‎⁭​‮‍‮,‬⁪‫‍‮‮‬‎⁭‬‬‭‮‪‎‫‏⁯⁪⁯⁯⁪⁭⁪‎⁬‮‬⁭‎⁯‎‌‬⁪‮⁮‭⁯‬‮,0x24E968,0x0083,0x0000,valid_il_header,
Auto_ThanLong_obfusca.exe,29,​‍‎‮⁪​‏‌‭⁪‫‭‎‌​⁫⁭⁯‬‮‮‎‪⁬‭⁪‍⁮‮‬‪‭‍‮‮‎⁭​‮‍‮,⁫‫‭‪⁭‍⁪​‫​⁭⁮‏‌‭‭⁪‪⁯‍‬‫⁭‏⁮‎‍‮‏‫⁪‬‌⁫‍‏​⁯⁯⁮‮,0x24EA14,0x0083,0x0000,protected_or_nonstandard,
Auto_ThanLong_obfusca.exe,30,​‍‎‮⁪​‏‌‭⁪‫‭‎‌​⁫⁭⁯‬‮‮‎‪⁬‭⁪‍⁮‮‬‪‭‍‮‮‎⁭​‮‍‮,‪‫⁮‭​⁯‍‬⁪​⁯‌‭‬‪⁭⁪⁭‏⁯‍⁭⁪⁬⁯⁬⁬‏‎⁭‬‬‪‬‮‬‮⁬‏‪‮,0x24EA30,0x0083,0x0000,protected_or_nonstandard,
Auto_ThanLong_obfusca.exe,31,​‍‎‮⁪​‏‌‭⁪‫‭‎‌​⁫⁭⁯‬‮‮‎‪⁬‭⁪‍⁮‮‬‪‭‍‮‮‎⁭​‮‍‮,‎‬‫⁪⁫‎‬⁯‫‭⁯‪‮‍⁮⁮⁭‫⁬‫‫⁭⁪‫⁬‫⁭​‬‏‎⁯‫‎​‬‍‭‬⁯‮,0x24EAAC,0x0083,0x0000,protected_or_nonstandard,
Auto_ThanLong_obfusca.exe,32,​‍‎‮⁪​‏‌‭⁪‫‭‎‌​⁫⁭⁯‬‮‮‎‪⁬‭⁪‍⁮‮‬‪‭‍‮‮‎⁭​‮‍‮,⁫⁪‎‮‪‬‏‭⁮‌⁮⁯⁪⁮‭⁮‮⁪⁬‍⁭‏⁮‌‍‬⁯⁯‫‬⁯⁫​‮‎⁭⁬‫⁬‮,0x24EDF0,0x0083,0x0000,protected_or_nonstandard,
Auto_ThanLong_obfusca.exe,33,​‍‎‮⁪​‏‌‭⁪‫‭‎‌​⁫⁭⁯‬‮‮‎‪⁬‭⁪‍⁮‮‬‪‭‍‮‮‎⁭​‮‍‮,‬‍⁭‮‭⁬‮⁭‪‪‍⁮⁪‪‮​‏⁮⁮⁬‍⁮‏⁯‮‪⁬⁭‍‪‎‪⁯⁭‌‪‏⁪⁫‏‮,0x24F678,0x0083,0x0000,protected_or_nonstandard,
Auto_ThanLong_obfusca.exe,34,​‍‎‮⁪​‏‌‭⁪‫‭‎‌​⁫⁭⁯‬‮‮‎‪⁬‭⁪‍⁮‮‬‪‭‍‮‮‎⁭​‮‍‮,‮‬⁯‮⁭‮‎‪‎‭‎‏⁮‌‫⁭⁭⁬‪​‎‏‍‮‮⁮‏‭⁬⁪‍‏‍⁯‍⁬⁮‪‫‏‮,0x24F7A0,0x0093,0x0000,protected_or_nonstandard,
Auto_ThanLong_obfusca.exe,35,​‎⁪‎‬‌⁪⁭⁯​⁭‍‏⁭​⁬‎​⁬⁫‮‏‪⁮⁫‭‫‎⁭⁭​⁪⁯⁭‭⁮⁭‭‭⁬‮,‎‮⁫‌‍⁭⁮‍​‏⁭⁬‌‎‎‮⁫‮‫‌‎‫‏‌‏‮‭⁭⁪‮‍⁫⁬⁯⁫‏⁭‍‭‫‮,0x24F808,0x0083,0x0000,protected_or_nonstandard,
Auto_ThanLong_obfusca.exe,36,​‎⁪‎‬‌⁪⁭⁯​⁭‍‏⁭​⁬‎​⁬⁫‮‏‪⁮⁫‭‫‎⁭⁭​⁪⁯⁭‭⁮⁭‭‭⁬‮,⁭‫⁫‬⁭‍⁮⁯‏‫⁮‌‏⁯‭⁮⁬‭‎⁭⁮‎‍⁬​‪‎‍‏‏‮⁫⁫‍⁪‌‮⁯‏⁪‮,0x24F8E8,0x0083,0x0000,protected_or_nonstandard,
Auto_ThanLong_obfusca.exe,37,​‎⁪‎‬‌⁪⁭⁯​⁭‍‏⁭​⁬‎​⁬⁫‮‏‪⁮⁫‭‫‎⁭⁭​⁪⁯⁭‭⁮⁭‭‭⁬‮,‏⁬‬‎⁮‌‏‭‏‮⁯⁭‎⁫⁪‌‭‌⁭⁫⁭⁬​‪‌‌‫‫⁯⁬⁪‭‫‪⁫‪‭​‍‪‮,0x24F9E4,0x0083,0x0000,protected_or_nonstandard,
Auto_ThanLong_obfusca.exe,38,​‎⁪‎‬‌⁪⁭⁯​⁭‍‏⁭​⁬‎​⁬⁫‮‏‪⁮⁫‭‫‎⁭⁭​⁪⁯⁭‭⁮⁭‭‭⁬‮,.ctor,0x24FB00,0x1883,0x0000,valid_il_header,
Auto_ThanLong_obfusca.exe,39,‎‎⁯⁯‍‭‍‎‌⁯‍⁮⁬‍⁪​‍⁭⁮⁯‌‏‍⁮‪⁫‫‏‫‬‫‎⁭‬⁯‍⁮‭‎‪‮,‪‫‎⁭​‌‬⁫‭​⁭‪⁮⁬⁪‏⁬⁭⁮⁮‌⁪⁫‮‭⁮⁫⁬⁮‪‮‎⁪‪‭‬‭​⁬‬‮,0x24FB3C,0x0083,0x0000,valid_il_header,
Auto_ThanLong_obfusca.exe,40,‎‎⁯⁯‍‭‍‎‌⁯‍⁮⁬‍⁪​‍⁭⁮⁯‌‏‍⁮‪⁫‫‏‫‬‫‎⁭‬⁯‍⁮‭‎‪‮,‎​⁪‪‫‭‪⁭‍‬⁭⁫⁮⁫‏⁯‮‏‏‌‌‪⁪⁬⁭‎‫‎⁯‌‌⁮‬‌​‎⁬⁭⁮⁭‮,0x24FCD4,0x0083,0x0000,valid_il_header,
Auto_ThanLong_obfusca.exe,41,‎‎⁯⁯‍‭‍‎‌⁯‍⁮⁬‍⁪​‍⁭⁮⁯‌‏‍⁮‪⁫‫‏‫‬‫‎⁭‬⁯‍⁮‭‎‪‮,⁯‏‬‎‪⁫⁮⁫⁬‌‮‎‏‫⁯‫⁯⁮‏​‭‭⁫‫‫‌⁪‫⁫‮⁮‎⁯‏‮⁬‎⁮⁯‍‮,0x24FD64,0x0083,0x0000,protected_or_nonstandard,
Auto_ThanLong_obfusca.exe,42,‎‎⁯⁯‍‭‍‎‌⁯‍⁮⁬‍⁪​‍⁭⁮⁯‌‏‍⁮‪⁫‫‏‫‬‫‎⁭‬⁯‍⁮‭‎‪‮,⁮‫⁮⁪⁮​⁯‌‬‍‬⁫⁫‪​​⁯‌‭‎⁭⁭⁭‫⁮⁪‮‌⁬‮⁯‫⁭‫⁪‮⁪‎​⁯‮,0x24FD94,0x0083,0x0000,protected_or_nonstandard,
Auto_ThanLong_obfusca.exe,43,‎‎⁯⁯‍‭‍‎‌⁯‍⁮⁬‍⁪​‍⁭⁮⁯‌‏‍⁮‪⁫‫‏‫‬‫‎⁭‬⁯‍⁮‭‎‪‮,⁫⁫‬‭‫⁮‏⁯‏⁭‮⁬‫⁬‫⁪⁭‬‬‭​‬⁯‭⁭⁮⁬‪‪‫‎​‮‮⁫‎⁬⁭⁬‬‮,0x24FDBC,0x0083,0x0000,protected_or_nonstandard,
Auto_ThanLong_obfusca.exe,44,‎‎⁯⁯‍‭‍‎‌⁯‍⁮⁬‍⁪​‍⁭⁮⁯‌‏‍⁮‪⁫‫‏‫‬‫‎⁭‬⁯‍⁮‭‎‪‮,.ctor,0x24E868,0x1883,0x0000,protected_or_nonstandard,
Auto_ThanLong_obfusca.exe,45,‌⁭‪‎‭‮⁬⁭⁫‍⁬‍‌​‮⁭‍‍⁬‫‭‭⁬‫⁮‎‬‭‪⁬⁪⁮‮‌‍⁯⁫‎​‍‮,‏​⁬‎⁮⁯⁮‫⁪⁮⁭‭‮‬‬​‏‬⁫⁬⁪⁬‪⁬‭‪‏⁯‪‍‌​‫‭‌‌‏⁮‏⁭‮,0x24FDE4,0x0083,0x0000,valid_il_header,
Auto_ThanLong_obfusca.exe,46,‌⁭‪‎‭‮⁬⁭⁫‍⁬‍‌​‮⁭‍‍⁬‫‭‭⁬‫⁮‎‬‭‪⁬⁪⁮‮‌‍⁯⁫‎​‍‮,‭‭​‎​‌‎‮⁮‍‬‭⁭​‎‍‭⁯‫⁭‏⁫⁫⁭‌​‬‎‌⁪⁯‭⁭‭‮⁫‭⁪⁯⁬‮,0x24FE04,0x0083,0x0000,protected_or_nonstandard,
Auto_ThanLong_obfusca.exe,47,‌⁭‪‎‭‮⁬⁭⁫‍⁬‍‌​‮⁭‍‍⁬‫‭‭⁬‫⁮‎‬‭‪⁬⁪⁮‮‌‍⁯⁫‎​‍‮,⁭‪⁫‭‮‬‬‎‪⁭‭‎‏‮‮​⁯⁬‍‌‭‎‬⁭‮‭‌⁯‎⁬‭​‮‌⁭‏⁬‌⁭‬‮,0x24FE84,0x0083,0x0000,valid_il_header,
Auto_ThanLong_obfusca.exe,48,‌⁭‪‎‭‮⁬⁭⁫‍⁬‍‌​‮⁭‍‍⁬‫‭‭⁬‫⁮‎‬‭‪⁬⁪⁮‮‌‍⁯⁫‎​‍‮,‬‭‎⁫⁫‍‍‏‏‌‮⁬⁫⁯‏⁫‪‎⁮‎⁪‪‮⁫‬⁪‫⁭‍⁭⁪⁯⁬​‪⁭⁯⁯‪‫‮,0x24FEE8,0x0083,0x0000,protected_or_nonstandard,
Auto_ThanLong_obfusca.exe,49,‍‮‭⁭‪⁮‪‮​‏‭‭‮⁯⁮⁯‌⁪‌⁫⁮⁪​⁪⁯‍⁪‪⁯​⁬‍‍‮‪‫⁮‭​‬‮,‭‎​‏‌‌‪⁯‌​‌‍‫‍‮​⁪‪⁮‪‍⁮⁯⁬‌⁮‮⁮⁪‭‫‬​⁯‫‏⁬‎⁫⁯‮,0x25001C,0x0083,0x0000,protected_or_nonstandard,
Auto_ThanLong_obfusca.exe,50,‍‮‭⁭‪⁮‪‮​‏‭‭‮⁯⁮⁯‌⁪‌⁫⁮⁪​⁪⁯‍⁪‪⁯​⁬‍‍‮‪‫⁮‭​‬‮,⁮‌‍‭‪‪⁬‪‮⁪​⁮⁬‪⁬⁬‬‬‮‍⁭‪⁯‏‭‭⁪‎‎⁫⁬‫⁭‭‪⁬⁯‫‬⁮‮,0x2500A4,0x0083,0x0000,protected_or_nonstandard,
Auto_ThanLong_obfusca.exe,51,‍‮‭⁭‪⁮‪‮​‏‭‭‮⁯⁮⁯‌⁪‌⁫⁮⁪​⁪⁯‍⁪‪⁯​⁬‍‍‮‪‫⁮‭​‬‮,‌‌‌⁮‫‪⁪‫‍‌⁫‪‏‮​⁯‏‮‍⁪⁪‏‎‭‫⁫‮⁬⁯⁪⁪⁬‏⁯⁪⁫⁬‬‏⁮‮,0x250148,0x0083,0x0000,protected_or_nonstandard,
Auto_ThanLong_obfusca.exe,52,‍‮‭⁭‪⁮‪‮​‏‭‭‮⁯⁮⁯‌⁪‌⁫⁮⁪​⁪⁯‍⁪‪⁯​⁬‍‍‮‪‫⁮‭​‬‮,‬‭‌‭⁯‮⁬‍⁫‮‏‪‪⁯‮‌‍‪‮‭‎‏‏⁬‬⁮‏⁯‪⁬⁪‪⁫⁭‭‍‬‫‎‭‮,0x250184,0x0083,0x0000,protected_or_nonstandard,
Auto_ThanLong_obfusca.exe,53,‍‮‭⁭‪⁮‪‮​‏‭‭‮⁯⁮⁯‌⁪‌⁫⁮⁪​⁪⁯‍⁪‪⁯​⁬‍‍‮‪‫⁮‭​‬‮,‪‎⁪‫‏‫‌​‮‍⁫⁯‌‭⁪⁭⁯⁪‫⁫⁮‬‍​‌⁬‫⁭⁮‭‏‪⁪‏⁪‎‎‏⁫‮‮,0x250280,0x0083,0x0000,protected_or_nonstandard,
Auto_ThanLong_obfusca.exe,54,‍‮‭⁭‪⁮‪‮​‏‭‭‮⁯⁮⁯‌⁪‌⁫⁮⁪​⁪⁯‍⁪‪⁯​⁬‍‍‮‪‫⁮‭​‬‮,‌‪⁭⁫⁭‬‏​‎‪‪‪⁫⁭‎‍⁪‎‪⁪⁯‍‌‍‮‏‬​⁫⁯⁮‪​⁫‍‌‎⁭‭‏‮,0x2503C4,0x0083,0x0000,valid_il_header,
Auto_ThanLong_obfusca.exe,55,‍‮‭⁭‪⁮‪‮​‏‭‭‮⁯⁮⁯‌⁪‌⁫⁮⁪​⁪⁯‍⁪‪⁯​⁬‍‍‮‪‫⁮‭​‬‮,⁯⁯⁯‬‌‏‬⁪⁫⁮‎‫⁮‬‫‫‏‬⁯⁭⁮‎‮‪‏‌‪‫⁮⁬‍‎⁮⁭⁯‪⁯‭⁯⁭‮,0x25044C,0x0083,0x0000,protected_or_nonstandard,
Auto_ThanLong_obfusca.exe,56,‍‮‭⁭‪⁮‪‮​‏‭‭‮⁯⁮⁯‌⁪‌⁫⁮⁪​⁪⁯‍⁪‪⁯​⁬‍‍‮‪‫⁮‭​‬‮,.ctor,0x24E868,0x1883,0x0000,protected_or_nonstandard,
Auto_ThanLong_obfusca.exe,57,⁯⁫‪⁭‪‌‏⁮‎⁪‫‎⁯⁯⁯⁭‭⁭⁬⁭‭‭‏‎⁬⁫‌⁪‏‬⁭‏​⁮‏‮‍‎‎‎‮,‭‎‮⁬‫​⁬⁭‪‫‎⁫‫⁯⁬‪⁬⁫⁮‫‫⁫‍⁬‎⁪‫‌‬​⁭​‮‍‍‮⁫‏⁯‪‮,0x2504B0,0x0083,0x0000,protected_or_nonstandard,
Auto_ThanLong_obfusca.exe,58,⁯⁫‪⁭‪‌‏⁮‎⁪‫‎⁯⁯⁯⁭‭⁭⁬⁭‭‭‏‎⁬⁫‌⁪‏‬⁭‏​⁮‏‮‍‎‎‎‮,‎‍‍⁮‎‌‭⁪​‌‭‫⁫​‮⁪‍‌‍⁮‮⁭​⁯‏⁫⁬⁮⁭⁬⁫⁮⁫‭⁯​⁯⁮⁯⁫‮,0x2504C4,0x0083,0x0000,protected_or_nonstandard,
Auto_ThanLong_obfusca.exe,59,⁯⁫‪⁭‪‌‏⁮‎⁪‫‎⁯⁯⁯⁭‭⁭⁬⁭‭‭‏‎⁬⁫‌⁪‏‬⁭‏​⁮‏‮‍‎‎‎‮,⁬‏⁭‮⁯‭⁪‭⁮​‭‭‭‭‫​‍⁬‌⁮‮⁪‏‌‍⁬‎‎⁫‭‫⁮‪‮⁫⁬⁭‬​‬‮,0x25058C,0x0083,0x0000,protected_or_nonstandard,
Auto_ThanLong_obfusca.exe,60,⁯⁫‪⁭‪‌‏⁮‎⁪‫‎⁯⁯⁯⁭‭⁭⁬⁭‭‭‏‎⁬⁫‌⁪‏‬⁭‏​⁮‏‮‍‎‎‎‮,‭⁫‌‍‌⁮⁬‎‪‫‫‮‏‭⁭‫⁬‏‪‪‮‪‭‫⁬⁭⁫‫⁮⁮‬‪‪‬‫‌⁯⁬⁪‎‮,0x2505B0,0x0083,0x0000,protected_or_nonstandard,
Auto_ThanLong_obfusca.exe,61,⁯⁫‪⁭‪‌‏⁮‎⁪‫‎⁯⁯⁯⁭‭⁭⁬⁭‭‭‏‎⁬⁫‌⁪‏‬⁭‏​⁮‏‮‍‎‎‎‮,‏‏‫⁬‮⁬⁮‎‪⁫‮‬‎⁯⁫⁫‍‌‍‪⁮​‎‍‏⁯⁬​​⁫⁯‏⁬⁯‏⁫⁮‬⁬⁮‮,0x2505D4,0x0083,0x0000,protected_or_nonstandard,
Auto_ThanLong_obfusca.exe,62,⁯⁫‪⁭‪‌‏⁮‎⁪‫‎⁯⁯⁯⁭‭⁭⁬⁭‭‭‏‎⁬⁫‌⁪‏‬⁭‏​⁮‏‮‍‎‎‎‮,⁫⁭‭⁮⁫‍‌⁪‎‏⁭⁭‏‍‪‭‍‏‭‬⁭‪‎‭⁯​⁬‮⁪‌⁯⁮‫⁭‭​​‫⁭⁮‮,0x2505F8,0x0083,0x0000,protected_or_nonstandard,
Auto_ThanLong_obfusca.exe,63,Microsoft.CodeAnalysis.EmbeddedAttribute,.ctor,0x250610,0x1886,0x0000,protected_or_nonstandard,
Auto_ThanLong_obfusca.exe,64,System.Runtime.CompilerServices.RefSafetyRulesAttribute,.ctor,0x250624,0x1886,0x0000,protected_or_nonstandard,
Auto_ThanLong_obfusca.exe,65,WPF.JoshSmith.ServiceProviders.UI.ListViewDragDropManager`1,.ctor,0x250640,0x1886,0x0000,protected_or_nonstandard,
Auto_ThanLong_obfusca.exe,66,WPF.JoshSmith.ServiceProviders.UI.ListViewDragDropManager`1,.ctor,0x25067C,0x1886,0x0000,protected_or_nonstandard,
Auto_ThanLong_obfusca.exe,67,WPF.JoshSmith.ServiceProviders.UI.ListViewDragDropManager`1,.ctor,0x2506F0,0x1886,0x0000,valid_il_header,
Auto_ThanLong_obfusca.exe,68,WPF.JoshSmith.ServiceProviders.UI.ListViewDragDropManager`1,.ctor,0x250768,0x1886,0x0000,protected_or_nonstandard,
Auto_ThanLong_obfusca.exe,69,WPF.JoshSmith.ServiceProviders.UI.ListViewDragDropManager`1,get_DragAdornerOpacity,0x2507F0,0x0886,0x0000,protected_or_nonstandard,
Auto_ThanLong_obfusca.exe,70,WPF.JoshSmith.ServiceProviders.UI.ListViewDragDropManager`1,set_DragAdornerOpacity,0x250838,0x0886,0x0008,protected_or_nonstandard,
Auto_ThanLong_obfusca.exe,71,WPF.JoshSmith.ServiceProviders.UI.ListViewDragDropManager`1,get_IsDragInProgress,0x250984,0x0886,0x0000,protected_or_nonstandard,
Auto_ThanLong_obfusca.exe,72,WPF.JoshSmith.ServiceProviders.UI.ListViewDragDropManager`1,set_IsDragInProgress,0x25099C,0x0881,0x0000,protected_or_nonstandard,
Auto_ThanLong_obfusca.exe,73,WPF.JoshSmith.ServiceProviders.UI.ListViewDragDropManager`1,get_ListView,0x2509E4,0x0886,0x0000,valid_il_header,
Auto_ThanLong_obfusca.exe,74,WPF.JoshSmith.ServiceProviders.UI.ListViewDragDropManager`1,set_ListView,0x250A2C,0x0886,0x0008,protected_or_nonstandard,
Auto_ThanLong_obfusca.exe,75,WPF.JoshSmith.ServiceProviders.UI.ListViewDragDropManager`1,add_ProcessDrop,0x250ED4,0x0886,0x0000,protected_or_nonstandard,
Auto_ThanLong_obfusca.exe,76,WPF.JoshSmith.ServiceProviders.UI.ListViewDragDropManager`1,remove_ProcessDrop,0x250F64,0x0886,0x0000,protected_or_nonstandard,
Auto_ThanLong_obfusca.exe,77,WPF.JoshSmith.ServiceProviders.UI.ListViewDragDropManager`1,get_ShowDragAdorner,0x250FF4,0x0886,0x0000,protected_or_nonstandard,
Auto_ThanLong_obfusca.exe,78,WPF.JoshSmith.ServiceProviders.UI.ListViewDragDropManager`1,set_ShowDragAdorner,0x251050,0x0886,0x0008,protected_or_nonstandard,
Auto_ThanLong_obfusca.exe,79,WPF.JoshSmith.ServiceProviders.UI.ListViewDragDropManager`1,listView_PreviewMouseLeftButtonDown,0x251100,0x0081,0x0000,valid_il_header,
Auto_ThanLong_obfusca.exe,80,WPF.JoshSmith.ServiceProviders.UI.ListViewDragDropManager`1,listView_PreviewMouseMove,0x251324,0x0081,0x0000,protected_or_nonstandard,
Auto_ThanLong_obfusca.exe,81,WPF.JoshSmith.ServiceProviders.UI.ListViewDragDropManager`1,listView_DragOver,0x25166C,0x0081,0x0000,protected_or_nonstandard,
Auto_ThanLong_obfusca.exe,82,WPF.JoshSmith.ServiceProviders.UI.ListViewDragDropManager`1,listView_DragLeave,0x2517E4,0x0081,0x0000,protected_or_nonstandard,
Auto_ThanLong_obfusca.exe,83,WPF.JoshSmith.ServiceProviders.UI.ListViewDragDropManager`1,listView_DragEnter,0x2519BC,0x0081,0x0000,protected_or_nonstandard,
Auto_ThanLong_obfusca.exe,84,WPF.JoshSmith.ServiceProviders.UI.ListViewDragDropManager`1,listView_Drop,0x251ABC,0x0081,0x0008,valid_il_header,
Auto_ThanLong_obfusca.exe,85,WPF.JoshSmith.ServiceProviders.UI.ListViewDragDropManager`1,get_CanStartDragOperation,0x2521C0,0x0881,0x0000,protected_or_nonstandard,
Auto_ThanLong_obfusca.exe,86,WPF.JoshSmith.ServiceProviders.UI.ListViewDragDropManager`1,FinishDragOperation,0x252430,0x0081,0x0000,protected_or_nonstandard,
Auto_ThanLong_obfusca.exe,87,WPF.JoshSmith.ServiceProviders.UI.ListViewDragDropManager`1,GetListViewItem,0x2525D8,0x0081,0x0000,protected_or_nonstandard,
Auto_ThanLong_obfusca.exe,88,WPF.JoshSmith.ServiceProviders.UI.ListViewDragDropManager`1,GetListViewItem,0x2526F0,0x0081,0x0000,valid_il_header,
Auto_ThanLong_obfusca.exe,89,WPF.JoshSmith.ServiceProviders.UI.ListViewDragDropManager`1,get_HasCursorLeftDragThreshold,0x252834,0x0881,0x0000,protected_or_nonstandard,
Auto_ThanLong_obfusca.exe,90,WPF.JoshSmith.ServiceProviders.UI.ListViewDragDropManager`1,get_IndexUnderDragCursor,0x252ADC,0x0881,0x0000,protected_or_nonstandard,
Auto_ThanLong_obfusca.exe,91,WPF.JoshSmith.ServiceProviders.UI.ListViewDragDropManager`1,InitializeAdornerLayer,0x252CAC,0x0081,0x0000,protected_or_nonstandard,
Auto_ThanLong_obfusca.exe,92,WPF.JoshSmith.ServiceProviders.UI.ListViewDragDropManager`1,InitializeDragOperation,0x252D8C,0x0081,0x0000,protected_or_nonstandard,
Auto_ThanLong_obfusca.exe,93,WPF.JoshSmith.ServiceProviders.UI.ListViewDragDropManager`1,IsMouseOver,0x252DB4,0x0081,0x0000,protected_or_nonstandard,
Auto_ThanLong_obfusca.exe,94,WPF.JoshSmith.ServiceProviders.UI.ListViewDragDropManager`1,get_IsMouseOverScrollbar,0x252E34,0x0881,0x0000,protected_or_nonstandard,
Auto_ThanLong_obfusca.exe,95,WPF.JoshSmith.ServiceProviders.UI.ListViewDragDropManager`1,get_ItemUnderDragCursor,0x25311C,0x0881,0x0000,protected_or_nonstandard,
Auto_ThanLong_obfusca.exe,96,WPF.JoshSmith.ServiceProviders.UI.ListViewDragDropManager`1,set_ItemUnderDragCursor,0x253134,0x0881,0x0000,protected_or_nonstandard,
Auto_ThanLong_obfusca.exe,97,WPF.JoshSmith.ServiceProviders.UI.ListViewDragDropManager`1,PerformDragOperation,0x2533D4,0x0081,0x0000,valid_il_header,
Auto_ThanLong_obfusca.exe,98,WPF.JoshSmith.ServiceProviders.UI.ListViewDragDropManager`1,get_ShowDragAdornerResolved,0x2534F4,0x0881,0x0000,valid_il_header,
Auto_ThanLong_obfusca.exe,99,WPF.JoshSmith.ServiceProviders.UI.ListViewDragDropManager`1,UpdateDragAdornerLocation,0x25355C,0x0081,0x0000,protected_or_nonstandard,
Auto_ThanLong_obfusca.exe,100,WPF.JoshSmith.ServiceProviders.UI.ListViewDragDropManager`1,‎⁯‏‍⁭⁫‭‮‌​​‭⁬⁪⁪⁭⁫⁮‬‪‍​‮‮‏‮⁫⁪⁫‭‫⁬‫​‪‏⁭‌‬‍‮,0x2536DC,0x0010,0x0000,protected_or_nonstandard,
Auto_ThanLong_obfusca.exe,101,WPF.JoshSmith.ServiceProviders.UI.ListViewDragDropManager`1,‫‮⁯‬‬‏⁭‍‫‪‪⁮‬‬⁪‪⁮⁮‮⁬‫​‬‎‭​⁫‫⁮⁪⁫‪⁫‌‮‎‌‎⁫‫‮,0x2536F0,0x0010,0x0000,protected_or_nonstandard,
Auto_ThanLong_obfusca.exe,102,WPF.JoshSmith.ServiceProviders.UI.ListViewDragDropManager`1,⁮‭⁮‬⁮⁮‌‪⁬‬‎‌⁫‮‏‌​⁮‪⁪‪‪​⁮⁯‬‎‮⁯‎‏⁭⁮⁯‮⁯‌‍‭‫‮,0x253708,0x0010,0x0000,valid_il_header,
Auto_ThanLong_obfusca.exe,103,WPF.JoshSmith.ServiceProviders.UI.ListViewDragDropManager`1,‏⁪⁫‫⁫‬‌‬‪​⁬​‮‎‌⁫​⁭‪⁭⁯‬‌⁮‏‌‪‌‭‬‎‏⁭‍⁮‏‬‬​⁯‮,0x25371C,0x0010,0x0000,valid_il_header,
Auto_ThanLong_obfusca.exe,104,WPF.JoshSmith.ServiceProviders.UI.ListViewDragDropManager`1,‮‍‭‪‌​‫‏​‎‏‪⁮⁮⁪‫⁮‭⁬‮⁮⁪‍‏‍‭​‫⁪⁯‏‮‮‍‮⁪⁬‪‍⁭‮,0x253730,0x0010,0x0000,protected_or_nonstandard,
Auto_ThanLong_obfusca.exe,105,WPF.JoshSmith.ServiceProviders.UI.ListViewDragDropManager`1,‫‬⁪⁪⁮⁯​‏‫‌‍⁮⁪⁯⁯⁮‫⁫​‌‬⁭⁪⁯⁯‍⁭‫​‪⁪‫⁪⁬⁫⁬​‭⁯‭‮,0x253744,0x0010,0x0000,valid_il_header,
Auto_ThanLong_obfusca.exe,106,WPF.JoshSmith.ServiceProviders.UI.ListViewDragDropManager`1,‮‪‪⁮​⁪‍‭‬‍⁯‎​‭​⁮‮⁯‫‪‍‮‮⁯⁫⁭‮⁭‫‫‭⁫⁪‌​‬‭‫‭⁭‮,0x253758,0x0010,0x0000,protected_or_nonstandard,
Auto_ThanLong_obfusca.exe,107,WPF.JoshSmith.ServiceProviders.UI.ListViewDragDropManager`1,‭‏‌‍⁭⁭⁫⁯‭‍⁭‪⁬‏⁪‍‮‬⁭⁯‍‮‮‭⁫‬‏⁭‍‎⁫⁭⁪‍‎⁮‪⁫‍‬‮,0x25376C,0x0010,0x0000,protected_or_nonstandard,
Auto_ThanLong_obfusca.exe,108,WPF.JoshSmith.ServiceProviders.UI.ListViewDragDropManager`1,⁯‫⁭‏‏⁬‌⁮⁭⁪‭‬‌‍⁬⁮‮‫⁮‏‍‪‬‬‭‬‬‫⁪‮⁮‬​⁬‭‫‮‎‍‏‮,0x253780,0x0010,0x0000,valid_il_header,
Auto_ThanLong_obfusca.exe,109,WPF.JoshSmith.ServiceProviders.UI.ListViewDragDropManager`1,⁯‌⁬‮‮⁯​‮⁬​‫‎‮‬⁪‍​‪⁬⁭‬⁭‮‮⁭⁭‎‌⁬⁫⁬​‏⁬⁮⁫‬‮‮‌‮,0x253794,0x0010,0x0000,protected_or_nonstandard,
Auto_ThanLong_obfusca.exe,110,WPF.JoshSmith.ServiceProviders.UI.ListViewDragDropManager`1,⁫‫‎⁭⁫⁬‫‬‮‏⁬‌⁬‎‫⁫‏‍⁫⁬​‮‎‌‎⁭‫⁬⁬​‍‏⁯⁮⁪‌⁮​⁪⁯‮,0x2537A8,0x0010,0x0000,protected_or_nonstandard,
Auto_ThanLong_obfusca.exe,111,WPF.JoshSmith.ServiceProviders.UI.ListViewDragDropManager`1,‫‫‭⁯⁫⁪⁬⁬⁮‬‍‬‭‭‭‪‮⁯⁪‎⁮‫​‭⁯⁭⁪⁮‭⁭‪‎‮‫‎⁭⁬‎‮,0x2537BC,0x0010,0x0000,protected_or_nonstandard,
Auto_ThanLong_obfusca.exe,112,WPF.JoshSmith.ServiceProviders.UI.ListViewDragDropManager`1,‬⁯‌⁯‬‎⁮​‍‬⁬‏‏⁬‮‪​‭⁬‭‪​‍‭⁬‮‍‬⁫‍⁮‪‫‪‪‏​⁪‬⁪‮,0x2537D0,0x0010,0x0000,valid_il_header,
Auto_ThanLong_obfusca.exe,113,WPF.JoshSmith.ServiceProviders.UI.ListViewDragDropManager`1,‬⁫​​‎⁭‌⁯‪‎‫‏‎⁫⁭⁫‎‪‬⁬‮⁫⁮‎‏‌‏‌⁪‏‮⁪⁮⁯‌⁭‎⁭‬⁫‮,0x2537E4,0x0010,0x0000,valid_il_header,
Auto_ThanLong_obfusca.exe,114,WPF.JoshSmith.ServiceProviders.UI.ListViewDragDropManager`1,⁬⁬‭⁭‍‎‍‪⁯‮‪‍⁬⁫‪‫‮‮⁫‏‫⁭⁭⁬‍⁬​‫‪​‪⁫‏‪‌‫⁫‌⁯‮,0x2537F8,0x0010,0x0000,protected_or_nonstandard,
Auto_ThanLong_obfusca.exe,115,WPF.JoshSmith.ServiceProviders.UI.ListViewDragDropManager`1,‍‫⁭⁬⁮‫‎⁪⁪​‪‍‬‬⁮‭⁪​⁫‌‍⁫⁫⁯⁬‍⁬‭‎​​‮‭‮⁭⁭⁯​‌‬‮,0x25380C,0x0010,0x0000,protected_or_nonstandard,
Auto_ThanLong_obfusca.exe,116,WPF.JoshSmith.ServiceProviders.UI.ListViewDragDropManager`1,⁮‫‫‍‮‌‭⁫⁬‎​⁭⁪‬⁭‍‌‫​⁫‮⁪‫‬‬‬⁮‏‏‍‮‎‪‮‏‍‎‎‍‮,0x253820,0x0010,0x0000,protected_or_nonstandard,
Auto_ThanLong_obfusca.exe,117,WPF.JoshSmith.ServiceProviders.UI.ListViewDragDropManager`1,​‌‌‎‏‎⁭⁬‏‭‮‏⁯‬⁮⁬‪⁭‭⁫⁭⁬⁪‮⁪‪⁪⁬⁬‬⁪‍‎⁬‬‫‮⁮⁪‍‮,0x253834,0x0010,0x0000,protected_or_nonstandard,
Auto_ThanLong_obfusca.exe,118,WPF.JoshSmith.ServiceProviders.UI.ListViewDragDropManager`1,‌‬‭⁮⁯‎⁭⁪‎‪⁭‍‬‍‭‭‪‫⁪‭‪⁪⁮‭⁮⁯⁯‌‪‏‮⁪‪‮‪​​⁭⁬‍‮,0x253848,0x0010,0x0000,protected_or_nonstandard,
Auto_ThanLong_obfusca.exe,119,WPF.JoshSmith.ServiceProviders.UI.ListViewDragDropManager`1,‍‮‪⁮⁬⁬‮‮‏‍⁮‍⁪‭‬‏‭‬⁫​‮⁪⁫‎‌‭‍‭‍‏‍​‮‏‌⁬‍⁬‍‬‮,0x25385C,0x0010,0x0000,protected_or_nonstandard,
Auto_ThanLong_obfusca.exe,120,WPF.JoshSmith.ServiceProviders.UI.ListViewDragDropManager`1,‪‭⁪‭⁬‮⁮⁯‍‏⁫⁪⁪‫‌​‎⁬‍‪‍‎‍​⁫‮‍⁫‪‪‎‬⁭‍⁪⁪‫‏‏⁬‮,0x253870,0x0010,0x0000,protected_or_nonstandard,
Auto_ThanLong_obfusca.exe,121,WPF.JoshSmith.ServiceProviders.UI.ListViewDragDropManager`1,⁮‪⁯‮⁮‫⁬​⁭​‮⁮‬⁪‪‌⁪‮‬⁯⁯⁭⁮‮⁭‎⁪‫‌​‮​⁭‎​‏‬‫‎⁪‮,0x253884,0x0010,0x0000,valid_il_header,
Auto_ThanLong_obfusca.exe,122,WPF.JoshSmith.ServiceProviders.UI.ListViewDragDropManager`1,⁭‫⁭‮‏⁮⁫⁪⁪⁯‬‎‌‮⁯⁭‪‎​⁬‪⁬⁭‬​‫⁭⁭‎⁬‍‍​‏⁬⁯‏⁭‭⁭‮,0x253898,0x0010,0x0000,valid_il_header,
Auto_ThanLong_obfusca.exe,123,WPF.JoshSmith.ServiceProviders.UI.ListViewDragDropManager`1,‫⁮​‎‭‍‮‮⁮‫‎⁮⁫⁯‌‏​‏⁭⁯⁮‌​‭⁫‌​‫‬⁯⁪⁭‍‌⁮​‏⁯‍‮,0x2538AC,0x0010,0x0000,protected_or_nonstandard,
Auto_ThanLong_obfusca.exe,124,WPF.JoshSmith.ServiceProviders.UI.ListViewDragDropManager`1,⁬⁫⁯⁫‪⁪‫​⁬⁫‫⁯​⁪‌⁫‬‫⁮‪⁭⁭⁮‮‌⁯‬‏‍⁮⁪‏​​‍‍⁭‭⁯⁫‮,0x2538C0,0x0010,0x0000,protected_or_nonstandard,
Auto_ThanLong_obfusca.exe,125,WPF.JoshSmith.ServiceProviders.UI.ListViewDragDropManager`1,⁭‪⁫⁮‪‪⁭‫‪‏​⁪‍‪‌‭‎‏⁮‭⁮‌‌⁫‭​‮‭⁯‎⁬‬​⁬⁫⁮‭⁯‬⁭‮,0x2538D4,0x0010,0x0000,protected_or_nonstandard,
Auto_ThanLong_obfusca.exe,126,WPF.JoshSmith.ServiceProviders.UI.ListViewDragDropManager`1,‎‮‬‬⁭‌​‎⁫‌‏⁭‏‬⁫⁭‫​⁪⁮‪‏⁪‌⁫⁬⁯‫​⁪‌⁫​‏‎‏⁮⁫‌‏‮,0x2538E8,0x0010,0x0000,valid_il_header,
Auto_ThanLong_obfusca.exe,127,WPF.JoshSmith.ServiceProviders.UI.ListViewDragDropManager`1,⁭⁫‫⁭‪⁪‎‫‏‮‏‭‍‬⁭​‮‏​⁭⁪‪‮⁭‫​⁯⁯​⁪‌‌‭⁮⁬⁪‪⁫⁬‌‮,0x2538FC,0x0010,0x0000,protected_or_nonstandard,
Auto_ThanLong_obfusca.exe,128,WPF.JoshSmith.ServiceProviders.UI.ListViewDragDropManager`1,⁭‪‌⁯⁪‮‬​​⁭‍​⁬⁬‏‪⁬⁫‪⁫‮‌‌⁪⁬‍‮⁪‪⁬⁭‍⁬‌‮​​‬‮‍‮,0x253910,0x0010,0x0000,protected_or_nonstandard,
Auto_ThanLong_obfusca.exe,129,WPF.JoshSmith.ServiceProviders.UI.ListViewDragDropManager`1,‮⁪⁮‮⁬⁮‎‭‎‪⁫‍‮‮​⁬‮⁮‫‍‬‍‭‏‫⁭‫⁯‫‬‏​‌⁮‌‮​‪⁬‫‮,0x253924,0x0010,0x0000,protected_or_nonstandard,
Auto_ThanLong_obfusca.exe,130,WPF.JoshSmith.ServiceProviders.UI.ListViewDragDropManager`1,‭⁯⁮⁮⁬⁫⁭⁪‪‬⁮⁮‭‎‎⁪⁭‌⁭‮‍‍⁬‌⁭⁫⁫⁯⁮⁫‌‏⁬‪‎⁯⁫​‍‭‮,0x253938,0x0010,0x0000,protected_or_nonstandard,
Auto_ThanLong_obfusca.exe,131,WPF.JoshSmith.ServiceProviders.UI.ListViewDragDropManager`1,‮‭⁬‮⁫‫‪⁭‌⁮⁪‪​‏​⁫‫⁮‫​‎‫‪⁭⁫‌‍​‬⁮⁭‍​​⁫‏⁯‍⁭‬‮,0x25394C,0x0010,0x0000,protected_or_nonstandard,
Auto_ThanLong_obfusca.exe,132,WPF.JoshSmith.ServiceProviders.UI.ListViewDragDropManager`1,⁮‭‌‏⁬‍⁭‮⁯⁮‌‮‭⁮‮‬‏​⁪‮⁮⁬​⁫‍⁭⁮‫⁬‏‏​⁫‪‭⁪⁯‮‌⁯‮,0x253960,0x0010,0x0000,valid_il_header,
Auto_ThanLong_obfusca.exe,133,WPF.JoshSmith.ServiceProviders.UI.ListViewDragDropManager`1,⁫‍⁫‪⁮⁯‏‭​​⁪‍‬⁫‎⁪‭‎‮‭‬‬‎‫‭‎‫‮‌‮⁭⁫‍⁬‍‫⁯‫‪‎‮,0x253974,0x0010,0x0000,protected_or_nonstandard,
Auto_ThanLong_obfusca.exe,134,WPF.JoshSmith.ServiceProviders.UI.ListViewDragDropManager`1,‪⁬‭⁯​⁬⁪‍‍‬‬⁯⁫‍​⁫‎‬​‍‬‏‬‫⁮⁫‏⁮‫‬‫‮⁯‫‎‮⁪‏​‌‮,0x253988,0x0010,0x0000,protected_or_nonstandard,
Auto_ThanLong_obfusca.exe,135,WPF.JoshSmith.ServiceProviders.UI.ListViewDragDropManager`1,⁭⁭⁬‫⁪‪‏⁯‬‪‎‌⁪⁪‭‎​⁫‌‭‬‍⁬⁭‮‌⁭​‎‍‫⁮‌‌⁬‮‍‫‌‬‮,0x25399C,0x0010,0x0000,protected_or_nonstandard,
Auto_ThanLong_obfusca.exe,136,WPF.JoshSmith.ServiceProviders.UI.ListViewDragDropManager`1,⁪‮‍⁬‪⁫‬‭‪‮‫⁪⁯⁫‭⁫‌‫‭‌⁮​⁬⁬⁭‎⁭⁪⁫‫‎‬⁫‎‍‫⁫‭‌⁭‮,0x2539B0,0x0010,0x0000,protected_or_nonstandard,
Auto_ThanLong_obfusca.exe,137,WPF.JoshSmith.ServiceProviders.UI.ListViewDragDropManager`1,‮‭‎‭‍‬‫‭⁪‎‮‬‮⁬⁬⁭‌​‌⁭⁮‍‭⁮‎‬⁫⁪‫‏⁫‬‏‮⁭‏⁯​‭‮,0x2539C4,0x0010,0x0000,protected_or_nonstandard,
Auto_ThanLong_obfusca.exe,138,WPF.JoshSmith.ServiceProviders.UI.ListViewDragDropManager`1,‮‪‏⁭‫‫⁭⁯‌‎⁭⁪⁬⁪‫‪‏⁫⁬‭‭‍‏‮⁫‬⁬‍‍⁭‮‎⁯⁮‍‮‬⁪⁮⁮‮,0x2539D8,0x0010,0x0000,valid_il_header,
Auto_ThanLong_obfusca.exe,139,WPF.JoshSmith.ServiceProviders.UI.ListViewDragDropManager`1,‎‌⁭‬⁫‍‪​‎​‬‍‮⁪⁫‪‏⁯‬‬‮‮‌⁪‫‍​⁬‫‪‪‏⁫​​⁫‎‌‮‎‮,0x2539EC,0x0010,0x0000,protected_or_nonstandard,
Auto_ThanLong_obfusca.exe,140,WPF.JoshSmith.ServiceProviders.UI.ListViewDragDropManager`1,‫⁯⁬⁮⁮‪‫⁭⁯‮⁭‭⁪⁫‫‬‏‮⁭⁭‍⁭⁭‪⁬‎⁯‍‍⁫⁬‭‭‪‮⁪⁬‏‬⁫‮,0x253A00,0x0010,0x0000,protected_or_nonstandard,
Auto_ThanLong_obfusca.exe,141,WPF.JoshSmith.ServiceProviders.UI.ListViewDragDropManager`1,‏‫⁪⁭⁯‍⁯‏⁬‬​‮⁫⁬‌‎‮⁪‬⁪‏‏‪‬⁮⁬⁮‪⁮⁬‍⁫‌‭⁪‏⁯⁭‫‭‮,0x253A18,0x0010,0x0000,protected_or_nonstandard,
Auto_ThanLong_obfusca.exe,142,WPF.JoshSmith.ServiceProviders.UI.ListViewDragDropManager`1,‬‌⁮⁬‏‫‬⁭‏‏‫‎⁬⁪‌⁭⁪⁯⁫⁪​‍⁭‪‭‏⁬⁫‬‫‪‬‬⁯‏‏‏⁫‎‌‮,0x253A2C,0x0010,0x0000,protected_or_nonstandard,
Auto_ThanLong_obfusca.exe,143,WPF.JoshSmith.ServiceProviders.UI.ListViewDragDropManager`1,⁬‬‌⁯‮‬⁭⁪‏‭‬⁪‎‮‪⁪⁯‏‬‫⁪​‎‌‮⁯​‌‮⁫⁭‫​‮⁪⁬‬⁪‪‌‮,0x253A40,0x0010,0x0000,protected_or_nonstandard,
Auto_ThanLong_obfusca.exe,144,WPF.JoshSmith.ServiceProviders.UI.ListViewDragDropManager`1,‮⁯‮‍‪⁬⁭⁬⁬‪⁭⁬‌⁬‎​‌‏⁮‭‌⁬⁪‪‬‪‬‭⁭⁮‪⁫⁮⁫⁯⁪⁭‫⁮⁬‮,0x253A54,0x0010,0x0000,protected_or_nonstandard,
Auto_ThanLong_obfusca.exe,145,WPF.JoshSmith.ServiceProviders.UI.ListViewDragDropManager`1,‎‪​‪⁪‭‎⁪⁬‫⁯⁭‏⁭‫⁪​‬‫‬⁬‪‬‭⁪‬‭⁫⁯⁮‫‫‍⁪‌‌⁯⁪⁬‭‮,0x253A68,0x0010,0x0000,protected_or_nonstandard,
Auto_ThanLong_obfusca.exe,146,WPF.JoshSmith.ServiceProviders.UI.ListViewDragDropManager`1,‮‪‫⁪⁯⁮‎‭⁫‏⁬⁬⁬⁮⁪⁯⁮⁮​​‭‮⁪⁫‏⁫‮⁬⁬⁫​‪‎‍‭‮⁬‏⁬‮,0x253A7C,0x0010,0x0000,protected_or_nonstandard,
Auto_ThanLong_obfusca.exe,147,WPF.JoshSmith.ServiceProviders.UI.ListViewDragDropManager`1,⁭‭​‮‍‍‬‏‍‍⁪‭‎​⁯‭​‮‫‭‮⁯⁯‍⁭⁫⁭‌⁭‭‪⁪‫‏‮⁮⁬⁯⁫⁯‮,0x253A90,0x0010,0x0000,valid_il_header,
Auto_ThanLong_obfusca.exe,148,WPF.JoshSmith.ServiceProviders.UI.ListViewDragDropManager`1,‬​⁭‎​‫‭‮‮⁬‫‬⁯‌‪⁭⁮​⁫‏⁪⁪‏‌⁮⁪⁮⁯⁫⁭‏⁯‬‍⁭⁬‏⁪‬‮‮,0x253AA4,0x0010,0x0000,valid_il_header,
Auto_ThanLong_obfusca.exe,149,WPF.JoshSmith.ServiceProviders.UI.ListViewDragDropManager`1,⁭‬‌⁫‪‬​‌⁬⁬​‌‫‬‪‏‬‫⁬‬‎⁯‏‬‮‪‍⁫‏⁯​‪‎‬‬⁬⁯‌‮‌‮,0x253AB8,0x0010,0x0000,valid_il_header,
Auto_ThanLong_obfusca.exe,150,WPF.JoshSmith.ServiceProviders.UI.ListViewDragDropManager`1,⁮⁮⁭⁪‌⁯​⁬⁪⁮⁯⁯‍⁬‪‪⁮‫‌‪‎⁬​‏‬​‫‪‏‪‎‍‌‌‌‬‭‎⁪‏‮,0x253ACC,0x0010,0x0000,protected_or_nonstandard,
Auto_ThanLong_obfusca.exe,151,WPF.JoshSmith.ServiceProviders.UI.ListViewDragDropManager`1,‫⁬‪‭⁯​⁯​⁪‏‫⁯‏‪⁫‮⁯‭‮⁫‫⁬⁯‪‏⁯⁭​​‭⁬‎​‪‪⁭⁪‮​⁫‮,0x253AE0,0x0010,0x0000,protected_or_nonstandard,
Auto_ThanLong_obfusca.exe,152,WPF.JoshSmith.ServiceProviders.UI.ListViewDragDropManager`1,‍​‪⁯⁬‮‫⁬⁮‪‭⁭⁬‪‫‭‭⁯‌‎⁮⁮⁫⁮⁫​‫‭⁬‭⁫‪⁪‭‫⁯‌​⁮‮,0x253AF4,0x0010,0x0000,protected_or_nonstandard,
Auto_ThanLong_obfusca.exe,153,WPF.JoshSmith.ServiceProviders.UI.ListViewDragDropManager`1,⁮⁪‮⁭‫‌​‌‪‬‬‍‫⁯​‬⁬⁫‬‬⁭‌⁫⁮‪‎‫‍‮⁭⁮⁯⁫‍‏⁫‬⁬‍‭‮,0x253B08,0x0010,0x0000,protected_or_nonstandard,
Auto_ThanLong_obfusca.exe,154,WPF.JoshSmith.ServiceProviders.UI.ListViewDragDropManager`1,‍‮⁭‏⁮‌‎⁪⁭​⁫​‬⁬‎‫‌‏​⁫⁪​⁬​‏‌‭⁭⁪‭​⁫‍⁫⁮‎‍‮‬‬‮,0x253B1C,0x0010,0x0000,protected_or_nonstandard,
Auto_ThanLong_obfusca.exe,155,WPF.JoshSmith.ServiceProviders.UI.ListViewDragDropManager`1,⁫⁫‪⁮‭‌‬‫⁮‪⁮‫‍‍​‮​‬⁪⁬⁭‫⁪‭‪⁭‍⁪⁪‏‬⁭‪⁮‬‌⁪⁫⁫‫‮,0x253B30,0x0010,0x0000,protected_or_nonstandard,
Auto_ThanLong_obfusca.exe,156,WPF.JoshSmith.ServiceProviders.UI.ListViewDragDropManager`1,‌‏‍⁯‬‮⁯‌⁬‮‭‌‫‍‫‎‫‌‌‍‭‌⁮​‌‌‫⁪⁭‍‬⁯⁫⁬‪‭‬‭⁭‎‮,0x253B48,0x0010,0x0000,protected_or_nonstandard,
Auto_ThanLong_obfusca.exe,157,WPF.JoshSmith.ServiceProviders.UI.ListViewItemDragState,GetIsBeingDragged,0x253B5C,0x0096,0x0000,protected_or_nonstandard,
Auto_ThanLong_obfusca.exe,158,WPF.JoshSmith.ServiceProviders.UI.ListViewItemDragState,SetIsBeingDragged,0x253BB0,0x0093,0x0000,valid_il_header,
Auto_ThanLong_obfusca.exe,159,WPF.JoshSmith.ServiceProviders.UI.ListViewItemDragState,GetIsUnderDragCursor,0x253C14,0x0096,0x0000,protected_or_nonstandard,
Auto_ThanLong_obfusca.exe,160,WPF.JoshSmith.ServiceProviders.UI.ListViewItemDragState,SetIsUnderDragCursor,0x253C68,0x0093,0x0000,protected_or_nonstandard,
Auto_ThanLong_obfusca.exe,161,WPF.JoshSmith.ServiceProviders.UI.ListViewItemDragState,.cctor,0x253CBC,0x1891,0x0008,protected_or_nonstandard,
Auto_ThanLong_obfusca.exe,162,WPF.JoshSmith.ServiceProviders.UI.ListViewItemDragState,⁫⁫⁬⁫‬⁯‌‪⁪⁪‪⁭⁪‎​⁪⁪⁬‪⁬⁪⁫⁪‪‍‎‬‫⁬‍‬‫​‫⁯‎‍‎⁮‪‮,0x253D34,0x0010,0x0000,protected_or_nonstandard,
Auto_ThanLong_obfusca.exe,163,WPF.JoshSmith.ServiceProviders.UI.ListViewItemDragState,⁬‏⁭‫⁯⁬‏‮‏‬‪‪‍⁯‏⁭⁫⁬⁭⁬⁮⁬⁭‪‫‮⁬‬⁯⁪‌‮⁬⁭⁭​‌‎⁬‮‮,0x253D48,0x0010,0x0000,protected_or_nonstandard,
Auto_ThanLong_obfusca.exe,164,WPF.JoshSmith.ServiceProviders.UI.ListViewItemDragState,​‮‮⁪⁬‌⁪⁬‍‌​‭‎​‎‎‭‏‪‍‬‬‪​‎‎⁮‬‎​⁯‍‫‭‌⁭⁯⁪‫⁪‮,0x2538FC,0x0010,0x0000,protected_or_nonstandard,
Auto_ThanLong_obfusca.exe,165,WPF.JoshSmith.ServiceProviders.UI.ListViewItemDragState,‮‮⁪‍⁭⁯⁮‬⁫‪‪‍‮⁯‬‌‭‌‮⁫‎⁫‫⁯⁬⁪⁪⁫‭⁫‪‭‏‏‌‎‬⁫‌‏‮,0x253D60,0x0010,0x0000,protected_or_nonstandard,
Auto_ThanLong_obfusca.exe,166,WPF.JoshSmith.ServiceProviders.UI.ListViewItemDragState,⁬‬⁫‌‭‏‏‭‎‏⁭⁮‫‮⁪⁬‭‮‫​⁭⁪⁭‎‍‫‌‌‫‎‪​⁭‏‮​⁫⁬‏⁫‮,0x253D74,0x0010,0x0000,valid_il_header,
Auto_ThanLong_obfusca.exe,167,WPF.JoshSmith.ServiceProviders.UI.ProcessDropEventArgs`1,.ctor,0x253D8C,0x1883,0x0000,protected_or_nonstandard,
Auto_ThanLong_obfusca.exe,168,WPF.JoshSmith.ServiceProviders.UI.ProcessDropEventArgs`1,get_ItemsSource,0x253DD4,0x0886,0x0000,protected_or_nonstandard,
Auto_ThanLong_obfusca.exe,169,WPF.JoshSmith.ServiceProviders.UI.ProcessDropEventArgs`1,get_DataItem,0x253E1C,0x0886,0x0000,protected_or_nonstandard,
Auto_ThanLong_obfusca.exe,170,WPF.JoshSmith.ServiceProviders.UI.ProcessDropEventArgs`1,get_OldIndex,0x253E78,0x0886,0x0000,protected_or_nonstandard,
Auto_ThanLong_obfusca.exe,171,WPF.JoshSmith.ServiceProviders.UI.ProcessDropEventArgs`1,get_NewIndex,0x253ED4,0x0886,0x0000,valid_il_header,
Auto_ThanLong_obfusca.exe,172,WPF.JoshSmith.ServiceProviders.UI.ProcessDropEventArgs`1,get_AllowedEffects,0x253F1C,0x0886,0x0000,protected_or_nonstandard,
Auto_ThanLong_obfusca.exe,173,WPF.JoshSmith.ServiceProviders.UI.ProcessDropEventArgs`1,get_Effects,0x253F34,0x0886,0x0000,protected_or_nonstandard,
Auto_ThanLong_obfusca.exe,174,WPF.JoshSmith.ServiceProviders.UI.ProcessDropEventArgs`1,set_Effects,0x253F90,0x0886,0x0000,protected_or_nonstandard,
Auto_ThanLong_obfusca.exe,175,WPF.JoshSmith.Controls.Utilities.MouseUtilities,GetCursorPos,0x0,0x2091,0x0080,pinvoke_or_abstract,
Auto_ThanLong_obfusca.exe,176,WPF.JoshSmith.Controls.Utilities.MouseUtilities,ScreenToClient,0x0,0x2091,0x0080,pinvoke_or_abstract,
Auto_ThanLong_obfusca.exe,177,WPF.JoshSmith.Controls.Utilities.MouseUtilities,GetMousePosition,0x253FA8,0x0096,0x0000,valid_il_header,
Auto_ThanLong_obfusca.exe,178,WPF.JoshSmith.Controls.Utilities.MouseUtilities,.ctor,0x254028,0x1886,0x0000,protected_or_nonstandard,
Auto_ThanLong_obfusca.exe,179,WPF.JoshSmith.Controls.Utilities.MouseUtilities,⁯‏⁯‪⁮⁮⁯⁯⁫⁮⁫⁪‭‫⁭​‎⁪‫‍‏‌⁬‫​⁫‬⁮‪⁫​‬⁯⁯‮‏⁫‭⁭‌‮,0x25403C,0x0010,0x0000,protected_or_nonstandard,
Auto_ThanLong_obfusca.exe,180,WPF.JoshSmith.Adorners.DragAdorner,.ctor,0x254050,0x1886,0x0000,valid_il_header,
Auto_ThanLong_obfusca.exe,181,WPF.JoshSmith.Adorners.DragAdorner,GetDesiredTransform,0x2540D0,0x00C6,0x0000,protected_or_nonstandard,
Auto_ThanLong_obfusca.exe,182,WPF.JoshSmith.Adorners.DragAdorner,get_OffsetLeft,0x254148,0x0886,0x0000,valid_il_header,
Auto_ThanLong_obfusca.exe,183,WPF.JoshSmith.Adorners.DragAdorner,set_OffsetLeft,0x2541A4,0x0886,0x0000,protected_or_nonstandard,
Auto_ThanLong_obfusca.exe,184,WPF.JoshSmith.Adorners.DragAdorner,SetOffsets,0x2541F4,0x0086,0x0000,protected_or_nonstandard,
Auto_ThanLong_obfusca.exe,185,WPF.JoshSmith.Adorners.DragAdorner,get_OffsetTop,0x254270,0x0886,0x0000,valid_il_header,
Auto_ThanLong_obfusca.exe,186,WPF.JoshSmith.Adorners.DragAdorner,set_OffsetTop,0x2542B8,0x0886,0x0000,protected_or_nonstandard,
Auto_ThanLong_obfusca.exe,187,WPF.JoshSmith.Adorners.DragAdorner,MeasureOverride,0x254308,0x00C4,0x0000,protected_or_nonstandard,
Auto_ThanLong_obfusca.exe,188,WPF.JoshSmith.Adorners.DragAdorner,ArrangeOverride,0x254374,0x00C4,0x0000,protected_or_nonstandard,
Auto_ThanLong_obfusca.exe,189,WPF.JoshSmith.Adorners.DragAdorner,GetVisualChild,0x254404,0x00C4,0x0000,valid_il_header,
Auto_ThanLong_obfusca.exe,190,WPF.JoshSmith.Adorners.DragAdorner,get_VisualChildrenCount,0x254460,0x08C4,0x0000,protected_or_nonstandard,
Auto_ThanLong_obfusca.exe,191,WPF.JoshSmith.Adorners.DragAdorner,UpdateLocation,0x2544A4,0x0081,0x0000,protected_or_nonstandard,
Auto_ThanLong_obfusca.exe,192,WPF.JoshSmith.Adorners.DragAdorner,‬‍‮⁫‌⁫‪⁫⁫‪‏‫⁯‪⁭‮‬⁭‭‏⁮‮‎‎‪⁬‭‪⁯⁭⁮‫⁭‎​⁪⁬‬‫‭‮,0x254550,0x0010,0x0000,valid_il_header,
Auto_ThanLong_obfusca.exe,193,WPF.JoshSmith.Adorners.DragAdorner,‫‬‎⁮‪‍‌‎⁪⁯‮⁬‍⁮​⁬‬⁫‮‮⁭‭⁯⁯⁭‎⁬⁬‪⁭‍‌‮‮⁪​‍‏​⁭‮,0x254564,0x0010,0x0000,protected_or_nonstandard,
Auto_ThanLong_obfusca.exe,194,WPF.JoshSmith.Adorners.DragAdorner,‍‫⁫‍⁪​‬‍‭‏⁭‪‪⁯⁯‬‎‍‫‮‫⁪‬‭‭⁪​‮⁯⁪‫⁯⁭‭‫‪‎⁮⁪⁫‮,0x254578,0x0010,0x0000,protected_or_nonstandard,
Auto_ThanLong_obfusca.exe,195,WPF.JoshSmith.Adorners.DragAdorner,‎‭‫‮⁯⁮⁫⁭⁬⁪⁭⁪‫⁬⁫‏⁮‮⁪‏‏⁯‭​⁬⁮‭‏⁭‮‬‭‌⁫⁯‬⁪‍⁭‎‮,0x25458C,0x0010,0x0000,protected_or_nonstandard,
Auto_ThanLong_obfusca.exe,196,WPF.JoshSmith.Adorners.DragAdorner,‭⁫⁭‪‏‪⁬⁮‏‏‍‫⁮‎‫‏⁯⁯‬​​​⁬‌‪⁬‍⁮⁬⁫⁪‎‏‮​‌‫⁭⁭⁬‮,0x2545A0,0x0010,0x0000,protected_or_nonstandard,
Auto_ThanLong_obfusca.exe,197,WPF.JoshSmith.Adorners.DragAdorner,​‬‪‎​​‭‮‮‎⁫‏⁫⁮‪⁯⁫‎‎‬‎‌‏‬‭‭⁪‌⁪​⁪‪⁮⁯‍‬‏⁫⁯⁮‮,0x2545B4,0x0010,0x0000,protected_or_nonstandard,
Auto_ThanLong_obfusca.exe,198,WPF.JoshSmith.Adorners.DragAdorner,‍​‪‭⁫⁫⁬‌‫⁮‍‭‪⁪‍⁯​‮‭‎⁮⁯‪⁫⁬‪⁭⁮‬​‏‌⁪⁪⁫‌‏⁪‍‫‮,0x2545C8,0x0010,0x0000,protected_or_nonstandard,
Auto_ThanLong_obfusca.exe,199,WPF.JoshSmith.Adorners.DragAdorner,‎​⁯⁬‏⁯⁮‌⁯‬⁮‫‮‬‌⁬‎‏⁭⁯⁭⁭‭​‌⁯‌‫⁯⁮‫‌‬⁭⁪‌​‍‭‪‮,0x2545DC,0x0000,0x0000,protected_or_nonstandard,
Auto_ThanLong_obfusca.exe,200,WPF.JoshSmith.Adorners.DragAdorner,‎⁬‬‪‏⁪‍‮‪⁪‮‏‪‌‪‏‎‭​⁭⁪⁭‭‬⁫⁬‌​‪⁮‪⁯⁪‍⁫‍‮⁫‬‭‮,0x2545F0,0x0010,0x0000,protected_or_nonstandard,
Auto_ThanLong_obfusca.exe,201,WPF.JoshSmith.Adorners.DragAdorner,​‬⁬‭‍⁮⁮⁪‮⁬⁯‍⁫‭‎⁪‪‫‫​⁭‏‮‫⁭⁭⁭​⁮‍⁮‪‫‫‮‪⁮‫⁫⁮‮,0x254604,0x0010,0x0000,protected_or_nonstandard,
Auto_ThanLong_obfusca.exe,202,WPF.JoshSmith.Adorners.DragAdorner,​⁮‬​⁭‍‎⁫‏​‏⁮‏⁪​⁫⁬‪‏‭‌‮‌‭⁫‏‬‮⁪‌⁬⁬⁯‪‫‍‮‮​⁮‮,0x254618,0x0010,0x0000,protected_or_nonstandard,
Auto_ThanLong_obfusca.exe,203,WPF.JoshSmith.Adorners.DragAdorner,​⁮⁯⁭⁬‌⁭⁪⁬⁬​⁯‫‬‮⁬‬‬‪‏‪⁮⁪⁮‬‬‪‍‮‭⁪‪‮‬‫⁯‮‭‏‮,0x25462C,0x0010,0x0000,protected_or_nonstandard,
Auto_ThanLong_obfusca.exe,204,WPF.JoshSmith.Adorners.DragAdorner,‪‬‮⁯‍‪‏⁮‮‬⁬‍‏⁮⁭‎‮⁪‏‎⁯⁭⁬‌‌⁪‫‌‏​‌‍‪‏‫‬‍​⁫⁯‮,0x254640,0x0010,0x0000,protected_or_nonstandard,
Auto_ThanLong_obfusca.exe,205,WPF.JoshSmith.Adorners.DragAdorner,‮‮‪‎⁬​⁯⁯​‌‭⁮⁮⁮⁮‌⁬⁪‏‍⁫‫‮‭‭⁭​‮‍⁯‎‭⁮⁮⁮​⁫⁭‍‮‮,0x254654,0x0010,0x0000,protected_or_nonstandard,
Auto_ThanLong_obfusca.exe,206,WPF.JoshSmith.Adorners.DragAdorner,​⁭⁯‮‮‮‪​⁮⁫⁯​‍‌‌⁬⁬⁭‪⁭⁪‮‏‍‬‭⁪⁯‮‍‪⁭‬⁬⁫​​‭​⁬‮,0x254668,0x0010,0x0000,protected_or_nonstandard,
Auto_ThanLong_obfusca.exe,207,WPF.JoshSmith.Adorners.DragAdorner,‎‬‏​‍⁭⁯‎‍‮‮⁭‭⁫‬⁮‌‭​‫‭​⁪‍‌⁪‬⁯⁫⁯⁪​‪⁯‮‏‬‪‌⁬‮,0x25467C,0x0010,0x0000,protected_or_nonstandard,
Auto_ThanLong_obfusca.exe,208,Auto_ThanLong_Kteam_0789998118.Properties.Resources,get_ResourceManager,0x254690,0x0893,0x0008,valid_il_header,
Auto_ThanLong_obfusca.exe,209,Auto_ThanLong_Kteam_0789998118.Properties.Resources,get_Culture,0x254790,0x0893,0x0000,protected_or_nonstandard,
Auto_ThanLong_obfusca.exe,210,Auto_ThanLong_Kteam_0789998118.Properties.Resources,set_Culture,0x2547D8,0x0893,0x0000,protected_or_nonstandard,
Auto_ThanLong_obfusca.exe,211,Auto_ThanLong_Kteam_0789998118.Properties.Resources,.ctor,0x254028,0x1886,0x0000,protected_or_nonstandard,
Auto_ThanLong_obfusca.exe,212,Auto_ThanLong_Kteam_0789998118.Properties.Resources,⁪‫⁪⁫⁮‬‮‮⁭‌‏‬⁬⁬‫‬‌⁭‫‪‫‮‫⁯‍‌⁮‬‬⁪⁬‪⁯​‭‌⁭‮‎‮‮,0x2538FC,0x0010,0x0000,protected_or_nonstandard,
Auto_ThanLong_obfusca.exe,213,Auto_ThanLong_Kteam_0789998118.Properties.Resources,⁫⁭‭‮​⁯‎‫‌⁪‭⁫​⁪⁭⁬‎‫‪⁭⁫‪‮⁪‪‬‍⁫‬⁪⁫‪‍​⁪​⁬⁭‭⁫‮,0x2547EC,0x0010,0x0000,protected_or_nonstandard,
Auto_ThanLong_obfusca.exe,214,Auto_ThanLong_Kteam_0789998118.Properties.Resources,‬​⁫‏⁬⁯‪‌‌‍‎⁪‬⁯⁬‍‌‪‮‍‮‌⁫‮‭‫‮⁭‏​⁫‍⁯‮‏‏⁮​‫⁭‮,0x254800,0x0010,0x0000,protected_or_nonstandard,
Auto_ThanLong_obfusca.exe,215,Auto_ThanLong_Kteam_0789998118.KhungCode_Auto.Cons,get_AccessToken,0x254814,0x0896,0x0000,protected_or_nonstandard,
Auto_ThanLong_obfusca.exe,216,Auto_ThanLong_Kteam_0789998118.KhungCode_Auto.Cons,set_AccessToken,0x254828,0x0896,0x0000,protected_or_nonstandard,
Auto_ThanLong_obfusca.exe,217,Auto_ThanLong_Kteam_0789998118.KhungCode_Auto.Cons,get_LoginStamp,0x25483C,0x0896,0x0000,protected_or_nonstandard,
Auto_ThanLong_obfusca.exe,218,Auto_ThanLong_Kteam_0789998118.KhungCode_Auto.Cons,set_LoginStamp,0x254850,0x0896,0x0000,protected_or_nonstandard,
Auto_ThanLong_obfusca.exe,219,Auto_ThanLong_Kteam_0789998118.KhungCode_Auto.Cons,get_UpdateURL,0x254864,0x0896,0x0000,valid_il_header,auth_update
Auto_ThanLong_obfusca.exe,220,Auto_ThanLong_Kteam_0789998118.KhungCode_Auto.Cons,set_UpdateURL,0x254878,0x0896,0x0000,protected_or_nonstandard,auth_update
Auto_ThanLong_obfusca.exe,221,Auto_ThanLong_Kteam_0789998118.KhungCode_Auto.Cons,Login,0x25488C,0x0096,0x0000,protected_or_nonstandard,auth_update
Auto_ThanLong_obfusca.exe,222,Auto_ThanLong_Kteam_0789998118.KhungCode_Auto.Cons,UserInfo,0x25491C,0x0096,0x0000,protected_or_nonstandard,auth_update
Auto_ThanLong_obfusca.exe,223,Auto_ThanLong_Kteam_0789998118.KhungCode_Auto.Cons,CheckKey,0x2549A0,0x0096,0x0000,protected_or_nonstandard,auth_update
Auto_ThanLong_obfusca.exe,224,Auto_ThanLong_Kteam_0789998118.KhungCode_Auto.Cons,GetMACAddress,0x254A10,0x0096,0x0000,protected_or_nonstandard,
Auto_ThanLong_obfusca.exe,225,Auto_ThanLong_Kteam_0789998118.KhungCode_Auto.Cons,.cctor,0x254C10,0x1891,0x0008,protected_or_nonstandard,
Auto_ThanLong_obfusca.exe,226,Auto_ThanLong_Kteam_0789998118.KhungCode_Auto.Cons,⁫⁪⁬⁪⁪⁮‫‏‫⁭‍‏⁯‏⁫‫‮⁮‬‪⁬‫​‎​⁭‬‍⁬‌‭‪‫​‏⁯‮‫⁬‪‮,0x254C8C,0x0010,0x0000,protected_or_nonstandard,
Auto_ThanLong_obfusca.exe,227,Auto_ThanLong_Kteam_0789998118.KhungCode_Auto.Cons,‬‌⁯‮⁯‮⁮⁫⁭‫‌‪⁬​⁮‮‍‌​‏⁫‌‏‮⁪⁫⁬‎⁪‬‪​‍⁭​‏‏‬​⁪‮,0x254CA0,0x0010,0x0000,valid_il_header,
Auto_ThanLong_obfusca.exe,228,Auto_ThanLong_Kteam_0789998118.KhungCode_Auto.Cons,​⁫⁯‎⁪⁬‭‬‮⁪⁮​‬⁯‏⁬‏‪⁯​‪‬⁮⁮‮‪‍‏​‮⁮‪⁫‎⁬​⁬⁫‎⁯‮,0x254CB4,0x0010,0x0000,protected_or_nonstandard,
Auto_ThanLong_obfusca.exe,229,Auto_ThanLong_Kteam_0789998118.KhungCode_Auto.Cons,‭‭⁭‌⁪‬‬‌‮⁮‭⁪⁯‍⁬‫⁫‮‮‫⁫⁯‭⁫‬‮⁮‭⁫‪‬‬‪‫⁭‍⁪​‮‎‮,0x254CC8,0x0010,0x0000,protected_or_nonstandard,
Auto_ThanLong_obfusca.exe,230,Auto_ThanLong_Kteam_0789998118.KhungCode_Auto.Cons,‎⁪‪⁬‍‬‭‪‍‎‬⁫⁮‏‮‌‮⁯⁪⁯‫⁭‪‮‫​​‏⁬‎⁪‬‪‬⁫‎⁬‮‬‮‮,0x254CDC,0x0010,0x0000,protected_or_nonstandard,
Auto_ThanLong_obfusca.exe,231,Auto_ThanLong_Kteam_0789998118.KhungCode_Auto.Cons,‏‬‫⁯⁭‍⁪⁪‏⁬⁭⁭⁮⁫⁪‪⁫‎⁪‮⁬‪⁯‎⁫⁮⁪⁬⁮‮⁬⁬‭​⁭⁬⁬⁮‮⁯‮,0x254CF0,0x0010,0x0000,protected_or_nonstandard,
Auto_ThanLong_obfusca.exe,232,<CheckKey>d__14,.ctor,0x254028,0x1886,0x0000,protected_or_nonstandard,auth_update
Auto_ThanLong_obfusca.exe,233,<CheckKey>d__14,MoveNext,0x254D04,0x01E1,0x0008,valid_il_header,auth_update
Auto_ThanLong_obfusca.exe,234,<CheckKey>d__14,SetStateMachine,0x2557D4,0x01E1,0x0000,valid_il_header,auth_update
Auto_ThanLong_obfusca.exe,235,<CheckKey>d__14,‪​‪‫⁮‫‌‭‫‪⁭⁪⁮‭‭‬‍‮‎⁯​‌⁪⁪⁪⁮⁯⁬‪⁬‪‌⁭⁬‍‫‫‬‌‌‮,0x2557E4,0x0010,0x0000,protected_or_nonstandard,auth_update
Auto_ThanLong_obfusca.exe,236,<CheckKey>d__14,‫‪⁫⁯‭‌‬‬⁪‫⁮‏⁮⁮​⁭‮‫⁬‎‮‪‏⁫‫‮​⁮‮‬‭‬⁮​​‬⁭‏‏‎‮,0x2557F8,0x0010,0x0000,protected_or_nonstandard,auth_update
Auto_ThanLong_obfusca.exe,237,<CheckKey>d__14,⁪‪⁯‍⁫‮‌⁭⁭‌‍‬‪‮‮⁬⁮⁭‪⁮⁫‪‬⁯‭⁪⁮‌⁯‭⁭‌⁬​⁪‪⁮‫‫‍‮,0x25580C,0x0010,0x0000,valid_il_header,auth_update
Auto_ThanLong_obfusca.exe,238,<CheckKey>d__14,​‬⁭⁪⁯‍‮‭‭‬‬⁭‎‭⁮⁯‍‌‮‫‌‎‭⁯‌⁭‌‮‮⁭‭‮​‭⁪‮‫‏‌⁭‮,0x255820,0x0010,0x0000,protected_or_nonstandard,auth_update
Auto_ThanLong_obfusca.exe,239,<CheckKey>d__14,‪‮‏‌⁭‪⁮⁬‫⁯‪‪⁭⁮⁪⁬⁫‭⁭⁭‍⁫‍‮‍⁮‮‎‌‮‏‏⁫⁮‭‌​‎‭‭‮,0x255834,0x0010,0x0000,protected_or_nonstandard,auth_update
Auto_ThanLong_obfusca.exe,240,<CheckKey>d__14,‍‮⁪‮⁪‫‏‌‏‬⁭‫‌⁭‮⁪‍⁯‎⁭‎‬⁬‬‭‭‮⁪⁫⁮​‮⁮⁮⁭‬‭‬‎‪‮,0x255848,0x0010,0x0000,valid_il_header,auth_update
Auto_ThanLong_obfusca.exe,241,<CheckKey>d__14,‬‬‎‭⁬‭‬‭‬​​⁯‭⁮‍‪⁬⁬‍‬‌‬​‌‌​​‭⁫‭‌⁮‮⁮‏‬​⁬⁬‮,0x255860,0x0010,0x0000,protected_or_nonstandard,auth_update
Auto_ThanLong_obfusca.exe,242,<CheckKey>d__14,⁫​​​‪‎‏⁯⁪⁭​‎⁭⁮‫⁫⁬‎‮⁫‪‪‍‪‎⁫‮⁫‍⁭‫⁯‏⁪⁪‍⁫‮‎‍‮,0x255874,0x0010,0x0000,valid_il_header,auth_update
Auto_ThanLong_obfusca.exe,243,<CheckKey>d__14,‫​⁮‫‮‏‍⁯‫‭‭‪‮⁬⁫⁫⁮​‬‏​‪⁫‏​⁫‫⁬⁭⁫‌‌‫‌‫‏‬‌​‬‮,0x25588C,0x0010,0x0000,protected_or_nonstandard,auth_update
Auto_ThanLong_obfusca.exe,244,<CheckKey>d__14,​‮‭‭‍⁯⁫⁬⁭​‪‎⁬‎⁯‭‍⁭⁭​‪‍⁮⁮‮⁮‭‎​‭‫‫⁫‮⁬‌⁪‌⁪⁯‮,0x2558A0,0x0010,0x0000,protected_or_nonstandard,auth_update
Auto_ThanLong_obfusca.exe,245,<CheckKey>d__14,⁪‎‬‭‫‍​‍‬‮⁮‭‬⁭⁮‭‪‭⁮⁪‏‪⁯⁯⁪‫‬⁯​​‏‫‍‬‭‪‭⁬⁬‮,0x2558B4,0x0010,0x0000,protected_or_nonstandard,auth_update
Auto_ThanLong_obfusca.exe,246,<CheckKey>d__14,⁭⁮‮‎‮‫⁭‭‍‍⁬⁪⁭​⁭⁪⁭‎‌‮⁮⁬‏⁪‌‬‍‫⁭‬‮⁫‫‮‬‎⁭‍⁭‮‮,0x254CA0,0x0010,0x0000,valid_il_header,auth_update
Auto_ThanLong_obfusca.exe,247,<CheckKey>d__14,‬‏​‫⁪⁪⁬‏⁬‬‮⁬⁯⁭⁫‌‍‍‭⁬‬⁯⁫‮‮⁪⁫‪‮⁬‌‭⁭‌⁭⁭⁭‬‮⁬‮,0x2558C8,0x0010,0x0000,protected_or_nonstandard,auth_update
Auto_ThanLong_obfusca.exe,248,<Login>d__12,.ctor,0x2558DC,0x1886,0x0000,protected_or_nonstandard,
Auto_ThanLong_obfusca.exe,249,<Login>d__12,MoveNext,0x255924,0x01E1,0x0008,valid_il_header,
Auto_ThanLong_obfusca.exe,250,<Login>d__12,SetStateMachine,0x2557D4,0x01E1,0x0000,valid_il_header,
Auto_ThanLong_obfusca.exe,251,<Login>d__12,‭⁯‏‎‏‮‍‍​⁪⁬⁫‪‭‎‮‍‍‏⁮‏⁬⁮​⁬​⁭‏‪⁮⁮⁫‮⁯‍​‭‮​‌‮,0x255834,0x0010,0x0000,protected_or_nonstandard,
Auto_ThanLong_obfusca.exe,252,<Login>d__12,‬‏‎‏‏⁪​‮⁬⁫‏‮⁭‌‭‏‍⁮‏‮‏‭‎​‫‍‏‎​⁬‫‮⁪⁮⁪‏⁪​‎‍‮,0x2557E4,0x0010,0x0000,protected_or_nonstandard,
Auto_ThanLong_obfusca.exe,253,<Login>d__12,‏‍‮‮⁯⁪⁯‌‮‪⁭⁫‬⁬‎⁬‪⁭‎‪‮‍⁭⁫⁬‌‫⁪⁫⁭‌⁮‮‬⁬⁭‬⁪‎‮,0x2557F8,0x0010,0x0000,protected_or_nonstandard,
Auto_ThanLong_obfusca.exe,254,<Login>d__12,‌‏‍‫‍‬‌⁫‌‌⁪‫⁫‬‮⁭‪‍​‮‫⁮‪⁮‮⁯‍‫⁫‎‫‍‍‌‭⁮⁭‏‫‏‮,0x256584,0x0010,0x0000,protected_or_nonstandard,
Auto_ThanLong_obfusca.exe,255,<Login>d__12,⁭‭⁭⁭⁮‮‏‌‫⁯⁬‎‍‍⁮⁯⁫⁭⁫‍‎⁬‎‎⁪‌‫⁫‪⁬⁮‎‬⁪⁪⁮​‏⁯⁬‮,0x25659C,0x0010,0x0000,protected_or_nonstandard,
Auto_ThanLong_obfusca.exe,256,<Login>d__12,‏⁫‮⁫⁭‪⁭‭‎‏⁮‮‪‬​​⁯​‭‪‍‭⁬⁫‌⁪‍‮‮‏‬⁬⁬​⁭‎⁪⁫‎‌‮,0x255860,0x0010,0x0000,protected_or_nonstandard,
Auto_ThanLong_obfusca.exe,257,<Login>d__12,⁮⁫⁪⁪⁯‬‭‭‪⁪​‌⁬‬⁯‪‎‫‬‏‎⁪⁫⁮​‫​⁮‫‭‌‌⁬⁮⁭‭‌‪‏‍‮,0x255874,0x0010,0x0000,valid_il_header,
Auto_ThanLong_obfusca.exe,258,<Login>d__12,‭‬‬‍‪⁪‏‫‭⁯‏​⁫⁪‮‬‮⁪‪‏​‎⁮⁮⁪⁪‬‎‫‭‪‬‏‮‌⁭⁯‌⁮⁮‮,0x25588C,0x0010,0x0000,protected_or_nonstandard,
Auto_ThanLong_obfusca.exe,259,<Login>d__12,​⁮‬‍⁭‌⁮‏⁫⁫‏​⁬‍‫‪‪‎‫‮⁮‭​⁪‍⁭⁬⁯⁮‎‎⁪⁮‏⁭⁯‬‏‪‏‮,0x2558A0,0x0010,0x0000,protected_or_nonstandard,
Auto_ThanLong_obfusca.exe,260,<Login>d__12,⁯‫‌⁪‎‪‍‏⁬‪‍‪‪⁫⁮‫‏⁯‪⁯‏‎‌‭⁫⁭‍⁮‫‎⁯‏‍‫‮⁬‫‌⁮⁭‮,0x2558B4,0x0010,0x0000,protected_or_nonstandard,
Auto_ThanLong_obfusca.exe,261,<Login>d__12,‭⁯‭⁬‍⁭‏⁮‍‪‭⁬⁪​⁮‍‬​‫‭⁪‌‏⁯‪⁪‭‌​⁫‮⁬‌‪‍⁪‏‪⁬⁫‮,0x2565B0,0x0010,0x0000,protected_or_nonstandard,
Auto_ThanLong_obfusca.exe,262,<Login>d__12,‬‭‬‫‭‪‮⁪‫‏⁬‪⁮‬‌⁬‎‫‪⁪‫‪‮​‭‮‎​‏⁫‎‎⁬⁬‍⁬‬‭‭⁭‮,0x2565C8,0x0010,0x0000,valid_il_header,
Auto_ThanLong_obfusca.exe,263,<Login>d__12,⁬⁭‫​‬‏‬⁬‍⁮⁫‫⁬‮‍⁮‭‌‍‍‌⁭‌​⁫⁪⁯⁬‬⁭⁮‏⁯‮‎‏​‫⁬⁫‮,0x2558C8,0x0010,0x0000,protected_or_nonstandard,
Auto_ThanLong_obfusca.exe,264,<UserInfo>d__13,.ctor,0x2565DC,0x1886,0x0000,protected_or_nonstandard,
Auto_ThanLong_obfusca.exe,265,<UserInfo>d__13,MoveNext,0x256624,0x01E1,0x0008,protected_or_nonstandard,
Auto_ThanLong_obfusca.exe,266,<UserInfo>d__13,SetStateMachine,0x2557D4,0x01E1,0x0000,valid_il_header,
Auto_ThanLong_obfusca.exe,267,<UserInfo>d__13,⁫‫⁯⁫‫⁭‎‪‏⁮⁯‏​⁪‭‭‫​‮‭‬⁭‭⁮‫‭⁮⁮‏‭‮‏⁮​‌‬​⁮⁬‌‮,0x2557E4,0x0010,0x0000,protected_or_nonstandard,
Auto_ThanLong_obfusca.exe,268,<UserInfo>d__13,⁯⁮​‪​⁬⁮​⁪⁭‌‎‏⁯⁯⁭​⁮‭‮​⁭⁭⁬‏⁮‏⁬⁪⁮⁯‭⁯‎‎⁬‬‏⁭⁫‮,0x2557F8,0x0010,0x0000,protected_or_nonstandard,
Auto_ThanLong_obfusca.exe,269,<UserInfo>d__13,‌⁫⁯‎‎‍‏‏⁬⁪‏‎‌‭‭⁫⁮‏‭⁯⁬‎‏‪⁭⁫​⁬‏⁮‍⁪‌‭⁮‬‍⁬‎‏‮,0x25580C,0x0010,0x0000,valid_il_header,
Auto_ThanLong_obfusca.exe,270,<UserInfo>d__13,‍‫⁯‮⁮‍⁯‎​‪​‬‮⁯‏‭‬⁯‮⁯‫‬​⁮⁭⁪‭⁭‌‫‪‍‎⁯‫​‭‮‬⁯‮,0x255820,0x0010,0x0000,protected_or_nonstandard,
Auto_ThanLong_obfusca.exe,271,<UserInfo>d__13,‍‍‮‫⁬‪⁭‍‍‬‮‍‪‪⁫⁯‪⁪⁬‬‫‎⁭‍⁮‫⁫⁯‫‍⁫⁯‍‮‮‫‎‬⁬‪‮,0x255848,0x0010,0x0000,valid_il_header,
Auto_ThanLong_obfusca.exe,272,<UserInfo>d__13,‮‮‬⁯‪‍‍⁭‎​‬⁪‏‌⁬‌⁫⁬⁭‌⁮⁫‌⁪⁫‫‮⁪⁮⁭‏‫‌⁯‫​‍⁬⁭⁯‮,0x255860,0x0010,0x0000,protected_or_nonstandard,
Auto_ThanLong_obfusca.exe,273,<UserInfo>d__13,‏‎‏‌​‪‪‭⁪⁫‭​‪‬‌‭⁫⁮‎‪⁮⁫‬‏⁮‍⁭⁮‪⁪‍‎‭​⁮‮‏‫⁭⁯‮,0x256F60,0x0010,0x0000,protected_or_nonstandard,
Auto_ThanLong_obfusca.exe,274,<UserInfo>d__13,‮‏‍⁯‮‎⁫‍‬⁭‏⁯⁮‭‍‭‎‫‫⁬⁫⁫​‌‬⁯‎‪​‍⁬⁬⁬​‌‭⁫‏‭‎‮,0x25588C,0x0010,0x0000,protected_or_nonstandard,
Auto_ThanLong_obfusca.exe,275,<UserInfo>d__13,‬⁫‫⁪‎‍⁯⁬⁮‪⁮⁮​‮‏‭‌​⁫‪‮‏‏​⁬⁯‬‬​‮‮⁭​‫‬‪​⁭‭‎‮,0x2558A0,0x0010,0x0000,protected_or_nonstandard,
Auto_ThanLong_obfusca.exe,276,<UserInfo>d__13,⁬⁫⁪‏‎‬‏⁫‌‏‎‎​‏‍‪⁭‍‎‌‬‪‮⁬‮‏⁪‭⁪‬‪‫⁮⁫‬⁬‮‎‬‬‮,0x2558B4,0x0010,0x0000,protected_or_nonstandard,
Auto_ThanLong_obfusca.exe,277,<UserInfo>d__13,‌⁯‫‏‮‪‎⁫‬‫‪⁭⁯‏‬‭⁫‭⁭‎⁪⁬‏⁬‭⁫‫‬‎⁮⁫⁭‪‪⁭‬⁭⁪⁯‌‮,0x2558C8,0x0010,0x0000,protected_or_nonstandard,
Auto_ThanLong_obfusca.exe,278,KhungCode_Auto.AccountInfo,get_UserName,0x256F74,0x0886,0x0000,valid_il_header,
Auto_ThanLong_obfusca.exe,279,KhungCode_Auto.AccountInfo,set_UserName,0x256FD0,0x0886,0x0008,valid_il_header,
Auto_ThanLong_obfusca.exe,280,KhungCode_Auto.AccountInfo,get_Cum_Server,0x257034,0x0886,0x0000,protected_or_nonstandard,account_login
Auto_ThanLong_obfusca.exe,281,KhungCode_Auto.AccountInfo,set_Cum_Server,0x257090,0x0886,0x0008,protected_or_nonstandard,account_login
Auto_ThanLong_obfusca.exe,282,KhungCode_Auto.AccountInfo,get_STT_Server,0x2570F4,0x0886,0x0000,valid_il_header,account_login
Auto_ThanLong_obfusca.exe,283,KhungCode_Auto.AccountInfo,set_STT_Server,0x257150,0x0886,0x0008,protected_or_nonstandard,account_login
Auto_ThanLong_obfusca.exe,284,KhungCode_Auto.AccountInfo,get_toadoX,0x257178,0x0886,0x0000,protected_or_nonstandard,travel_navigation
Auto_ThanLong_obfusca.exe,285,KhungCode_Auto.AccountInfo,set_toadoX,0x2571C0,0x0886,0x0008,protected_or_nonstandard,travel_navigation
Auto_ThanLong_obfusca.exe,286,KhungCode_Auto.AccountInfo,get_toadoY,0x257214,0x0886,0x0000,protected_or_nonstandard,travel_navigation
Auto_ThanLong_obfusca.exe,287,KhungCode_Auto.AccountInfo,set_toadoY,0x25725C,0x0886,0x0008,protected_or_nonstandard,travel_navigation
Auto_ThanLong_obfusca.exe,288,KhungCode_Auto.AccountInfo,get_FileLoginPath,0x257284,0x0886,0x0000,protected_or_nonstandard,
Auto_ThanLong_obfusca.exe,289,KhungCode_Auto.AccountInfo,set_FileLoginPath,0x25729C,0x0886,0x0008,valid_il_header,
Auto_ThanLong_obfusca.exe,290,KhungCode_Auto.AccountInfo,get_DataTho,0x2572F0,0x0886,0x0000,protected_or_nonstandard,
Auto_ThanLong_obfusca.exe,291,KhungCode_Auto.AccountInfo,set_DataTho,0x257338,0x0886,0x0008,protected_or_nonstandard,
Auto_ThanLong_obfusca.exe,292,KhungCode_Auto.AccountInfo,get_Password,0x25739C,0x0886,0x0000,valid_il_header,
Auto_ThanLong_obfusca.exe,293,KhungCode_Auto.AccountInfo,set_Password,0x2573B4,0x0886,0x0008,valid_il_header,
Auto_ThanLong_obfusca.exe,294,KhungCode_Auto.AccountInfo,get_Status,0x25742C,0x0886,0x0000,protected_or_nonstandard,
Auto_ThanLong_obfusca.exe,295,KhungCode_Auto.AccountInfo,set_Status,0x257474,0x0886,0x0008,valid_il_header,
Auto_ThanLong_obfusca.exe,296,KhungCode_Auto.AccountInfo,get_STT,0x2574D8,0x0886,0x0000,protected_or_nonstandard,
Auto_ThanLong_obfusca.exe,297,KhungCode_Auto.AccountInfo,set_STT,0x257534,0x0886,0x0008,protected_or_nonstandard,
Auto_ThanLong_obfusca.exe,298,KhungCode_Auto.AccountInfo,get_Color,0x257590,0x0886,0x0000,valid_il_header,
Auto_ThanLong_obfusca.exe,299,KhungCode_Auto.AccountInfo,set_Color,0x2575A8,0x0886,0x0008,protected_or_nonstandard,
Auto_ThanLong_obfusca.exe,300,KhungCode_Auto.AccountInfo,get_EStatus,0x25760C,0x0886,0x0000,valid_il_header,
Auto_ThanLong_obfusca.exe,301,KhungCode_Auto.AccountInfo,set_EStatus,0x257668,0x0886,0x0008,protected_or_nonstandard,
Auto_ThanLong_obfusca.exe,302,KhungCode_Auto.AccountInfo,get_IsSelected,0x257800,0x0886,0x0000,protected_or_nonstandard,
Auto_ThanLong_obfusca.exe,303,KhungCode_Auto.AccountInfo,set_IsSelected,0x25785C,0x0886,0x0008,protected_or_nonstandard,
Auto_ThanLong_obfusca.exe,304,KhungCode_Auto.AccountInfo,add_PropertyChanged,0x257884,0x09E6,0x0000,protected_or_nonstandard,
Auto_ThanLong_obfusca.exe,305,KhungCode_Auto.AccountInfo,remove_PropertyChanged,0x257914,0x09E6,0x0000,protected_or_nonstandard,
Auto_ThanLong_obfusca.exe,306,KhungCode_Auto.AccountInfo,OnPropertyChanged,0x257990,0x01C4,0x0000,protected_or_nonstandard,
Auto_ThanLong_obfusca.exe,307,KhungCode_Auto.AccountInfo,.ctor,0x257A68,0x1886,0x0000,protected_or_nonstandard,
Auto_ThanLong_obfusca.exe,308,KhungCode_Auto.AccountInfo,⁯‭‎‭⁮‏‪⁫⁭⁬⁯‍⁯‭⁯‪‭‫⁬⁮⁬⁫⁫‎⁬‪⁯​‫‭‮​‪‍⁫‬‌⁫⁯‏‮,0x253820,0x0010,0x0000,protected_or_nonstandard,
Auto_ThanLong_obfusca.exe,309,KhungCode_Auto.AccountInfo,‬‮‎⁮⁫‬‪‍​⁪⁪‬‏⁬‏‫‎⁬​‍⁭‌‏⁯​‫‮⁬⁯‏‪‮‪⁭‎⁯‏⁬⁭⁫‮,0x253834,0x0010,0x0000,protected_or_nonstandard,
Auto_ThanLong_obfusca.exe,310,KhungCode_Auto.AccountInfo,‭⁪‎‌⁮‏‫‭​⁬‭‎⁫‫⁯‮⁭‪‏‎‫⁪‮‪⁭‎‌‎⁬‮‮⁬⁯‎‎⁮⁮⁭‏‌‮,0x257AB0,0x0010,0x0000,protected_or_nonstandard,
Auto_ThanLong_obfusca.exe,311,KhungCode_Auto.App,InitializeComponent,0x257AC4,0x0086,0x0008,protected_or_nonstandard,
Auto_ThanLong_obfusca.exe,312,KhungCode_Auto.App,Main,0x257AEC,0x0096,0x0000,protected_or_nonstandard,
Auto_ThanLong_obfusca.exe,313,KhungCode_Auto.App,.ctor,0x257B40,0x1886,0x0000,protected_or_nonstandard,
Auto_ThanLong_obfusca.exe,314,KhungCode_Auto.App,⁬‏‪⁭⁫⁭⁭‌‭‍‫‬⁭⁬‭⁯⁪​⁮⁮​⁮​⁮⁫⁪⁫‫‍‍⁯‫​⁭‮⁪‫‌⁫‬‮,0x257B88,0x0010,0x0000,protected_or_nonstandard,
Auto_ThanLong_obfusca.exe,315,KhungCode_Auto.App,‍‏​⁭⁬⁫‍⁫⁮‍‫⁮‏⁮‫‮⁬‏‬⁬⁬‮⁫⁯‬‎‍‭⁭‪⁫‭⁫‪⁮​‎⁫‍⁫‮,0x257B9C,0x0010,0x0000,protected_or_nonstandard,
Auto_ThanLong_obfusca.exe,316,KhungCode_Auto.App,⁬⁬​‪‫​‎‪⁬⁯⁯⁯⁯​⁬‮⁯⁯‪⁪‪‫⁮⁮‭⁯‏‍‪‎⁫⁮⁭⁯⁪⁬‮‍⁪⁭‮,0x257BB0,0x0010,0x0000,valid_il_header,
Auto_ThanLong_obfusca.exe,317,KhungCode_Auto.CorinateStatus,get_status,0x257BC4,0x0886,0x0000,protected_or_nonstandard,
Auto_ThanLong_obfusca.exe,318,KhungCode_Auto.CorinateStatus,set_status,0x257BD8,0x0886,0x0000,valid_il_header,
Auto_ThanLong_obfusca.exe,319,KhungCode_Auto.CorinateStatus,get_request,0x257BEC,0x0886,0x0000,protected_or_nonstandard,
Auto_ThanLong_obfusca.exe,320,KhungCode_Auto.CorinateStatus,set_request,0x257C00,0x0886,0x0000,protected_or_nonstandard,
Auto_ThanLong_obfusca.exe,321,KhungCode_Auto.CorinateStatus,.ctor,0x254028,0x1886,0x0000,protected_or_nonstandard,
Auto_ThanLong_obfusca.exe,322,KhungCode_Auto.DeviceInfo,.ctor,0x257C14,0x1886,0x0000,protected_or_nonstandard,
Auto_ThanLong_obfusca.exe,323,KhungCode_Auto.DeviceInfo,get_ImageScreen,0x257C4C,0x0886,0x0000,protected_or_nonstandard,vision_perception
Auto_ThanLong_obfusca.exe,324,KhungCode_Auto.DeviceInfo,set_ImageScreen,0x257CA8,0x0886,0x0008,valid_il_header,vision_perception
Auto_ThanLong_obfusca.exe,325,KhungCode_Auto.DeviceInfo,get_phanloaithucan,0x257CFC,0x0886,0x0000,valid_il_header,pet_mount
Auto_ThanLong_obfusca.exe,326,KhungCode_Auto.DeviceInfo,set_phanloaithucan,0x257D58,0x0886,0x0008,protected_or_nonstandard,pet_mount
Auto_ThanLong_obfusca.exe,327,KhungCode_Auto.DeviceInfo,get_catdovaokho,0x257DAC,0x0886,0x0000,protected_or_nonstandard,storage
Auto_ThanLong_obfusca.exe,328,KhungCode_Auto.DeviceInfo,set_catdovaokho,0x257DF4,0x0886,0x0008,protected_or_nonstandard,storage
Auto_ThanLong_obfusca.exe,329,KhungCode_Auto.DeviceInfo,get_x2,0x257E50,0x0886,0x0000,protected_or_nonstandard,
Auto_ThanLong_obfusca.exe,330,KhungCode_Auto.DeviceInfo,set_x2,0x257EAC,0x0886,0x0008,protected_or_nonstandard,
Auto_ThanLong_obfusca.exe,331,KhungCode_Auto.DeviceInfo,get_sttTEAM,0x257F00,0x0886,0x0000,valid_il_header,
Auto_ThanLong_obfusca.exe,332,KhungCode_Auto.DeviceInfo,set_sttTEAM,0x257F5C,0x0886,0x0008,protected_or_nonstandard,
Auto_ThanLong_obfusca.exe,333,KhungCode_Auto.DeviceInfo,get_dichuyen,0x257F84,0x0886,0x0000,protected_or_nonstandard,travel_navigation
Auto_ThanLong_obfusca.exe,334,KhungCode_Auto.DeviceInfo,set_dichuyen,0x257FE0,0x0886,0x0008,protected_or_nonstandard,travel_navigation
Auto_ThanLong_obfusca.exe,335,KhungCode_Auto.DeviceInfo,get_fullpt,0x258044,0x0886,0x0000,valid_il_header,
Auto_ThanLong_obfusca.exe,336,KhungCode_Auto.DeviceInfo,set_fullpt,0x25808C,0x0886,0x0008,valid_il_header,
Auto_ThanLong_obfusca.exe,337,KhungCode_Auto.DeviceInfo,get_coitemphu,0x2580E0,0x0886,0x0000,protected_or_nonstandard,
Auto_ThanLong_obfusca.exe,338,KhungCode_Auto.DeviceInfo,set_coitemphu,0x258128,0x0886,0x0008,protected_or_nonstandard,
Auto_ThanLong_obfusca.exe,339,KhungCode_Auto.DeviceInfo,get_coitemngua,0x25817C,0x0886,0x0000,protected_or_nonstandard,
Auto_ThanLong_obfusca.exe,340,KhungCode_Auto.DeviceInfo,set_coitemngua,0x258194,0x0886,0x0008,protected_or_nonstandard,
Auto_ThanLong_obfusca.exe,341,KhungCode_Auto.DeviceInfo,get_TRANGTHAI_THUYLAO,0x25820C,0x0886,0x0000,protected_or_nonstandard,activity_thuylao
Auto_ThanLong_obfusca.exe,342,KhungCode_Auto.DeviceInfo,set_TRANGTHAI_THUYLAO,0x258268,0x0886,0x0008,protected_or_nonstandard,activity_thuylao
Auto_ThanLong_obfusca.exe,343,KhungCode_Auto.DeviceInfo,get_TRANGTHAITIMACTAC,0x258290,0x0886,0x0000,protected_or_nonstandard,activity_actac
Auto_ThanLong_obfusca.exe,344,KhungCode_Auto.DeviceInfo,set_TRANGTHAITIMACTAC,0x2582A8,0x0886,0x0008,protected_or_nonstandard,activity_actac
Auto_ThanLong_obfusca.exe,345,KhungCode_Auto.DeviceInfo,get_TRANGTHAI_TRUNGAC,0x258320,0x0886,0x0000,protected_or_nonstandard,
Auto_ThanLong_obfusca.exe,346,KhungCode_Auto.DeviceInfo,set_TRANGTHAI_TRUNGAC,0x258368,0x0886,0x0008,protected_or_nonstandard,
Auto_ThanLong_obfusca.exe,347,KhungCode_Auto.DeviceInfo,get_isTA,0x2583BC,0x0886,0x0000,protected_or_nonstandard,
Auto_ThanLong_obfusca.exe,348,KhungCode_Auto.DeviceInfo,set_isTA,0x258404,0x0886,0x0008,valid_il_header,
Auto_ThanLong_obfusca.exe,349,KhungCode_Auto.DeviceInfo,get_TRANGTHAI_TRAIN,0x25847C,0x0886,0x0000,valid_il_header,
Auto_ThanLong_obfusca.exe,350,KhungCode_Auto.DeviceInfo,set_TRANGTHAI_TRAIN,0x2584C4,0x0886,0x0008,protected_or_nonstandard,
Auto_ThanLong_obfusca.exe,351,KhungCode_Auto.DeviceInfo,get_TRANGTHAI_CHINHTUYEN,0x258518,0x0886,0x0000,protected_or_nonstandard,
Auto_ThanLong_obfusca.exe,352,KhungCode_Auto.DeviceInfo,set_TRANGTHAI_CHINHTUYEN,0x258574,0x0886,0x0008,protected_or_nonstandard,
Auto_ThanLong_obfusca.exe,353,KhungCode_Auto.DeviceInfo,get_TRANGTHAI_ACTAC,0x25859C,0x0886,0x0000,valid_il_header,activity_actac
Auto_ThanLong_obfusca.exe,354,KhungCode_Auto.DeviceInfo,set_TRANGTHAI_ACTAC,0x2585E4,0x0886,0x0008,protected_or_nonstandard,activity_actac
Auto_ThanLong_obfusca.exe,355,KhungCode_Auto.DeviceInfo,get_slmisstrungac,0x25860C,0x0886,0x0000,protected_or_nonstandard,
Auto_ThanLong_obfusca.exe,356,KhungCode_Auto.DeviceInfo,set_slmisstrungac,0x258654,0x0886,0x0008,valid_il_header,
Auto_ThanLong_obfusca.exe,357,KhungCode_Auto.DeviceInfo,get_sldisgame,0x2586A8,0x0886,0x0000,protected_or_nonstandard,
Auto_ThanLong_obfusca.exe,358,KhungCode_Auto.DeviceInfo,set_sldisgame,0x258704,0x0886,0x0008,protected_or_nonstandard,
Auto_ThanLong_obfusca.exe,359,KhungCode_Auto.DeviceInfo,get_slCAPTCHA,0x258768,0x0886,0x0000,valid_il_header,captcha
Auto_ThanLong_obfusca.exe,360,KhungCode_Auto.DeviceInfo,set_slCAPTCHA,0x258780,0x0886,0x0008,valid_il_header,captcha
Auto_ThanLong_obfusca.exe,361,KhungCode_Auto.DeviceInfo,get_tenmaptrain,0x2587E4,0x0886,0x0000,protected_or_nonstandard,train_combat
Auto_ThanLong_obfusca.exe,362,KhungCode_Auto.DeviceInfo,set_tenmaptrain,0x258840,0x0886,0x0008,protected_or_nonstandard,train_combat
Auto_ThanLong_obfusca.exe,363,KhungCode_Auto.DeviceInfo,get_toado_actac,0x2588A4,0x0886,0x0000,valid_il_header,activity_actac;travel_navigation
Auto_ThanLong_obfusca.exe,364,KhungCode_Auto.DeviceInfo,set_toado_actac,0x2588EC,0x0886,0x0008,valid_il_header,activity_actac;travel_navigation
Auto_ThanLong_obfusca.exe,365,KhungCode_Auto.DeviceInfo,get_isKEY,0x258950,0x0886,0x0000,protected_or_nonstandard,
Auto_ThanLong_obfusca.exe,366,KhungCode_Auto.DeviceInfo,set_isKEY,0x2589AC,0x0886,0x0008,valid_il_header,
Auto_ThanLong_obfusca.exe,367,KhungCode_Auto.DeviceInfo,get_isKO,0x258A00,0x0886,0x0000,protected_or_nonstandard,
Auto_ThanLong_obfusca.exe,368,KhungCode_Auto.DeviceInfo,set_isKO,0x258A48,0x0886,0x0008,protected_or_nonstandard,
Auto_ThanLong_obfusca.exe,369,KhungCode_Auto.DeviceInfo,.ctor,0x258AA4,0x1886,0x0000,protected_or_nonstandard,
Auto_ThanLong_obfusca.exe,370,KhungCode_Auto.DeviceInfo,get_QuestThread,0x258ACC,0x0886,0x0000,protected_or_nonstandard,core_orchestration;quest_level
Auto_ThanLong_obfusca.exe,371,KhungCode_Auto.DeviceInfo,set_QuestThread,0x258B14,0x0886,0x0008,protected_or_nonstandard,core_orchestration;quest_level
Auto_ThanLong_obfusca.exe,372,KhungCode_Auto.DeviceInfo,get_CheckQuestThread,0x258B8C,0x0886,0x0000,protected_or_nonstandard,core_orchestration;quest_level
Auto_ThanLong_obfusca.exe,373,KhungCode_Auto.DeviceInfo,set_CheckQuestThread,0x258BE8,0x0886,0x0008,protected_or_nonstandard,core_orchestration;quest_level
Auto_ThanLong_obfusca.exe,374,KhungCode_Auto.DeviceInfo,get_IsSelectAllQuest,0x258C4C,0x0886,0x0000,protected_or_nonstandard,quest_level
Auto_ThanLong_obfusca.exe,375,KhungCode_Auto.DeviceInfo,set_IsSelectAllQuest,0x258C94,0x0886,0x0008,protected_or_nonstandard,quest_level
Auto_ThanLong_obfusca.exe,376,KhungCode_Auto.DeviceInfo,get_CurrentAccountIndex,0x258E18,0x0886,0x0000,protected_or_nonstandard,
Auto_ThanLong_obfusca.exe,377,KhungCode_Auto.DeviceInfo,set_CurrentAccountIndex,0x258E74,0x0886,0x0008,protected_or_nonstandard,
Auto_ThanLong_obfusca.exe,378,KhungCode_Auto.DeviceInfo,get_Quest,0x258EEC,0x0886,0x0000,valid_il_header,quest_level
Auto_ThanLong_obfusca.exe,379,KhungCode_Auto.DeviceInfo,set_Quest,0x258F34,0x0886,0x0008,protected_or_nonstandard,quest_level
Auto_ThanLong_obfusca.exe,380,KhungCode_Auto.DeviceInfo,get_Accounts,0x258F90,0x0886,0x0000,valid_il_header,
Auto_ThanLong_obfusca.exe,381,KhungCode_Auto.DeviceInfo,set_Accounts,0x258FEC,0x0886,0x0008,protected_or_nonstandard,
Auto_ThanLong_obfusca.exe,382,KhungCode_Auto.DeviceInfo,get_IsRuningQuest,0x259050,0x0886,0x0000,protected_or_nonstandard,quest_level
Auto_ThanLong_obfusca.exe,383,KhungCode_Auto.DeviceInfo,set_IsRuningQuest,0x259098,0x0886,0x0008,protected_or_nonstandard,quest_level
Auto_ThanLong_obfusca.exe,384,KhungCode_Auto.DeviceInfo,get_DeviceHandle,0x2590C0,0x0886,0x0000,valid_il_header,
Auto_ThanLong_obfusca.exe,385,KhungCode_Auto.DeviceInfo,set_DeviceHandle,0x2590D8,0x0886,0x0008,protected_or_nonstandard,
Auto_ThanLong_obfusca.exe,386,KhungCode_Auto.DeviceInfo,get_DeviceID,0x25912C,0x0886,0x0000,protected_or_nonstandard,
Auto_ThanLong_obfusca.exe,387,KhungCode_Auto.DeviceInfo,set_DeviceID,0x259188,0x0886,0x0008,valid_il_header,
Auto_ThanLong_obfusca.exe,388,KhungCode_Auto.DeviceInfo,get_DeviceName,0x2591B0,0x0886,0x0000,protected_or_nonstandard,
Auto_ThanLong_obfusca.exe,389,KhungCode_Auto.DeviceInfo,set_DeviceName,0x25920C,0x0886,0x0008,valid_il_header,
Auto_ThanLong_obfusca.exe,390,KhungCode_Auto.DeviceInfo,get_Status,0x259270,0x0886,0x0000,valid_il_header,
Auto_ThanLong_obfusca.exe,391,KhungCode_Auto.DeviceInfo,set_Status,0x2592B8,0x0886,0x0008,valid_il_header,
Auto_ThanLong_obfusca.exe,392,KhungCode_Auto.DeviceInfo,get_taikhoan,0x25930C,0x0886,0x0000,protected_or_nonstandard,account_login
Auto_ThanLong_obfusca.exe,393,KhungCode_Auto.DeviceInfo,set_taikhoan,0x259354,0x0886,0x0008,valid_il_header,account_login
Auto_ThanLong_obfusca.exe,394,KhungCode_Auto.DeviceInfo,get_matkhau,0x2593B8,0x0886,0x0000,valid_il_header,account_login
Auto_ThanLong_obfusca.exe,395,KhungCode_Auto.DeviceInfo,set_matkhau,0x259400,0x0886,0x0008,protected_or_nonstandard,account_login
Auto_ThanLong_obfusca.exe,396,KhungCode_Auto.DeviceInfo,get_cumsv,0x259428,0x0886,0x0000,valid_il_header,
Auto_ThanLong_obfusca.exe,397,KhungCode_Auto.DeviceInfo,set_cumsv,0x259470,0x0886,0x0008,protected_or_nonstandard,
Auto_ThanLong_obfusca.exe,398,KhungCode_Auto.DeviceInfo,get_sever,0x259498,0x0886,0x0000,protected_or_nonstandard,
Auto_ThanLong_obfusca.exe,399,KhungCode_Auto.DeviceInfo,set_sever,0x2594E0,0x0886,0x0008,protected_or_nonstandard,
Auto_ThanLong_obfusca.exe,400,KhungCode_Auto.DeviceInfo,get_toadoTRENBANG,0x259544,0x0886,0x0000,valid_il_header,travel_navigation
Auto_ThanLong_obfusca.exe,401,KhungCode_Auto.DeviceInfo,set_toadoTRENBANG,0x2595A0,0x0886,0x0008,protected_or_nonstandard,travel_navigation
Auto_ThanLong_obfusca.exe,402,KhungCode_Auto.DeviceInfo,get_toadoX,0x259604,0x0886,0x0000,protected_or_nonstandard,travel_navigation
Auto_ThanLong_obfusca.exe,403,KhungCode_Auto.DeviceInfo,set_toadoX,0x259660,0x0886,0x0008,protected_or_nonstandard,travel_navigation
Auto_ThanLong_obfusca.exe,404,KhungCode_Auto.DeviceInfo,get_toadoY,0x259688,0x0886,0x0000,protected_or_nonstandard,travel_navigation
Auto_ThanLong_obfusca.exe,405,KhungCode_Auto.DeviceInfo,set_toadoY,0x2596D0,0x0886,0x0008,protected_or_nonstandard,travel_navigation
Auto_ThanLong_obfusca.exe,406,KhungCode_Auto.DeviceInfo,get_toadoclickX,0x259734,0x0886,0x0000,valid_il_header,travel_navigation
Auto_ThanLong_obfusca.exe,407,KhungCode_Auto.DeviceInfo,set_toadoclickX,0x25977C,0x0886,0x0008,valid_il_header,travel_navigation
Auto_ThanLong_obfusca.exe,408,KhungCode_Auto.DeviceInfo,get_DIS,0x2597D8,0x0886,0x0000,protected_or_nonstandard,
Auto_ThanLong_obfusca.exe,409,KhungCode_Auto.DeviceInfo,set_DIS,0x259834,0x0886,0x0008,protected_or_nonstandard,
Auto_ThanLong_obfusca.exe,410,KhungCode_Auto.DeviceInfo,get_IsSelected,0x259888,0x0886,0x0000,protected_or_nonstandard,
Auto_ThanLong_obfusca.exe,411,KhungCode_Auto.DeviceInfo,set_IsSelected,0x2598E4,0x0886,0x0008,protected_or_nonstandard,
Auto_ThanLong_obfusca.exe,412,KhungCode_Auto.DeviceInfo,get_Color,0x259948,0x0886,0x0000,valid_il_header,
Auto_ThanLong_obfusca.exe,413,KhungCode_Auto.DeviceInfo,set_Color,0x2599A4,0x0886,0x0008,valid_il_header,
Auto_ThanLong_obfusca.exe,414,KhungCode_Auto.DeviceInfo,get_EStatus,0x259A00,0x0886,0x0000,protected_or_nonstandard,
Auto_ThanLong_obfusca.exe,415,KhungCode_Auto.DeviceInfo,set_EStatus,0x259A48,0x0886,0x0008,protected_or_nonstandard,
Auto_ThanLong_obfusca.exe,416,KhungCode_Auto.DeviceInfo,get_toado1,0x259B88,0x0886,0x0000,protected_or_nonstandard,travel_navigation
Auto_ThanLong_obfusca.exe,417,KhungCode_Auto.DeviceInfo,set_toado1,0x259BD0,0x0886,0x0008,valid_il_header,travel_navigation
Auto_ThanLong_obfusca.exe,418,KhungCode_Auto.DeviceInfo,add_PropertyChanged,0x259C24,0x09E6,0x0000,protected_or_nonstandard,
Auto_ThanLong_obfusca.exe,419,KhungCode_Auto.DeviceInfo,remove_PropertyChanged,0x259CB4,0x09E6,0x0000,valid_il_header,
Auto_ThanLong_obfusca.exe,420,KhungCode_Auto.DeviceInfo,OnPropertyChanged,0x259D44,0x01C4,0x0000,valid_il_header,
Auto_ThanLong_obfusca.exe,421,KhungCode_Auto.DeviceInfo,‪‎⁯⁫‪‮⁫‭‭⁭⁮‌‏‌‍⁮​‏‬‎⁮‍⁭‍⁬⁭‌‪‌‫⁭‍⁮‏‮⁬‫​‪⁬‮,0x259DEC,0x0010,0x0000,protected_or_nonstandard,
Auto_ThanLong_obfusca.exe,422,KhungCode_Auto.DeviceInfo,‬‬‮⁮​‌⁫⁯​⁮⁬‭‬‭​‭‏⁭​⁬‪‫‬‭‫⁯‌‍‮⁭‍‭‫​‍‮⁪‮‍‍‮,0x2558C8,0x0010,0x0000,protected_or_nonstandard,
Auto_ThanLong_obfusca.exe,423,KhungCode_Auto.DeviceInfo,⁫‏‌‪⁯‬⁯‮⁭‏⁬‮‍‮‌​‏⁭⁪‭⁭⁬‬⁮‏‌‭‍‌‏⁯⁫‭‏‮⁬‏‎‬⁭‮,0x253820,0x0010,0x0000,protected_or_nonstandard,
Auto_ThanLong_obfusca.exe,424,KhungCode_Auto.DeviceInfo,⁭‪⁮‫‎‏‮‎‮⁪‮‭⁯‍⁮⁯⁬‮‮‪‎⁫⁭‎⁯⁭⁯‬⁬⁫‬‍‬‭‍‫⁬‏‫‬‮,0x253834,0x0010,0x0000,protected_or_nonstandard,
Auto_ThanLong_obfusca.exe,425,KhungCode_Auto.DeviceInfo,‮⁯‏‪⁪‫‭‫‍⁪‌‭‍⁭‭‮‬‪‪‫‭⁭⁯⁬‏​⁫⁮‫‫⁯​‭‭​‫‍‭⁭‫‮,0x257AB0,0x0010,0x0000,protected_or_nonstandard,
Auto_ThanLong_obfusca.exe,426,KhungCode_Auto.item,get_version,0x259E00,0x0886,0x0000,protected_or_nonstandard,
Auto_ThanLong_obfusca.exe,427,KhungCode_Auto.item,set_version,0x259E48,0x0886,0x0000,protected_or_nonstandard,
Auto_ThanLong_obfusca.exe,428,KhungCode_Auto.item,get_url,0x259E60,0x0886,0x0000,valid_il_header,
Auto_ThanLong_obfusca.exe,429,KhungCode_Auto.item,set_url,0x259EA8,0x0886,0x0000,protected_or_nonstandard,
Auto_ThanLong_obfusca.exe,430,KhungCode_Auto.item,get_changelog,0x259EC0,0x0886,0x0000,protected_or_nonstandard,
Auto_ThanLong_obfusca.exe,431,KhungCode_Auto.item,set_changelog,0x259F08,0x0886,0x0000,protected_or_nonstandard,
Auto_ThanLong_obfusca.exe,432,KhungCode_Auto.item,get_mandatory,0x259F20,0x0886,0x0000,valid_il_header,
Auto_ThanLong_obfusca.exe,433,KhungCode_Auto.item,set_mandatory,0x259F68,0x0886,0x0000,valid_il_header,
Auto_ThanLong_obfusca.exe,434,KhungCode_Auto.item,.ctor,0x254028,0x1886,0x0000,protected_or_nonstandard,
Auto_ThanLong_obfusca.exe,435,KhungCode_Auto.LogIn,.ctor,0x259FB0,0x1886,0x0000,protected_or_nonstandard,
Auto_ThanLong_obfusca.exe,436,KhungCode_Auto.LogIn,.ctor,0x25A028,0x1886,0x0000,protected_or_nonstandard,
Auto_ThanLong_obfusca.exe,437,KhungCode_Auto.LogIn,LogIn_Closing,0x25A07C,0x0081,0x0000,protected_or_nonstandard,
Auto_ThanLong_obfusca.exe,438,KhungCode_Auto.LogIn,Button_Click,0x25A134,0x0081,0x0000,protected_or_nonstandard,
Auto_ThanLong_obfusca.exe,439,KhungCode_Auto.LogIn,Window_Loaded,0x25A1F0,0x0081,0x0000,protected_or_nonstandard,
Auto_ThanLong_obfusca.exe,440,KhungCode_Auto.LogIn,InitializeComponent,0x25A27C,0x01E6,0x0008,protected_or_nonstandard,
Auto_ThanLong_obfusca.exe,441,KhungCode_Auto.LogIn,System.Windows.Markup.IComponentConnector.Connect,0x25A358,0x01E1,0x0000,protected_or_nonstandard,
Auto_ThanLong_obfusca.exe,442,KhungCode_Auto.LogIn,‬‎⁭⁫⁫⁭⁮​⁬‫​​‍‍⁬‏‪‭‎‫‍​‌‪‫‏‪‍⁪‪‫‌⁬‍‭⁫‎‎⁯‎‮,0x25A4B4,0x0010,0x0000,protected_or_nonstandard,
Auto_ThanLong_obfusca.exe,443,KhungCode_Auto.LogIn,⁬⁪⁬‬‌​⁬‫⁯‪‪‏⁫‍⁯‏⁫⁬​‏‫⁯⁮‍‪⁭​​‫⁬⁮⁬‌⁬⁪‍⁭‪‎‪‮,0x255834,0x0010,0x0000,protected_or_nonstandard,
Auto_ThanLong_obfusca.exe,444,KhungCode_Auto.LogIn,‫⁬‮⁫⁪‍⁮​⁫‮‪‮⁬⁮‏⁬‏⁯​‎‍‏‍‍‭‌‫‏⁪‫‭‮⁬⁭⁫‬⁪⁪‫⁬‮,0x25A4C8,0x0010,0x0000,valid_il_header,
Auto_ThanLong_obfusca.exe,445,KhungCode_Auto.LogIn,‭‎‫⁪​‪⁭‪‮⁭⁭‎‮⁫⁬‍⁬‌⁬​‏⁫‍‬‏‬‬⁮⁮‫‭‎⁯‌⁫‭⁯⁫​‎‮,0x25A4DC,0x0010,0x0000,valid_il_header,
Auto_ThanLong_obfusca.exe,446,KhungCode_Auto.LogIn,‏‏⁭‏‌⁭‏​⁬⁭‎⁪‫⁮‫‌⁯⁭‏‬​⁬‏‭⁬‏⁯‫‬⁪‪‌⁪⁯‌‬⁫‮⁮‌‮,0x25A4F0,0x0010,0x0000,valid_il_header,
Auto_ThanLong_obfusca.exe,447,KhungCode_Auto.LogIn,‬⁫⁫‬⁬⁮⁬⁪⁫‍‬⁮‭‬‫⁬⁬⁯‪‏‫⁮‎‬‍‬⁮⁪‭‪​‭⁭⁮⁬⁯‫⁮‎⁮‮,0x25A504,0x0010,0x0000,protected_or_nonstandard,
Auto_ThanLong_obfusca.exe,448,KhungCode_Auto.LogIn,‏‎‌‌⁯‍‭‬‍‏‍⁫‏‍​⁭‌⁬⁯‏⁪‏​⁯‮‬⁮⁫⁭‭⁯‪⁫⁭⁫‬‭⁯‫‌‮,0x25A518,0x0010,0x0000,protected_or_nonstandard,
Auto_ThanLong_obfusca.exe,449,KhungCode_Auto.LogIn,‪‭​‍‏‬‬‎‏⁫‏⁫​‭⁯​‫⁬⁫⁭​‍‫⁯⁯‎⁫‍‍‏‬‏‮‏⁫⁮⁯‬‬‫‮,0x25A52C,0x0010,0x0000,protected_or_nonstandard,
Auto_ThanLong_obfusca.exe,450,KhungCode_Auto.LogIn,‍⁬⁯‪‮⁪‪‍‪‎‫⁪‎⁬⁭⁯​⁬‭⁭⁭⁮‬⁬‍‬⁭⁯⁭⁭⁪‍⁬‬⁫‫‫‭⁮‌‮,0x25A540,0x0010,0x0000,protected_or_nonstandard,
Auto_ThanLong_obfusca.exe,451,KhungCode_Auto.LogIn,‬‍‮⁬⁯‍​⁯‏⁬‏⁮‫‏⁫‍⁬⁬‬⁪⁯⁯‪‮​‪‍⁪‭⁭⁯​⁯‪⁯⁭⁭‌⁪‍‮,0x25A554,0x0010,0x0000,protected_or_nonstandard,
Auto_ThanLong_obfusca.exe,452,KhungCode_Auto.LogIn,‭​‫‮‎‌‏‍‌‌‌‏⁫‬⁪​‭⁬‭⁭‪⁭⁭⁮‪‏‍⁭‬⁯‏‮⁮​⁭‎⁮‎‭⁫‮,0x257B88,0x0010,0x0000,protected_or_nonstandard,
Auto_ThanLong_obfusca.exe,453,KhungCode_Auto.LogIn,‭‍‪‪‬‮‭⁬⁭⁪‍‬‏⁮‬‮‍⁬⁬⁭‭‫⁭‪‍‬‏‌‮‫⁫‌‬​⁫⁫‍‪‍⁫‮,0x25A568,0x0010,0x0000,protected_or_nonstandard,
Auto_ThanLong_obfusca.exe,454,KhungCode_Auto.LogIn,⁫‬⁬​⁬⁭⁯⁫‫‮‍⁫‬⁫‬⁬⁯⁪⁬‌‌‌‏⁭‭⁪‬⁫‍‏⁬‌‭⁮⁭‎‫‪‍‭‮,0x25A57C,0x0010,0x0000,protected_or_nonstandard,
Auto_ThanLong_obfusca.exe,455,KhungCode_Auto.LogIn,‬⁫⁫⁮‭‫‫‭‎‭‎‮‌‭‭‏‫‮​‫‌⁫​‏‏⁯⁯⁯⁭‪⁭‪‪⁪‭‫⁭⁫‬‏‮,0x25A590,0x0010,0x0000,protected_or_nonstandard,
Auto_ThanLong_obfusca.exe,456,<>c,.cctor,0x25A5A4,0x1891,0x0000,protected_or_nonstandard,
Auto_ThanLong_obfusca.exe,457,<>c,.ctor,0x254028,0x1886,0x0000,protected_or_nonstandard,
Auto_ThanLong_obfusca.exe,458,<>c,<LogIn_Closing>b__4_0,0x25A5BC,0x0083,0x0000,valid_il_header,
Auto_ThanLong_obfusca.exe,459,<>c,‌⁯⁯‫⁯​⁬‎‮‎‫⁭‭‍⁫‬‮‮⁪‎​‪⁯⁯​⁫⁪‮‭‫‌⁭​‮‪‍‍‬‫‌‮,0x25A5D4,0x0010,0x0000,valid_il_header,
Auto_ThanLong_obfusca.exe,460,<>c__DisplayClass5_0,.ctor,0x254028,0x1886,0x0000,protected_or_nonstandard,
Auto_ThanLong_obfusca.exe,461,<>c__DisplayClass5_0,<Button_Click>b__0,0x25A5E8,0x0083,0x0000,protected_or_nonstandard,
Auto_ThanLong_obfusca.exe,462,<>c__DisplayClass5_0,<Button_Click>b__1,0x25A624,0x0083,0x0000,protected_or_nonstandard,
Auto_ThanLong_obfusca.exe,463,<>c__DisplayClass5_0,⁬​‏⁬⁮⁫‬​‭​⁬‬‭​‫⁫‪‍⁯⁭‌⁫‏⁭⁪⁮⁮⁪‪‭‭‪‭‌⁮⁮‌​‮‏‮,0x25A670,0x0010,0x0000,protected_or_nonstandard,
Auto_ThanLong_obfusca.exe,464,<<Button_Click>b__0>d,.ctor,0x25A684,0x1886,0x0000,protected_or_nonstandard,
Auto_ThanLong_obfusca.exe,465,<<Button_Click>b__0>d,MoveNext,0x25A6CC,0x01E1,0x0000,protected_or_nonstandard,
Auto_ThanLong_obfusca.exe,466,<<Button_Click>b__0>d,SetStateMachine,0x2557D4,0x01E1,0x0000,valid_il_header,
Auto_ThanLong_obfusca.exe,467,<<Button_Click>b__0>d,‬⁪⁭⁭‭⁬‫‏​‫‫‎⁬⁬‬⁮‍‌‏⁫‫‍​⁯​‪⁪‎⁭‏‏‫⁯‮‌​‌‮⁪‮‮,0x254CA0,0x0010,0x0000,valid_il_header,
Auto_ThanLong_obfusca.exe,468,<<Button_Click>b__0>d,⁯⁪‬‬‮‎‍⁪‪‎‭‌‌‭‫⁭‪‍‏⁪⁯⁪‌‫‪⁯‌​‏‮‌‫⁭‮⁭⁫⁭‌⁪‪‮,0x25A4C8,0x0010,0x0000,valid_il_header,
Auto_ThanLong_obfusca.exe,469,<<Button_Click>b__0>d,‮⁯⁫‮‌‪⁫‌‮‍⁪‎⁪⁫‭⁯⁬‪⁮‎⁬​‍‮‍‫‏‪‍‬‌⁬⁬⁬‎‭⁯⁬‪‏‮,0x25A4DC,0x0010,0x0000,valid_il_header,
Auto_ThanLong_obfusca.exe,470,<<Button_Click>b__0>d,⁭⁯‬⁯⁪⁭‍‪⁭‫⁯⁪⁬‍‬‫‎⁬⁪⁯⁪‭‪⁯⁬‭⁫‌‪‎⁯⁬⁫‏⁪‬⁫‭⁪⁯‮,0x25AC0C,0x0010,0x0000,protected_or_nonstandard,
Auto_ThanLong_obfusca.exe,471,KhungCode_Auto.LoginResponse,get_access_token,0x25AC20,0x0886,0x0000,protected_or_nonstandard,auth_update
Auto_ThanLong_obfusca.exe,472,KhungCode_Auto.LoginResponse,set_access_token,0x25AC34,0x0886,0x0000,protected_or_nonstandard,auth_update
Auto_ThanLong_obfusca.exe,473,KhungCode_Auto.LoginResponse,get_token_type,0x25AC48,0x0886,0x0000,valid_il_header,
Auto_ThanLong_obfusca.exe,474,KhungCode_Auto.LoginResponse,set_token_type,0x25AC5C,0x0886,0x0000,protected_or_nonstandard,
Auto_ThanLong_obfusca.exe,475,KhungCode_Auto.LoginResponse,get_expires_in,0x25AC70,0x0886,0x0000,protected_or_nonstandard,
Auto_ThanLong_obfusca.exe,476,KhungCode_Auto.LoginResponse,set_expires_in,0x25AC84,0x0886,0x0000,valid_il_header,
Auto_ThanLong_obfusca.exe,477,KhungCode_Auto.LoginResponse,get_userName,0x25AC98,0x0886,0x0000,protected_or_nonstandard,
Auto_ThanLong_obfusca.exe,478,KhungCode_Auto.LoginResponse,set_userName,0x25ACAC,0x0886,0x0000,valid_il_header,
Auto_ThanLong_obfusca.exe,479,KhungCode_Auto.LoginResponse,get_LoginStamp,0x25ACC0,0x0886,0x0000,protected_or_nonstandard,
Auto_ThanLong_obfusca.exe,480,KhungCode_Auto.LoginResponse,set_LoginStamp,0x25ACD4,0x0886,0x0000,protected_or_nonstandard,
Auto_ThanLong_obfusca.exe,481,KhungCode_Auto.LoginResponse,get_issued,0x25ACE8,0x0886,0x0000,protected_or_nonstandard,
Auto_ThanLong_obfusca.exe,482,KhungCode_Auto.LoginResponse,set_issued,0x25ACFC,0x0886,0x0000,protected_or_nonstandard,
Auto_ThanLong_obfusca.exe,483,KhungCode_Auto.LoginResponse,get_expires,0x25AD10,0x0886,0x0000,valid_il_header,
Auto_ThanLong_obfusca.exe,484,KhungCode_Auto.LoginResponse,set_expires,0x25AD24,0x0886,0x0000,protected_or_nonstandard,
Auto_ThanLong_obfusca.exe,485,KhungCode_Auto.LoginResponse,.ctor,0x25AD38,0x1886,0x0000,protected_or_nonstandard,
Auto_ThanLong_obfusca.exe,486,KhungCode_Auto.MainWindow,get_ListDevices,0x25AD80,0x0886,0x0000,valid_il_header,
Auto_ThanLong_obfusca.exe,487,KhungCode_Auto.MainWindow,set_ListDevices,0x25ADDC,0x0886,0x0008,protected_or_nonstandard,
Auto_ThanLong_obfusca.exe,488,KhungCode_Auto.MainWindow,get_Title_,0x25AE40,0x0886,0x0000,protected_or_nonstandard,
Auto_ThanLong_obfusca.exe,489,KhungCode_Auto.MainWindow,set_Title_,0x25AE88,0x0886,0x0008,protected_or_nonstandard,
Auto_ThanLong_obfusca.exe,490,KhungCode_Auto.MainWindow,get_API,0x25AEEC,0x0886,0x0000,protected_or_nonstandard,
Auto_ThanLong_obfusca.exe,491,KhungCode_Auto.MainWindow,set_API,0x25AF48,0x0886,0x0008,protected_or_nonstandard,
Auto_ThanLong_obfusca.exe,492,KhungCode_Auto.MainWindow,get_DoanChat,0x25AFA4,0x0886,0x0000,protected_or_nonstandard,
Auto_ThanLong_obfusca.exe,493,KhungCode_Auto.MainWindow,set_DoanChat,0x25B000,0x0886,0x0008,protected_or_nonstandard,
Auto_ThanLong_obfusca.exe,494,KhungCode_Auto.MainWindow,get_SelectedDevice,0x25B064,0x0886,0x0000,valid_il_header,
Auto_ThanLong_obfusca.exe,495,KhungCode_Auto.MainWindow,set_SelectedDevice,0x25B0AC,0x0886,0x0008,protected_or_nonstandard,
Auto_ThanLong_obfusca.exe,496,KhungCode_Auto.MainWindow,get_IsHenGio,0x25B0D4,0x0886,0x0000,valid_il_header,scheduler
Auto_ThanLong_obfusca.exe,497,KhungCode_Auto.MainWindow,set_IsHenGio,0x25B11C,0x0886,0x0008,valid_il_header,scheduler
Auto_ThanLong_obfusca.exe,498,KhungCode_Auto.MainWindow,get_Chuyendovaokho,0x25B194,0x0886,0x0000,protected_or_nonstandard,storage
Auto_ThanLong_obfusca.exe,499,KhungCode_Auto.MainWindow,set_Chuyendovaokho,0x25B1F0,0x0886,0x0008,valid_il_header,storage
Auto_ThanLong_obfusca.exe,500,KhungCode_Auto.MainWindow,get_vitrigdX,0x25B244,0x0886,0x0000,protected_or_nonstandard,trade_transfer
Auto_ThanLong_obfusca.exe,501,KhungCode_Auto.MainWindow,set_vitrigdX,0x25B28C,0x0886,0x0008,protected_or_nonstandard,trade_transfer
Auto_ThanLong_obfusca.exe,502,KhungCode_Auto.MainWindow,get_vitrigdY,0x25B2E8,0x0886,0x0000,valid_il_header,trade_transfer
Auto_ThanLong_obfusca.exe,503,KhungCode_Auto.MainWindow,set_vitrigdY,0x25B344,0x0886,0x0008,valid_il_header,trade_transfer
Auto_ThanLong_obfusca.exe,504,KhungCode_Auto.MainWindow,get_CHAT,0x25B3A8,0x0886,0x0000,protected_or_nonstandard,
Auto_ThanLong_obfusca.exe,505,KhungCode_Auto.MainWindow,set_CHAT,0x25B404,0x0886,0x0008,protected_or_nonstandard,
Auto_ThanLong_obfusca.exe,506,KhungCode_Auto.MainWindow,get_IDchat,0x25B468,0x0886,0x0000,protected_or_nonstandard,
Auto_ThanLong_obfusca.exe,507,KhungCode_Auto.MainWindow,set_IDchat,0x25B4C4,0x0886,0x0008,protected_or_nonstandard,
Auto_ThanLong_obfusca.exe,508,KhungCode_Auto.MainWindow,get_soluongdochoi,0x25B518,0x0886,0x0000,protected_or_nonstandard,consumable_shop
Auto_ThanLong_obfusca.exe,509,KhungCode_Auto.MainWindow,set_soluongdochoi,0x25B560,0x0886,0x0008,valid_il_header,consumable_shop
Auto_ThanLong_obfusca.exe,510,KhungCode_Auto.MainWindow,get_guikb,0x25B5C4,0x0886,0x0000,valid_il_header,
Auto_ThanLong_obfusca.exe,511,KhungCode_Auto.MainWindow,set_guikb,0x25B620,0x0886,0x0008,protected_or_nonstandard,
Auto_ThanLong_obfusca.exe,512,KhungCode_Auto.MainWindow,get_soluongthucan,0x25B684,0x0886,0x0000,protected_or_nonstandard,consumable_shop;pet_mount
Auto_ThanLong_obfusca.exe,513,KhungCode_Auto.MainWindow,set_soluongthucan,0x25B6E0,0x0886,0x0008,protected_or_nonstandard,consumable_shop;pet_mount
Auto_ThanLong_obfusca.exe,514,KhungCode_Auto.MainWindow,get_soluongmau,0x25B73C,0x0886,0x0000,protected_or_nonstandard,consumable_shop
Auto_ThanLong_obfusca.exe,515,KhungCode_Auto.MainWindow,set_soluongmau,0x25B754,0x0886,0x0008,protected_or_nonstandard,consumable_shop
Auto_ThanLong_obfusca.exe,516,KhungCode_Auto.MainWindow,get_soluongmana,0x25B7B8,0x0886,0x0000,protected_or_nonstandard,consumable_shop
Auto_ThanLong_obfusca.exe,517,KhungCode_Auto.MainWindow,set_soluongmana,0x25B814,0x0886,0x0008,protected_or_nonstandard,consumable_shop
Auto_ThanLong_obfusca.exe,518,KhungCode_Auto.MainWindow,get_chinhtuyen5x,0x25B870,0x0886,0x0000,protected_or_nonstandard,quest_level
Auto_ThanLong_obfusca.exe,519,KhungCode_Auto.MainWindow,set_chinhtuyen5x,0x25B8B8,0x0886,0x0008,protected_or_nonstandard,quest_level
Auto_ThanLong_obfusca.exe,520,KhungCode_Auto.MainWindow,get_muaitem,0x25B91C,0x0886,0x0000,valid_il_header,consumable_shop
Auto_ThanLong_obfusca.exe,521,KhungCode_Auto.MainWindow,set_muaitem,0x25B978,0x0886,0x0008,protected_or_nonstandard,consumable_shop
Auto_ThanLong_obfusca.exe,522,KhungCode_Auto.MainWindow,get_slgiaicaptcha,0x25B9CC,0x0886,0x0000,protected_or_nonstandard,captcha
Auto_ThanLong_obfusca.exe,523,KhungCode_Auto.MainWindow,set_slgiaicaptcha,0x25B9E4,0x0886,0x0008,protected_or_nonstandard,captcha
Auto_ThanLong_obfusca.exe,524,KhungCode_Auto.MainWindow,get_giaicaptcha,0x25BA0C,0x0886,0x0000,protected_or_nonstandard,captcha
Auto_ThanLong_obfusca.exe,525,KhungCode_Auto.MainWindow,set_giaicaptcha,0x25BA54,0x0886,0x0008,protected_or_nonstandard,captcha
Auto_ThanLong_obfusca.exe,526,KhungCode_Auto.MainWindow,get_x2,0x25BA7C,0x0886,0x0000,valid_il_header,
Auto_ThanLong_obfusca.exe,527,KhungCode_Auto.MainWindow,set_x2,0x25BAD8,0x0886,0x0008,protected_or_nonstandard,
Auto_ThanLong_obfusca.exe,528,KhungCode_Auto.MainWindow,get_loctrangbi,0x25BB3C,0x0886,0x0000,protected_or_nonstandard,inventory_sell
Auto_ThanLong_obfusca.exe,529,KhungCode_Auto.MainWindow,set_loctrangbi,0x25BB98,0x0886,0x0008,protected_or_nonstandard,inventory_sell
Auto_ThanLong_obfusca.exe,530,KhungCode_Auto.MainWindow,get_autodungmau,0x25BBFC,0x0886,0x0000,valid_il_header,heal_buff
Auto_ThanLong_obfusca.exe,531,KhungCode_Auto.MainWindow,set_autodungmau,0x25BC58,0x0886,0x0008,protected_or_nonstandard,heal_buff
Auto_ThanLong_obfusca.exe,532,KhungCode_Auto.MainWindow,get_phantramHP,0x25BC80,0x0886,0x0000,protected_or_nonstandard,heal_buff
Auto_ThanLong_obfusca.exe,533,KhungCode_Auto.MainWindow,set_phantramHP,0x25BCDC,0x0886,0x0008,protected_or_nonstandard,heal_buff
Auto_ThanLong_obfusca.exe,534,KhungCode_Auto.MainWindow,get_macdolv1,0x25BD30,0x0886,0x0000,valid_il_header,
Auto_ThanLong_obfusca.exe,535,KhungCode_Auto.MainWindow,set_macdolv1,0x25BD78,0x0886,0x0008,protected_or_nonstandard,
Auto_ThanLong_obfusca.exe,536,KhungCode_Auto.MainWindow,get_cleartrangbi,0x25BDD4,0x0886,0x0000,protected_or_nonstandard,inventory_sell
Auto_ThanLong_obfusca.exe,537,KhungCode_Auto.MainWindow,set_cleartrangbi,0x25BE1C,0x0886,0x0008,protected_or_nonstandard,inventory_sell
Auto_ThanLong_obfusca.exe,538,KhungCode_Auto.MainWindow,get_banitem,0x25BE94,0x0886,0x0000,protected_or_nonstandard,inventory_sell
Auto_ThanLong_obfusca.exe,539,KhungCode_Auto.MainWindow,set_banitem,0x25BEAC,0x0886,0x0008,valid_il_header,inventory_sell
Auto_ThanLong_obfusca.exe,540,KhungCode_Auto.MainWindow,get_chayTBD,0x25BED4,0x0886,0x0000,protected_or_nonstandard,activity_tbd
Auto_ThanLong_obfusca.exe,541,KhungCode_Auto.MainWindow,set_chayTBD,0x25BEEC,0x0886,0x0008,protected_or_nonstandard,activity_tbd
Auto_ThanLong_obfusca.exe,542,KhungCode_Auto.MainWindow,get_CONNECT,0x25BF14,0x0886,0x0000,protected_or_nonstandard,
Auto_ThanLong_obfusca.exe,543,KhungCode_Auto.MainWindow,set_CONNECT,0x25BF70,0x0886,0x0008,protected_or_nonstandard,
Auto_ThanLong_obfusca.exe,544,KhungCode_Auto.MainWindow,get_konhatnguyenlieu,0x25BFCC,0x0886,0x0000,protected_or_nonstandard,
Auto_ThanLong_obfusca.exe,545,KhungCode_Auto.MainWindow,set_konhatnguyenlieu,0x25C014,0x0886,0x0008,protected_or_nonstandard,
Auto_ThanLong_obfusca.exe,546,KhungCode_Auto.MainWindow,get_TEST,0x25C078,0x0886,0x0000,valid_il_header,
Auto_ThanLong_obfusca.exe,547,KhungCode_Auto.MainWindow,set_TEST,0x25C0D4,0x0886,0x0008,protected_or_nonstandard,
Auto_ThanLong_obfusca.exe,548,KhungCode_Auto.MainWindow,get_locthucuoi,0x25C138,0x0886,0x0000,protected_or_nonstandard,pet_mount
Auto_ThanLong_obfusca.exe,549,KhungCode_Auto.MainWindow,set_locthucuoi,0x25C180,0x0886,0x0008,protected_or_nonstandard,pet_mount
Auto_ThanLong_obfusca.exe,550,KhungCode_Auto.MainWindow,get_HDACTAC,0x25C1E4,0x0886,0x0000,protected_or_nonstandard,activity_actac
Auto_ThanLong_obfusca.exe,551,KhungCode_Auto.MainWindow,set_HDACTAC,0x25C1FC,0x0886,0x0008,protected_or_nonstandard,activity_actac
Auto_ThanLong_obfusca.exe,552,KhungCode_Auto.MainWindow,get_LV10,0x25C250,0x0886,0x0000,protected_or_nonstandard,quest_level
Auto_ThanLong_obfusca.exe,553,KhungCode_Auto.MainWindow,set_LV10,0x25C2AC,0x0886,0x0008,protected_or_nonstandard,quest_level
Auto_ThanLong_obfusca.exe,554,KhungCode_Auto.MainWindow,get_MAPACTAC,0x25C300,0x0886,0x0000,protected_or_nonstandard,activity_actac
Auto_ThanLong_obfusca.exe,555,KhungCode_Auto.MainWindow,set_MAPACTAC,0x25C35C,0x0886,0x0008,protected_or_nonstandard,activity_actac
Auto_ThanLong_obfusca.exe,556,KhungCode_Auto.MainWindow,get_vitrigiaodich,0x25C3B0,0x0886,0x0000,valid_il_header,trade_transfer
Auto_ThanLong_obfusca.exe,557,KhungCode_Auto.MainWindow,set_vitrigiaodich,0x25C40C,0x0886,0x0008,protected_or_nonstandard,trade_transfer
Auto_ThanLong_obfusca.exe,558,KhungCode_Auto.MainWindow,get_trangthaigd,0x25C484,0x0886,0x0000,protected_or_nonstandard,trade_transfer
Auto_ThanLong_obfusca.exe,559,KhungCode_Auto.MainWindow,set_trangthaigd,0x25C4E0,0x0886,0x0008,protected_or_nonstandard,trade_transfer
Auto_ThanLong_obfusca.exe,560,KhungCode_Auto.MainWindow,get_chuyenitem,0x25C558,0x0886,0x0000,protected_or_nonstandard,trade_transfer
Auto_ThanLong_obfusca.exe,561,KhungCode_Auto.MainWindow,set_chuyenitem,0x25C5B4,0x0886,0x0008,protected_or_nonstandard,trade_transfer
Auto_ThanLong_obfusca.exe,562,KhungCode_Auto.MainWindow,get_chuyenitemvang,0x25C618,0x0886,0x0000,protected_or_nonstandard,trade_transfer
Auto_ThanLong_obfusca.exe,563,KhungCode_Auto.MainWindow,set_chuyenitemvang,0x25C674,0x0886,0x0008,protected_or_nonstandard,trade_transfer
Auto_ThanLong_obfusca.exe,564,KhungCode_Auto.MainWindow,get_thuylao,0x25C6C8,0x0886,0x0000,protected_or_nonstandard,activity_thuylao
Auto_ThanLong_obfusca.exe,565,KhungCode_Auto.MainWindow,set_thuylao,0x25C6E0,0x0886,0x0008,valid_il_header,activity_thuylao
Auto_ThanLong_obfusca.exe,566,KhungCode_Auto.MainWindow,get_chuyen,0x25C734,0x0886,0x0000,protected_or_nonstandard,
Auto_ThanLong_obfusca.exe,567,KhungCode_Auto.MainWindow,set_chuyen,0x25C77C,0x0886,0x0008,protected_or_nonstandard,
Auto_ThanLong_obfusca.exe,568,KhungCode_Auto.MainWindow,get_locPT,0x25C7F4,0x0886,0x0000,valid_il_header,
Auto_ThanLong_obfusca.exe,569,KhungCode_Auto.MainWindow,set_locPT,0x25C850,0x0886,0x0008,valid_il_header,
Auto_ThanLong_obfusca.exe,570,KhungCode_Auto.MainWindow,get_vutalltrangbi,0x25C8B4,0x0886,0x0000,protected_or_nonstandard,
Auto_ThanLong_obfusca.exe,571,KhungCode_Auto.MainWindow,set_vutalltrangbi,0x25C910,0x0886,0x0008,protected_or_nonstandard,
Auto_ThanLong_obfusca.exe,572,KhungCode_Auto.MainWindow,get_sukien,0x25C988,0x0886,0x0000,protected_or_nonstandard,
Auto_ThanLong_obfusca.exe,573,KhungCode_Auto.MainWindow,set_sukien,0x25C9E4,0x0886,0x0008,valid_il_header,
Auto_ThanLong_obfusca.exe,574,KhungCode_Auto.MainWindow,get_TRAINLV,0x25CA38,0x0886,0x0000,protected_or_nonstandard,
Auto_ThanLong_obfusca.exe,575,KhungCode_Auto.MainWindow,set_TRAINLV,0x25CA80,0x0886,0x0008,protected_or_nonstandard,
Auto_ThanLong_obfusca.exe,576,KhungCode_Auto.MainWindow,get_autoPT,0x25CAF8,0x0886,0x0000,protected_or_nonstandard,party_follow
Auto_ThanLong_obfusca.exe,577,KhungCode_Auto.MainWindow,set_autoPT,0x25CB54,0x0886,0x0008,valid_il_header,party_follow
Auto_ThanLong_obfusca.exe,578,KhungCode_Auto.MainWindow,get_AUTOLOGIN,0x25CBCC,0x0886,0x0000,protected_or_nonstandard,account_login
Auto_ThanLong_obfusca.exe,579,KhungCode_Auto.MainWindow,set_AUTOLOGIN,0x25CBE4,0x0886,0x0008,protected_or_nonstandard,account_login
Auto_ThanLong_obfusca.exe,580,KhungCode_Auto.MainWindow,get_getTK,0x25CC38,0x0886,0x0000,protected_or_nonstandard,
Auto_ThanLong_obfusca.exe,581,KhungCode_Auto.MainWindow,set_getTK,0x25CC80,0x0886,0x0008,protected_or_nonstandard,
Auto_ThanLong_obfusca.exe,582,KhungCode_Auto.MainWindow,get_BAITRAIN_ALL,0x25CCF8,0x0886,0x0000,protected_or_nonstandard,train_combat
Auto_ThanLong_obfusca.exe,583,KhungCode_Auto.MainWindow,set_BAITRAIN_ALL,0x25CD54,0x0886,0x0008,protected_or_nonstandard,train_combat
Auto_ThanLong_obfusca.exe,584,KhungCode_Auto.MainWindow,get_BaiTrainSelected,0x25CDCC,0x0886,0x0000,protected_or_nonstandard,train_combat
Auto_ThanLong_obfusca.exe,585,KhungCode_Auto.MainWindow,set_BaiTrainSelected,0x25CDE4,0x0886,0x0008,protected_or_nonstandard,train_combat
Auto_ThanLong_obfusca.exe,586,KhungCode_Auto.MainWindow,get_BaiTrainAll,0x25CE48,0x0886,0x0000,protected_or_nonstandard,train_combat
Auto_ThanLong_obfusca.exe,587,KhungCode_Auto.MainWindow,set_BaiTrainAll,0x25CEA4,0x0886,0x0008,protected_or_nonstandard,train_combat
Auto_ThanLong_obfusca.exe,588,KhungCode_Auto.MainWindow,get_sellItem,0x25CECC,0x0886,0x0000,protected_or_nonstandard,inventory_sell
Auto_ThanLong_obfusca.exe,589,KhungCode_Auto.MainWindow,set_sellItem,0x25CF28,0x0886,0x0008,protected_or_nonstandard,inventory_sell
Auto_ThanLong_obfusca.exe,590,KhungCode_Auto.MainWindow,get_setupauto,0x25CF84,0x0886,0x0000,protected_or_nonstandard,
Auto_ThanLong_obfusca.exe,591,KhungCode_Auto.MainWindow,set_setupauto,0x25CFCC,0x0886,0x0008,protected_or_nonstandard,
Auto_ThanLong_obfusca.exe,592,KhungCode_Auto.MainWindow,get_dungitemphu,0x25CFF4,0x0886,0x0000,protected_or_nonstandard,
Auto_ThanLong_obfusca.exe,593,KhungCode_Auto.MainWindow,set_dungitemphu,0x25D050,0x0886,0x0008,valid_il_header,
Auto_ThanLong_obfusca.exe,594,KhungCode_Auto.MainWindow,get_trainlevelNEW,0x25D0B4,0x0886,0x0000,protected_or_nonstandard,train_combat
Auto_ThanLong_obfusca.exe,595,KhungCode_Auto.MainWindow,set_trainlevelNEW,0x25D0CC,0x0886,0x0008,protected_or_nonstandard,train_combat
Auto_ThanLong_obfusca.exe,596,KhungCode_Auto.MainWindow,get_danhytrilieu,0x25D120,0x0886,0x0000,valid_il_header,heal_buff
Auto_ThanLong_obfusca.exe,597,KhungCode_Auto.MainWindow,set_danhytrilieu,0x25D17C,0x0886,0x0008,valid_il_header,heal_buff
Auto_ThanLong_obfusca.exe,598,KhungCode_Auto.MainWindow,get_muaItem,0x25D1D0,0x0886,0x0000,protected_or_nonstandard,consumable_shop
Auto_ThanLong_obfusca.exe,599,KhungCode_Auto.MainWindow,set_muaItem,0x25D1E8,0x0886,0x0008,protected_or_nonstandard,consumable_shop
Auto_ThanLong_obfusca.exe,600,KhungCode_Auto.MainWindow,get_dungvang,0x25D24C,0x0886,0x0000,protected_or_nonstandard,trade_transfer
