assembly,declaring_type,property,getter_rid,getter_rva,setter_rid,setter_rva,feature_tags
Auto_ThanLong_obfusca.exe,Auto_ThanLong_Kteam_0789998118.KhungCode_Auto.Cons,AccessToken,215,0x254814,216,0x254828,
Auto_ThanLong_obfusca.exe,Auto_ThanLong_Kteam_0789998118.KhungCode_Auto.Cons,LoginStamp,217,0x25483C,218,0x254850,
Auto_ThanLong_obfusca.exe,Auto_ThanLong_Kteam_0789998118.KhungCode_Auto.Cons,UpdateURL,219,0x254864,220,0x254878,auth_update
Auto_ThanLong_obfusca.exe,KhungCode_Auto.AccountInfo,UserName,278,0x256F74,279,0x256FD0,
Auto_ThanLong_obfusca.exe,KhungCode_Auto.AccountInfo,Cum_Server,280,0x257034,281,0x257090,account_login
Auto_ThanLong_obfusca.exe,KhungCode_Auto.AccountInfo,STT_Server,282,0x2570F4,283,0x257150,account_login
Auto_ThanLong_obfusca.exe,KhungCode_Auto.AccountInfo,toadoX,284,0x257178,285,0x2571C0,travel_navigation
Auto_ThanLong_obfusca.exe,KhungCode_Auto.AccountInfo,toadoY,286,0x257214,287,0x25725C,travel_navigation
Auto_ThanLong_obfusca.exe,KhungCode_Auto.AccountInfo,FileLoginPath,288,0x257284,289,0x25729C,
Auto_ThanLong_obfusca.exe,KhungCode_Auto.AccountInfo,DataTho,290,0x2572F0,291,0x257338,
Auto_ThanLong_obfusca.exe,KhungCode_Auto.AccountInfo,Password,292,0x25739C,293,0x2573B4,
Auto_ThanLong_obfusca.exe,KhungCode_Auto.AccountInfo,Status,294,0x25742C,295,0x257474,
Auto_ThanLong_obfusca.exe,KhungCode_Auto.AccountInfo,STT,296,0x2574D8,297,0x257534,
Auto_ThanLong_obfusca.exe,KhungCode_Auto.AccountInfo,Color,298,0x257590,299,0x2575A8,
Auto_ThanLong_obfusca.exe,KhungCode_Auto.AccountInfo,EStatus,300,0x25760C,301,0x257668,
Auto_ThanLong_obfusca.exe,KhungCode_Auto.AccountInfo,IsSelected,302,0x257800,303,0x25785C,
Auto_ThanLong_obfusca.exe,KhungCode_Auto.CorinateStatus,status,317,0x257BC4,318,0x257BD8,
Auto_ThanLong_obfusca.exe,KhungCode_Auto.CorinateStatus,request,319,0x257BEC,320,0x257C00,
Auto_ThanLong_obfusca.exe,KhungCode_Auto.DeviceInfo,ImageScreen,323,0x257C4C,324,0x257CA8,vision_perception
Auto_ThanLong_obfusca.exe,KhungCode_Auto.DeviceInfo,phanloaithucan,325,0x257CFC,326,0x257D58,pet_mount
Auto_ThanLong_obfusca.exe,KhungCode_Auto.DeviceInfo,catdovaokho,327,0x257DAC,328,0x257DF4,storage
Auto_ThanLong_obfusca.exe,KhungCode_Auto.DeviceInfo,x2,329,0x257E50,330,0x257EAC,
Auto_ThanLong_obfusca.exe,KhungCode_Auto.DeviceInfo,sttTEAM,331,0x257F00,332,0x257F5C,
Auto_ThanLong_obfusca.exe,KhungCode_Auto.DeviceInfo,dichuyen,333,0x257F84,334,0x257FE0,travel_navigation
Auto_ThanLong_obfusca.exe,KhungCode_Auto.DeviceInfo,fullpt,335,0x258044,336,0x25808C,
Auto_ThanLong_obfusca.exe,KhungCode_Auto.DeviceInfo,coitemphu,337,0x2580E0,338,0x258128,
Auto_ThanLong_obfusca.exe,KhungCode_Auto.DeviceInfo,coitemngua,339,0x25817C,340,0x258194,
Auto_ThanLong_obfusca.exe,KhungCode_Auto.DeviceInfo,TRANGTHAI_THUYLAO,341,0x25820C,342,0x258268,activity_thuylao
Auto_ThanLong_obfusca.exe,KhungCode_Auto.DeviceInfo,TRANGTHAITIMACTAC,343,0x258290,344,0x2582A8,activity_actac
Auto_ThanLong_obfusca.exe,KhungCode_Auto.DeviceInfo,TRANGTHAI_TRUNGAC,345,0x258320,346,0x258368,
Auto_ThanLong_obfusca.exe,KhungCode_Auto.DeviceInfo,isTA,347,0x2583BC,348,0x258404,
Auto_ThanLong_obfusca.exe,KhungCode_Auto.DeviceInfo,TRANGTHAI_TRAIN,349,0x25847C,350,0x2584C4,
Auto_ThanLong_obfusca.exe,KhungCode_Auto.DeviceInfo,TRANGTHAI_CHINHTUYEN,351,0x258518,352,0x258574,
Auto_ThanLong_obfusca.exe,KhungCode_Auto.DeviceInfo,TRANGTHAI_ACTAC,353,0x25859C,354,0x2585E4,activity_actac
Auto_ThanLong_obfusca.exe,KhungCode_Auto.DeviceInfo,slmisstrungac,355,0x25860C,356,0x258654,
Auto_ThanLong_obfusca.exe,KhungCode_Auto.DeviceInfo,sldisgame,357,0x2586A8,358,0x258704,
Auto_ThanLong_obfusca.exe,KhungCode_Auto.DeviceInfo,slCAPTCHA,359,0x258768,360,0x258780,captcha
Auto_ThanLong_obfusca.exe,KhungCode_Auto.DeviceInfo,tenmaptrain,361,0x2587E4,362,0x258840,train_combat
Auto_ThanLong_obfusca.exe,KhungCode_Auto.DeviceInfo,toado_actac,363,0x2588A4,364,0x2588EC,activity_actac;travel_navigation
Auto_ThanLong_obfusca.exe,KhungCode_Auto.DeviceInfo,isKEY,365,0x258950,366,0x2589AC,
Auto_ThanLong_obfusca.exe,KhungCode_Auto.DeviceInfo,isKO,367,0x258A00,368,0x258A48,
Auto_ThanLong_obfusca.exe,KhungCode_Auto.DeviceInfo,QuestThread,370,0x258ACC,371,0x258B14,core_orchestration;quest_level
Auto_ThanLong_obfusca.exe,KhungCode_Auto.DeviceInfo,CheckQuestThread,372,0x258B8C,373,0x258BE8,core_orchestration;quest_level
Auto_ThanLong_obfusca.exe,KhungCode_Auto.DeviceInfo,IsSelectAllQuest,374,0x258C4C,375,0x258C94,quest_level
Auto_ThanLong_obfusca.exe,KhungCode_Auto.DeviceInfo,CurrentAccountIndex,376,0x258E18,377,0x258E74,
Auto_ThanLong_obfusca.exe,KhungCode_Auto.DeviceInfo,Quest,378,0x258EEC,379,0x258F34,quest_level
Auto_ThanLong_obfusca.exe,KhungCode_Auto.DeviceInfo,Accounts,380,0x258F90,381,0x258FEC,
Auto_ThanLong_obfusca.exe,KhungCode_Auto.DeviceInfo,IsRuningQuest,382,0x259050,383,0x259098,quest_level
Auto_ThanLong_obfusca.exe,KhungCode_Auto.DeviceInfo,DeviceHandle,384,0x2590C0,385,0x2590D8,
Auto_ThanLong_obfusca.exe,KhungCode_Auto.DeviceInfo,DeviceID,386,0x25912C,387,0x259188,
Auto_ThanLong_obfusca.exe,KhungCode_Auto.DeviceInfo,DeviceName,388,0x2591B0,389,0x25920C,
Auto_ThanLong_obfusca.exe,KhungCode_Auto.DeviceInfo,Status,390,0x259270,391,0x2592B8,
Auto_ThanLong_obfusca.exe,KhungCode_Auto.DeviceInfo,taikhoan,392,0x25930C,393,0x259354,account_login
Auto_ThanLong_obfusca.exe,KhungCode_Auto.DeviceInfo,matkhau,394,0x2593B8,395,0x259400,account_login
Auto_ThanLong_obfusca.exe,KhungCode_Auto.DeviceInfo,cumsv,396,0x259428,397,0x259470,
Auto_ThanLong_obfusca.exe,KhungCode_Auto.DeviceInfo,sever,398,0x259498,399,0x2594E0,
Auto_ThanLong_obfusca.exe,KhungCode_Auto.DeviceInfo,toadoTRENBANG,400,0x259544,401,0x2595A0,travel_navigation
Auto_ThanLong_obfusca.exe,KhungCode_Auto.DeviceInfo,toadoX,402,0x259604,403,0x259660,travel_navigation
Auto_ThanLong_obfusca.exe,KhungCode_Auto.DeviceInfo,toadoY,404,0x259688,405,0x2596D0,travel_navigation
Auto_ThanLong_obfusca.exe,KhungCode_Auto.DeviceInfo,toadoclickX,406,0x259734,407,0x25977C,travel_navigation
Auto_ThanLong_obfusca.exe,KhungCode_Auto.DeviceInfo,DIS,408,0x2597D8,409,0x259834,
Auto_ThanLong_obfusca.exe,KhungCode_Auto.DeviceInfo,IsSelected,410,0x259888,411,0x2598E4,
Auto_ThanLong_obfusca.exe,KhungCode_Auto.DeviceInfo,Color,412,0x259948,413,0x2599A4,
Auto_ThanLong_obfusca.exe,KhungCode_Auto.DeviceInfo,EStatus,414,0x259A00,415,0x259A48,
Auto_ThanLong_obfusca.exe,KhungCode_Auto.DeviceInfo,toado1,416,0x259B88,417,0x259BD0,travel_navigation
Auto_ThanLong_obfusca.exe,KhungCode_Auto.item,version,426,0x259E00,427,0x259E48,
Auto_ThanLong_obfusca.exe,KhungCode_Auto.item,url,428,0x259E60,429,0x259EA8,
Auto_ThanLong_obfusca.exe,KhungCode_Auto.item,changelog,430,0x259EC0,431,0x259F08,
Auto_ThanLong_obfusca.exe,KhungCode_Auto.item,mandatory,432,0x259F20,433,0x259F68,
Auto_ThanLong_obfusca.exe,KhungCode_Auto.LoginResponse,access_token,471,0x25AC20,472,0x25AC34,auth_update
Auto_ThanLong_obfusca.exe,KhungCode_Auto.LoginResponse,token_type,473,0x25AC48,474,0x25AC5C,
Auto_ThanLong_obfusca.exe,KhungCode_Auto.LoginResponse,expires_in,475,0x25AC70,476,0x25AC84,
Auto_ThanLong_obfusca.exe,KhungCode_Auto.LoginResponse,userName,477,0x25AC98,478,0x25ACAC,
Auto_ThanLong_obfusca.exe,KhungCode_Auto.LoginResponse,LoginStamp,479,0x25ACC0,480,0x25ACD4,
Auto_ThanLong_obfusca.exe,KhungCode_Auto.LoginResponse,issued,481,0x25ACE8,482,0x25ACFC,
Auto_ThanLong_obfusca.exe,KhungCode_Auto.LoginResponse,expires,483,0x25AD10,484,0x25AD24,
Auto_ThanLong_obfusca.exe,KhungCode_Auto.MainWindow,ListDevices,486,0x25AD80,487,0x25ADDC,
Auto_ThanLong_obfusca.exe,KhungCode_Auto.MainWindow,Title_,488,0x25AE40,489,0x25AE88,
Auto_ThanLong_obfusca.exe,KhungCode_Auto.MainWindow,API,490,0x25AEEC,491,0x25AF48,
Auto_ThanLong_obfusca.exe,KhungCode_Auto.MainWindow,DoanChat,492,0x25AFA4,493,0x25B000,
Auto_ThanLong_obfusca.exe,KhungCode_Auto.MainWindow,SelectedDevice,494,0x25B064,495,0x25B0AC,
Auto_ThanLong_obfusca.exe,KhungCode_Auto.MainWindow,IsHenGio,496,0x25B0D4,497,0x25B11C,scheduler
Auto_ThanLong_obfusca.exe,KhungCode_Auto.MainWindow,Chuyendovaokho,498,0x25B194,499,0x25B1F0,storage
Auto_ThanLong_obfusca.exe,KhungCode_Auto.MainWindow,vitrigdX,500,0x25B244,501,0x25B28C,trade_transfer
Auto_ThanLong_obfusca.exe,KhungCode_Auto.MainWindow,vitrigdY,502,0x25B2E8,503,0x25B344,trade_transfer
Auto_ThanLong_obfusca.exe,KhungCode_Auto.MainWindow,CHAT,504,0x25B3A8,505,0x25B404,
Auto_ThanLong_obfusca.exe,KhungCode_Auto.MainWindow,IDchat,506,0x25B468,507,0x25B4C4,
Auto_ThanLong_obfusca.exe,KhungCode_Auto.MainWindow,soluongdochoi,508,0x25B518,509,0x25B560,consumable_shop
Auto_ThanLong_obfusca.exe,KhungCode_Auto.MainWindow,guikb,510,0x25B5C4,511,0x25B620,
Auto_ThanLong_obfusca.exe,KhungCode_Auto.MainWindow,soluongthucan,512,0x25B684,513,0x25B6E0,consumable_shop;pet_mount
Auto_ThanLong_obfusca.exe,KhungCode_Auto.MainWindow,soluongmau,514,0x25B73C,515,0x25B754,consumable_shop
Auto_ThanLong_obfusca.exe,KhungCode_Auto.MainWindow,soluongmana,516,0x25B7B8,517,0x25B814,consumable_shop
Auto_ThanLong_obfusca.exe,KhungCode_Auto.MainWindow,chinhtuyen5x,518,0x25B870,519,0x25B8B8,quest_level
Auto_ThanLong_obfusca.exe,KhungCode_Auto.MainWindow,muaitem,520,0x25B91C,521,0x25B978,consumable_shop
Auto_ThanLong_obfusca.exe,KhungCode_Auto.MainWindow,slgiaicaptcha,522,0x25B9CC,523,0x25B9E4,captcha
Auto_ThanLong_obfusca.exe,KhungCode_Auto.MainWindow,giaicaptcha,524,0x25BA0C,525,0x25BA54,captcha
Auto_ThanLong_obfusca.exe,KhungCode_Auto.MainWindow,x2,526,0x25BA7C,527,0x25BAD8,
Auto_ThanLong_obfusca.exe,KhungCode_Auto.MainWindow,loctrangbi,528,0x25BB3C,529,0x25BB98,inventory_sell
Auto_ThanLong_obfusca.exe,KhungCode_Auto.MainWindow,autodungmau,530,0x25BBFC,531,0x25BC58,heal_buff
Auto_ThanLong_obfusca.exe,KhungCode_Auto.MainWindow,phantramHP,532,0x25BC80,533,0x25BCDC,heal_buff
Auto_ThanLong_obfusca.exe,KhungCode_Auto.MainWindow,macdolv1,534,0x25BD30,535,0x25BD78,
Auto_ThanLong_obfusca.exe,KhungCode_Auto.MainWindow,cleartrangbi,536,0x25BDD4,537,0x25BE1C,inventory_sell
Auto_ThanLong_obfusca.exe,KhungCode_Auto.MainWindow,banitem,538,0x25BE94,539,0x25BEAC,inventory_sell
Auto_ThanLong_obfusca.exe,KhungCode_Auto.MainWindow,chayTBD,540,0x25BED4,541,0x25BEEC,activity_tbd
Auto_ThanLong_obfusca.exe,KhungCode_Auto.MainWindow,CONNECT,542,0x25BF14,543,0x25BF70,
Auto_ThanLong_obfusca.exe,KhungCode_Auto.MainWindow,konhatnguyenlieu,544,0x25BFCC,545,0x25C014,
Auto_ThanLong_obfusca.exe,KhungCode_Auto.MainWindow,TEST,546,0x25C078,547,0x25C0D4,
Auto_ThanLong_obfusca.exe,KhungCode_Auto.MainWindow,locthucuoi,548,0x25C138,549,0x25C180,pet_mount
Auto_ThanLong_obfusca.exe,KhungCode_Auto.MainWindow,HDACTAC,550,0x25C1E4,551,0x25C1FC,activity_actac
Auto_ThanLong_obfusca.exe,KhungCode_Auto.MainWindow,LV10,552,0x25C250,553,0x25C2AC,quest_level
Auto_ThanLong_obfusca.exe,KhungCode_Auto.MainWindow,MAPACTAC,554,0x25C300,555,0x25C35C,activity_actac
Auto_ThanLong_obfusca.exe,KhungCode_Auto.MainWindow,vitrigiaodich,556,0x25C3B0,557,0x25C40C,trade_transfer
Auto_ThanLong_obfusca.exe,KhungCode_Auto.MainWindow,trangthaigd,558,0x25C484,559,0x25C4E0,trade_transfer
Auto_ThanLong_obfusca.exe,KhungCode_Auto.MainWindow,chuyenitem,560,0x25C558,561,0x25C5B4,trade_transfer
Auto_ThanLong_obfusca.exe,KhungCode_Auto.MainWindow,chuyenitemvang,562,0x25C618,563,0x25C674,trade_transfer
Auto_ThanLong_obfusca.exe,KhungCode_Auto.MainWindow,thuylao,564,0x25C6C8,565,0x25C6E0,activity_thuylao
Auto_ThanLong_obfusca.exe,KhungCode_Auto.MainWindow,chuyen,566,0x25C734,567,0x25C77C,
Auto_ThanLong_obfusca.exe,KhungCode_Auto.MainWindow,locPT,568,0x25C7F4,569,0x25C850,
Auto_ThanLong_obfusca.exe,KhungCode_Auto.MainWindow,vutalltrangbi,570,0x25C8B4,571,0x25C910,
Auto_ThanLong_obfusca.exe,KhungCode_Auto.MainWindow,sukien,572,0x25C988,573,0x25C9E4,
Auto_ThanLong_obfusca.exe,KhungCode_Auto.MainWindow,TRAINLV,574,0x25CA38,575,0x25CA80,
Auto_ThanLong_obfusca.exe,KhungCode_Auto.MainWindow,autoPT,576,0x25CAF8,577,0x25CB54,party_follow
Auto_ThanLong_obfusca.exe,KhungCode_Auto.MainWindow,AUTOLOGIN,578,0x25CBCC,579,0x25CBE4,account_login
Auto_ThanLong_obfusca.exe,KhungCode_Auto.MainWindow,getTK,580,0x25CC38,581,0x25CC80,
Auto_ThanLong_obfusca.exe,KhungCode_Auto.MainWindow,BAITRAIN_ALL,582,0x25CCF8,583,0x25CD54,train_combat
Auto_ThanLong_obfusca.exe,KhungCode_Auto.MainWindow,BaiTrainSelected,584,0x25CDCC,585,0x25CDE4,train_combat
Auto_ThanLong_obfusca.exe,KhungCode_Auto.MainWindow,BaiTrainAll,586,0x25CE48,587,0x25CEA4,train_combat
Auto_ThanLong_obfusca.exe,KhungCode_Auto.MainWindow,sellItem,588,0x25CECC,589,0x25CF28,inventory_sell
Auto_ThanLong_obfusca.exe,KhungCode_Auto.MainWindow,setupauto,590,0x25CF84,591,0x25CFCC,
Auto_ThanLong_obfusca.exe,KhungCode_Auto.MainWindow,dungitemphu,592,0x25CFF4,593,0x25D050,
Auto_ThanLong_obfusca.exe,KhungCode_Auto.MainWindow,trainlevelNEW,594,0x25D0B4,595,0x25D0CC,train_combat
Auto_ThanLong_obfusca.exe,KhungCode_Auto.MainWindow,danhytrilieu,596,0x25D120,597,0x25D17C,heal_buff
Auto_ThanLong_obfusca.exe,KhungCode_Auto.MainWindow,muaItem,598,0x25D1D0,599,0x25D1E8,consumable_shop
Auto_ThanLong_obfusca.exe,KhungCode_Auto.MainWindow,dungvang,600,0x25D24C,601,0x25D294,trade_transfer
Auto_ThanLong_obfusca.exe,KhungCode_Auto.MainWindow,DUNGCODE,602,0x25D2BC,603,0x25D318,captcha
Auto_ThanLong_obfusca.exe,KhungCode_Auto.MainWindow,sttbaithuylao,604,0x25D37C,605,0x25D3C4,activity_thuylao
Auto_ThanLong_obfusca.exe,KhungCode_Auto.MainWindow,TotalBTD,606,0x25D418,607,0x25D460,
Auto_ThanLong_obfusca.exe,KhungCode_Auto.MainWindow,SoLuongNhanVat,608,0x25D4D8,609,0x25D520,
Auto_ThanLong_obfusca.exe,KhungCode_Auto.MainWindow,MaxTBD,610,0x25D584,611,0x25D5CC,
Auto_ThanLong_obfusca.exe,KhungCode_Auto.MainWindow,IsDoanChat,612,0x25D630,613,0x25D68C,
Auto_ThanLong_obfusca.exe,KhungCode_Auto.MainWindow,HenGio,614,0x25D6F0,615,0x25D74C,scheduler
Auto_ThanLong_obfusca.exe,KhungCode_Auto.MainWindow,IsSelectAllDevice,616,0x25D7B0,617,0x25D7F8,
Auto_ThanLong_obfusca.exe,KhungCode_Auto.NoxMultiIni,pid,975,0x2BB594,976,0x2BB5A8,
Auto_ThanLong_obfusca.exe,KhungCode_Auto.NoxMultiIni,vmpid,977,0x2BB5BC,978,0x2BB5D0,
Auto_ThanLong_obfusca.exe,KhungCode_Auto.NoxMultiIni,Ports,979,0x2BB5E4,980,0x2BB5F8,
Auto_ThanLong_obfusca.exe,KhungCode_Auto.QuestInfo,QuestThread,1002,0x2BBA80,1003,0x2BBAC8,core_orchestration;quest_level
Auto_ThanLong_obfusca.exe,KhungCode_Auto.QuestInfo,DeviceID,1004,0x2BBAF0,1005,0x2BBB4C,quest_level
Auto_ThanLong_obfusca.exe,KhungCode_Auto.QuestInfo,Device,1006,0x2BBB74,1007,0x2BBBD0,quest_level
Auto_ThanLong_obfusca.exe,KhungCode_Auto.QuestInfo,IsRuningQuest,1008,0x2BBC24,1009,0x2BBC6C,quest_level
Auto_ThanLong_obfusca.exe,KhungCode_Auto.QuestInfo,QuestToDo,1010,0x2BBCD0,1011,0x2BBD2C,quest_level
Auto_ThanLong_obfusca.exe,KhungCode_Auto.QuestInfo,ThoiGian,1012,0x2BBD54,1013,0x2BBD9C,quest_level;scheduler
Auto_ThanLong_obfusca.exe,KhungCode_Auto.QuestInfo,IsThoiGian,1014,0x2BBE14,1015,0x2BBE5C,quest_level;scheduler
Auto_ThanLong_obfusca.exe,KhungCode_Auto.QuestInfo,Isslnhanvat,1016,0x2BBEB0,1017,0x2BBF0C,quest_level
Auto_ThanLong_obfusca.exe,KhungCode_Auto.QuestInfo,Status,1018,0x2BBF84,1019,0x2BBFE0,quest_level
Auto_ThanLong_obfusca.exe,KhungCode_Auto.QuestInfo,QuestName,1020,0x2BC044,1021,0x2BC08C,quest_level
Auto_ThanLong_obfusca.exe,KhungCode_Auto.QuestInfo,IsSelected,1022,0x2BC0F0,1023,0x2BC14C,quest_level
Auto_ThanLong_obfusca.exe,KhungCode_Auto.QuestInfo,Color,1024,0x2BC1A0,1025,0x2BC1E8,quest_level
Auto_ThanLong_obfusca.exe,KhungCode_Auto.QuestInfo,EStatus,1026,0x2BC244,1027,0x2BC28C,quest_level
Auto_ThanLong_obfusca.exe,KhungCode_Auto.QuestInfo,IsLeader,1028,0x2BC3FC,1029,0x2BC414,quest_level
Auto_ThanLong_obfusca.exe,KhungCode_Auto.Request,x,1040,0x2BC5F0,1041,0x2BC604,
Auto_ThanLong_obfusca.exe,KhungCode_Auto.Request,y,1042,0x2BC618,1043,0x2BC62C,
Auto_ThanLong_obfusca.exe,KhungCode_Auto.TwoCaptResponseStatus,status,1045,0x2BC688,1046,0x2BC69C,
Auto_ThanLong_obfusca.exe,KhungCode_Auto.TwoCaptResponseStatus,request,1047,0x2BC6B0,1048,0x2BC6C4,
Auto_ThanLong_obfusca.exe,KhungCode_Auto.UserInfoDetail,Email,1050,0x2BC6D8,1051,0x2BC6EC,
Auto_ThanLong_obfusca.exe,KhungCode_Auto.UserInfoDetail,UserName,1052,0x2BC700,1053,0x2BC714,
Auto_ThanLong_obfusca.exe,KhungCode_Auto.UserInfoDetail,Package,1054,0x2BC728,1055,0x2BC73C,
Auto_ThanLong_obfusca.exe,KhungCode_Auto.UserInfoDetail,RemainDay,1056,0x2BC750,1057,0x2BC764,
Auto_ThanLong_obfusca.exe,KhungCode_Auto.UserInfoDetail,RegistrationDate,1058,0x2BC778,1059,0x2BC78C,
Auto_ThanLong_obfusca.exe,KhungCode_Auto.UserInfoDetail,CountryId,1060,0x2BC7A0,1061,0x2BC7B4,
Auto_ThanLong_obfusca.exe,KhungCode_Auto.UserInfoDetail,CountryName,1062,0x2BC7C8,1063,0x2BC7DC,
Auto_ThanLong_obfusca.exe,KhungCode_Auto.UserInfoDetail,ProjectId,1064,0x2BC7F0,1065,0x2BC804,
Auto_ThanLong_obfusca.exe,KhungCode_Auto.UserInfoDetail,ProjectName,1066,0x2BC818,1067,0x2BC82C,
Auto_ThanLong_obfusca.exe,KhungCode_Auto.UserInfoDetail,UpdateXmlUrl,1068,0x2BC840,1069,0x2BC854,
KAutoHelper.dll,KAutoHelper.NoxMultiIni,pid,23,0x2CD4,24,0x2CDC,
KAutoHelper.dll,KAutoHelper.NoxMultiIni,vmpid,25,0x2CE5,26,0x2CED,
KAutoHelper.dll,KAutoHelper.NoxMultiIni,Ports,27,0x2CF6,28,0x2CFD,
KAutoHelper.dll,KAutoHelper.Port,name,162,0x5840,163,0x586E,
KAutoHelper.dll,KAutoHelper.Port,port_number,164,0x5871,165,0x5879,
KAutoHelper.dll,KAutoHelper.Port,process_name,166,0x5882,167,0x588A,
KAutoHelper.dll,KAutoHelper.Port,protocol,168,0x5893,169,0x589B,
KAutoHelper.dll,KAutoHelper.Port,pid,170,0x58A4,171,0x58AC,
