identifier,kind,feature_tags
MoveNext,symbol_or_local,
get_UserName,accessor,
set_UserName,accessor,
get_Cum_Server,accessor,account_login
set_Cum_Server,accessor,account_login
get_STT_Server,accessor,account_login
set_STT_Server,accessor,account_login
get_toadoX,accessor,travel_navigation
set_toadoX,accessor,travel_navigation
get_toadoY,accessor,travel_navigation
set_toadoY,accessor,travel_navigation
get_FileLoginPath,accessor,
set_FileLoginPath,accessor,
get_DataTho,accessor,
set_DataTho,accessor,
get_Password,accessor,
set_Password,accessor,
get_Status,accessor,
set_Status,accessor,
get_STT,accessor,
set_STT,accessor,
get_Color,accessor,
set_Color,accessor,
get_EStatus,accessor,
set_EStatus,accessor,
get_IsSelected,accessor,
set_IsSelected,accessor,
OnPropertyChanged,symbol_or_local,
handler,symbol_or_local,
get_pid,accessor,
set_pid,accessor,
get_vmpid,accessor,
set_vmpid,accessor,
get_Ports,accessor,
set_Ports,accessor,
GetNoxMultiIni,symbol_or_local,
multi,symbol_or_local,
path,symbol_or_local,
data,symbol_or_local,
GetNoxTitleFromADBPort,symbol_or_local,
CS$<>8__locals0,identifier,
CS$<>8__locals1,identifier,
multiNox,symbol_or_local,
USystem,symbol_or_local,
USystem.Collections.ObjectModel,namespace_import,
USystem.ComponentModel,namespace_import,
USystem.Diagnostics,namespace_import,
USystem.Windows,namespace_import,
USystem.Windows.Controls,namespace_import,
USystem.Windows.Controls.Primitives,namespace_import,
USystem.Windows.Documents,namespace_import,
USystem.Windows.Media,namespace_import,
USystem.Windows.Input,namespace_import,
UWPF.JoshSmith.Adorners,namespace_import,
UWPF.JoshSmith.Controls.Utilities,namespace_import,
get_DragAdornerOpacity,accessor,
set_DragAdornerOpacity,accessor,
get_IsDragInProgress,accessor,
set_IsDragInProgress,accessor,
get_ListView,accessor,
set_ListView,accessor,
get_ShowDragAdorner,accessor,
set_ShowDragAdorner,accessor,
listView_PreviewMouseLeftButtonDown,symbol_or_local,
index,symbol_or_local,
listView_PreviewMouseMove,symbol_or_local,
itemToDrag,symbol_or_local,
adornerLayer,symbol_or_local,
listView_DragOver,symbol_or_local,
listView_DragLeave,symbol_or_local,
listView_DragEnter,symbol_or_local,
listView_Drop,symbol_or_local,
itemsSource,symbol_or_local,
oldIndex,symbol_or_local,
newIndex,symbol_or_local,
args,symbol_or_local,
get_CanStartDragOperation,accessor,
FinishDragOperation,symbol_or_local,
GetListViewItem,symbol_or_local,
get_HasCursorLeftDragThreshold,accessor,
item,symbol_or_local,
bounds,symbol_or_local,
ptInItem,symbol_or_local,
topOffset,symbol_or_local,
btmOffset,symbol_or_local,
vertOffset,symbol_or_local,
width,symbol_or_local,
height,symbol_or_local,
szThreshold,symbol_or_local,
rect,symbol_or_local,
ptInListView,symbol_or_local,
get_IndexUnderDragCursor,accessor,
InitializeAdornerLayer,symbol_or_local,
brush,symbol_or_local,
layer,symbol_or_local,
InitializeDragOperation,symbol_or_local,
IsMouseOver,symbol_or_local,
mousePos,symbol_or_local,
get_IsMouseOverScrollbar,accessor,
ptMouse,symbol_or_local,
depObj,symbol_or_local,
get_ItemUnderDragCursor,accessor,
set_ItemUnderDragCursor,accessor,
listViewItem,symbol_or_local,
PerformDragOperation,symbol_or_local,
selectedItem,symbol_or_local,
allowedEffects,symbol_or_local,
get_ShowDragAdornerResolved,accessor,
UpdateDragAdornerLocation,symbol_or_local,
ptCursor,symbol_or_local,
left,symbol_or_local,
itemBeingDragged,symbol_or_local,
itemLoc,symbol_or_local,
GetMousePosition,symbol_or_local,
USystem.Collections.Generic,namespace_import,
USystem.Text,namespace_import,
USystem.Runtime.InteropServices,namespace_import,
mouse,symbol_or_local,
get_ResourceManager,accessor,
temp,symbol_or_local,
get_Culture,accessor,
set_Culture,accessor,
get_status,accessor,
set_status,accessor,
get_request,accessor,
set_request,accessor,
UNewtonsoft.Json,namespace_import,
USystem.IO,namespace_import,
USystem.Linq,namespace_import,
USystem.Net,namespace_import,
USystem.Net.Http,namespace_import,
USystem.Net.NetworkInformation,namespace_import,
USystem.Threading.Tasks,namespace_import,
USystem.Xml.Serialization,namespace_import,
<LogIn_Closing>b__4_0,compiler_generated,
get_x,accessor,
set_x,accessor,
get_y,accessor,
set_y,accessor,
USystem.Windows.Shapes,namespace_import,
USystem.Windows.Media.Animation,namespace_import,
GetDesiredTransform,symbol_or_local,
result,symbol_or_local,
get_OffsetLeft,accessor,
set_OffsetLeft,accessor,
SetOffsets,symbol_or_local,
get_OffsetTop,accessor,
set_OffsetTop,accessor,
MeasureOverride,symbol_or_local,
ArrangeOverride,symbol_or_local,
GetVisualChild,symbol_or_local,
get_VisualChildrenCount,accessor,
UpdateLocation,symbol_or_local,
<CheckUpdate>b__269_0,compiler_generated,auth_update
USystem.Runtime.CompilerServices,namespace_import,
USystem.Windows.Data,namespace_import,
USystem.Windows.Media.Imaging,namespace_import,
USystem.Windows.Navigation,namespace_import,
UKAutoHelper,symbol_or_local,
USystem.Drawing,namespace_import,
UMicrosoft.Win32,namespace_import,
USystem.Threading,namespace_import,
USystem.Net.Cache,namespace_import,
USystem.Text.RegularExpressions,namespace_import,
USystem.Globalization,namespace_import,
USystem.Windows.Threading,namespace_import,
USystem.Management,namespace_import,
UAutoUpdaterDotNET,symbol_or_local,auth_update
UWPF.JoshSmith.ServiceProviders.UI,namespace_import,
USystem.Runtime.InteropServices.WindowsRuntime,namespace_import,
<CheckMutant>b__271_0,compiler_generated,auth_update
<TimerCheckDevices_Tick>b__280_0,compiler_generated,core_orchestration
<TimerCheckDevices_Tick>b__280_1,compiler_generated,core_orchestration
<LoadListDevices>b__283_0,compiler_generated,core_orchestration
<getsonhieuchotrenscreen>b__360_0,compiler_generated,vision_perception
<getsonhieuchotrenscreen>b__360_1,compiler_generated,vision_perception
<getsonhieuchotrenscreen>b__360_2,compiler_generated,vision_perception
<getsonhieuchotrenscreen>b__360_3,compiler_generated,vision_perception
<getsonhieuchotrenscreen>b__360_4,compiler_generated,vision_perception
<getsonhieuchotrenscreen>b__360_5,compiler_generated,vision_perception
<StartQuestDevice>b__398_0,compiler_generated,core_orchestration;quest_level
<StartAllSelectedDevice>b__403_1,compiler_generated,core_orchestration
InitializeComponent,symbol_or_local,
UKhungCode_Auto,symbol_or_local,
USystem.Windows.Automation,namespace_import,
USystem.Windows.Ink,namespace_import,
USystem.Windows.Markup,namespace_import,
USystem.Windows.Media.Effects,namespace_import,
USystem.Windows.Media.Media3D,namespace_import,
USystem.Windows.Media.TextFormatting,namespace_import,
USystem.Windows.Shell,namespace_import,
Main,symbol_or_local,
GetIsBeingDragged,symbol_or_local,
SetIsBeingDragged,symbol_or_local,
GetIsUnderDragCursor,symbol_or_local,
SetIsUnderDragCursor,symbol_or_local,
<Button_Click>b__0,compiler_generated,
<Button_Click>b__1,compiler_generated,
get_access_token,accessor,auth_update
set_access_token,accessor,auth_update
get_token_type,accessor,
set_token_type,accessor,
get_expires_in,accessor,
set_expires_in,accessor,
get_userName,accessor,
set_userName,accessor,
get_LoginStamp,accessor,
set_LoginStamp,accessor,
get_issued,accessor,
set_issued,accessor,
get_expires,accessor,
set_expires,accessor,
get_ItemsSource,accessor,
get_DataItem,accessor,
get_OldIndex,accessor,
get_NewIndex,accessor,
get_AllowedEffects,accessor,
get_Effects,accessor,
set_Effects,accessor,
get_Email,accessor,
set_Email,accessor,
get_Package,accessor,
set_Package,accessor,
get_RemainDay,accessor,
set_RemainDay,accessor,
get_RegistrationDate,accessor,
set_RegistrationDate,accessor,
get_CountryId,accessor,
set_CountryId,accessor,
get_CountryName,accessor,
set_CountryName,accessor,
get_ProjectId,accessor,
set_ProjectId,accessor,
get_ProjectName,accessor,
set_ProjectName,accessor,
get_UpdateXmlUrl,accessor,
set_UpdateXmlUrl,accessor,
get_AccessToken,accessor,
set_AccessToken,accessor,
get_UpdateURL,accessor,auth_update
set_UpdateURL,accessor,auth_update
Login,symbol_or_local,auth_update
UserInfo,symbol_or_local,auth_update
CheckKey,symbol_or_local,auth_update
GetMACAddress,symbol_or_local,
nics,symbol_or_local,
sMacAddress,symbol_or_local,
adapter,symbol_or_local,
properties,symbol_or_local,
get_QuestThread,accessor,core_orchestration;quest_level
set_QuestThread,accessor,core_orchestration;quest_level
get_DeviceID,accessor,
set_DeviceID,accessor,
get_Device,accessor,
set_Device,accessor,
get_IsRuningQuest,accessor,quest_level
set_IsRuningQuest,accessor,quest_level
get_QuestToDo,accessor,
set_QuestToDo,accessor,
get_ThoiGian,accessor,scheduler
set_ThoiGian,accessor,scheduler
get_IsThoiGian,accessor,scheduler
set_IsThoiGian,accessor,scheduler
get_Isslnhanvat,accessor,
set_Isslnhanvat,accessor,
get_QuestName,accessor,
set_QuestName,accessor,
get_IsLeader,accessor,
set_IsLeader,accessor,
get_version,accessor,
set_version,accessor,
get_url,accessor,
set_url,accessor,
get_changelog,accessor,
set_changelog,accessor,
get_mandatory,accessor,
set_mandatory,accessor,
<StartAllSelectedDevice>b__2,compiler_generated,core_orchestration
<GetAcc>b__0,compiler_generated,account_login
<TimerCheckDevices_Tick>b__2,compiler_generated,core_orchestration
<Button_Click_1>b__0,compiler_generated,
<StartQuestDevice>b__1,compiler_generated,core_orchestration;quest_level
deviceID,symbol_or_local,
startime,symbol_or_local,
startimef,symbol_or_local,
screen,symbol_or_local,
rdxx,symbol_or_local,
Numrdxx,symbol_or_local,
startime7,symbol_or_local,
<StartQuestDevice>b__2,compiler_generated,core_orchestration;quest_level
LogIn_Closing,symbol_or_local,
Button_Click,symbol_or_local,
Window_Loaded,symbol_or_local,
resourceLocater,symbol_or_local,
System.Windows.Markup.IComponentConnector.Connect,identifier,
get_ImageScreen,accessor,vision_perception
set_ImageScreen,accessor,vision_perception
get_phanloaithucan,accessor,pet_mount
set_phanloaithucan,accessor,pet_mount
get_catdovaokho,accessor,storage
set_catdovaokho,accessor,storage
get_x2,accessor,
set_x2,accessor,
get_sttTEAM,accessor,
set_sttTEAM,accessor,
get_dichuyen,accessor,travel_navigation
set_dichuyen,accessor,travel_navigation
get_fullpt,accessor,
set_fullpt,accessor,
get_coitemphu,accessor,
set_coitemphu,accessor,
get_coitemngua,accessor,
set_coitemngua,accessor,
get_TRANGTHAI_THUYLAO,accessor,activity_thuylao
set_TRANGTHAI_THUYLAO,accessor,activity_thuylao
get_TRANGTHAITIMACTAC,accessor,activity_actac
set_TRANGTHAITIMACTAC,accessor,activity_actac
get_TRANGTHAI_TRUNGAC,accessor,
set_TRANGTHAI_TRUNGAC,accessor,
get_isTA,accessor,
set_isTA,accessor,
get_TRANGTHAI_TRAIN,accessor,
set_TRANGTHAI_TRAIN,accessor,
get_TRANGTHAI_CHINHTUYEN,accessor,
set_TRANGTHAI_CHINHTUYEN,accessor,
get_TRANGTHAI_ACTAC,accessor,activity_actac
set_TRANGTHAI_ACTAC,accessor,activity_actac
get_slmisstrungac,accessor,
set_slmisstrungac,accessor,
get_sldisgame,accessor,
set_sldisgame,accessor,
get_slCAPTCHA,accessor,captcha
set_slCAPTCHA,accessor,captcha
get_tenmaptrain,accessor,train_combat
set_tenmaptrain,accessor,train_combat
get_toado_actac,accessor,activity_actac;travel_navigation
set_toado_actac,accessor,activity_actac;travel_navigation
get_isKEY,accessor,
set_isKEY,accessor,
get_isKO,accessor,
set_isKO,accessor,
get_CheckQuestThread,accessor,core_orchestration;quest_level
set_CheckQuestThread,accessor,core_orchestration;quest_level
get_IsSelectAllQuest,accessor,quest_level
set_IsSelectAllQuest,accessor,quest_level
get_CurrentAccountIndex,accessor,
set_CurrentAccountIndex,accessor,
get_Quest,accessor,quest_level
set_Quest,accessor,quest_level
get_Accounts,accessor,
set_Accounts,accessor,
get_DeviceHandle,accessor,
set_DeviceHandle,accessor,
get_DeviceName,accessor,
set_DeviceName,accessor,
get_taikhoan,accessor,account_login
set_taikhoan,accessor,account_login
get_matkhau,accessor,account_login
set_matkhau,accessor,account_login
get_cumsv,accessor,
set_cumsv,accessor,
get_sever,accessor,
set_sever,accessor,
get_toadoTRENBANG,accessor,travel_navigation
set_toadoTRENBANG,accessor,travel_navigation
get_toadoclickX,accessor,travel_navigation
set_toadoclickX,accessor,travel_navigation
get_DIS,accessor,
set_DIS,accessor,
get_toado1,accessor,travel_navigation
set_toado1,accessor,travel_navigation
<GetNoxTitleFromADBPort>b__0,compiler_generated,
<GetNoxTitleFromADBPort>b__1,compiler_generated,
get_ListDevices,accessor,
set_ListDevices,accessor,
get_Title_,accessor,
set_Title_,accessor,
get_API,accessor,
set_API,accessor,
get_DoanChat,accessor,
set_DoanChat,accessor,
get_SelectedDevice,accessor,
set_SelectedDevice,accessor,
get_IsHenGio,accessor,scheduler
set_IsHenGio,accessor,scheduler
get_Chuyendovaokho,accessor,storage
set_Chuyendovaokho,accessor,storage
get_vitrigdX,accessor,trade_transfer
set_vitrigdX,accessor,trade_transfer
get_vitrigdY,accessor,trade_transfer
set_vitrigdY,accessor,trade_transfer
get_CHAT,accessor,
set_CHAT,accessor,
get_IDchat,accessor,
set_IDchat,accessor,
get_soluongdochoi,accessor,consumable_shop
set_soluongdochoi,accessor,consumable_shop
get_guikb,accessor,
set_guikb,accessor,
get_soluongthucan,accessor,consumable_shop;pet_mount
set_soluongthucan,accessor,consumable_shop;pet_mount
get_soluongmau,accessor,consumable_shop
set_soluongmau,accessor,consumable_shop
get_soluongmana,accessor,consumable_shop
set_soluongmana,accessor,consumable_shop
get_chinhtuyen5x,accessor,quest_level
set_chinhtuyen5x,accessor,quest_level
get_muaitem,accessor,consumable_shop
set_muaitem,accessor,consumable_shop
get_slgiaicaptcha,accessor,captcha
set_slgiaicaptcha,accessor,captcha
get_giaicaptcha,accessor,captcha
set_giaicaptcha,accessor,captcha
get_loctrangbi,accessor,inventory_sell
set_loctrangbi,accessor,inventory_sell
get_autodungmau,accessor,heal_buff
set_autodungmau,accessor,heal_buff
get_phantramHP,accessor,heal_buff
set_phantramHP,accessor,heal_buff
get_macdolv1,accessor,
set_macdolv1,accessor,
get_cleartrangbi,accessor,inventory_sell
set_cleartrangbi,accessor,inventory_sell
get_banitem,accessor,inventory_sell
set_banitem,accessor,inventory_sell
get_chayTBD,accessor,activity_tbd
set_chayTBD,accessor,activity_tbd
get_CONNECT,accessor,
set_CONNECT,accessor,
get_konhatnguyenlieu,accessor,
set_konhatnguyenlieu,accessor,
get_TEST,accessor,
set_TEST,accessor,
get_locthucuoi,accessor,pet_mount
set_locthucuoi,accessor,pet_mount
get_HDACTAC,accessor,activity_actac
set_HDACTAC,accessor,activity_actac
get_LV10,accessor,quest_level
set_LV10,accessor,quest_level
get_MAPACTAC,accessor,activity_actac
set_MAPACTAC,accessor,activity_actac
get_vitrigiaodich,accessor,trade_transfer
set_vitrigiaodich,accessor,trade_transfer
get_trangthaigd,accessor,trade_transfer
set_trangthaigd,accessor,trade_transfer
get_chuyenitem,accessor,trade_transfer
set_chuyenitem,accessor,trade_transfer
get_chuyenitemvang,accessor,trade_transfer
set_chuyenitemvang,accessor,trade_transfer
get_thuylao,accessor,activity_thuylao
set_thuylao,accessor,activity_thuylao
get_chuyen,accessor,
set_chuyen,accessor,
get_locPT,accessor,
set_locPT,accessor,
get_vutalltrangbi,accessor,
set_vutalltrangbi,accessor,
get_sukien,accessor,
set_sukien,accessor,
get_TRAINLV,accessor,
set_TRAINLV,accessor,
get_autoPT,accessor,party_follow
set_autoPT,accessor,party_follow
get_AUTOLOGIN,accessor,account_login
set_AUTOLOGIN,accessor,account_login
get_getTK,accessor,
set_getTK,accessor,
get_BAITRAIN_ALL,accessor,train_combat
set_BAITRAIN_ALL,accessor,train_combat
get_BaiTrainSelected,accessor,train_combat
set_BaiTrainSelected,accessor,train_combat
get_BaiTrainAll,accessor,train_combat
set_BaiTrainAll,accessor,train_combat
get_sellItem,accessor,inventory_sell
set_sellItem,accessor,inventory_sell
get_setupauto,accessor,
set_setupauto,accessor,
get_dungitemphu,accessor,
set_dungitemphu,accessor,
get_trainlevelNEW,accessor,train_combat
set_trainlevelNEW,accessor,train_combat
get_danhytrilieu,accessor,heal_buff
set_danhytrilieu,accessor,heal_buff
get_muaItem,accessor,consumable_shop
set_muaItem,accessor,consumable_shop
get_dungvang,accessor,trade_transfer
set_dungvang,accessor,trade_transfer
get_DUNGCODE,accessor,captcha
set_DUNGCODE,accessor,captcha
get_sttbaithuylao,accessor,activity_thuylao
set_sttbaithuylao,accessor,activity_thuylao
get_TotalBTD,accessor,
set_TotalBTD,accessor,
get_SoLuongNhanVat,accessor,
set_SoLuongNhanVat,accessor,
get_MaxTBD,accessor,
set_MaxTBD,accessor,
get_IsDoanChat,accessor,
set_IsDoanChat,accessor,
get_HenGio,accessor,scheduler
set_HenGio,accessor,scheduler
get_IsSelectAllDevice,accessor,
set_IsSelectAllDevice,accessor,
tempAcc,symbol_or_local,
key2,symbol_or_local,
key3,symbol_or_local,
CheckUpdate,symbol_or_local,auth_update
assembly,symbol_or_local,
AutoUpdaterOnCheckForUpdateEvent,symbol_or_local,auth_update
CheckMutant,symbol_or_local,auth_update
CheckLicense,symbol_or_local,auth_update
totalDays,symbol_or_local,
StartDate,symbol_or_local,
thoigianconlai,symbol_or_local,
GetInterNetDate,symbol_or_local,auth_update
myHttpWebRequest,symbol_or_local,
response,symbol_or_local,
todaysDates,symbol_or_local,
FirstLoad,symbol_or_local,
TimerCheckHenGio_Tick,symbol_or_local,scheduler
dateDiff,symbol_or_local,
TimerCheckAuthorize_Tick,symbol_or_local,
LoadDevices,symbol_or_local,core_orchestration
TimerCheckDevices_Tick,symbol_or_local,core_orchestration
listTemp,symbol_or_local,
handlesOld,symbol_or_local,
handlesNew,symbol_or_local,
itemToRemove,symbol_or_local,
LoadListDevices,symbol_or_local,core_orchestration
ListDevices,symbol_or_local,
devices,symbol_or_local,
GetWindowCaption,symbol_or_local,
length,symbol_or_local,
LoadQuest,symbol_or_local,core_orchestration;quest_level
quest,symbol_or_local,
checktime,symbol_or_local,scheduler
nhaptkmk,symbol_or_local,account_login
vaothuylao,symbol_or_local,activity_thuylao
startimex,symbol_or_local,
hdthuylao,symbol_or_local,activity_thuylao
checkKEY,symbol_or_local,
checkKEY1,symbol_or_local,
xuatpet,symbol_or_local,pet_mount
duyetPT,symbol_or_local,party_follow
startimeza,symbol_or_local,
itemsToClear,symbol_or_local,
checkthanhvien,symbol_or_local,party_follow
danh_actac,symbol_or_local,activity_actac
gettoado_actac,symbol_or_local,activity_actac;travel_navigation
xxxx,symbol_or_local,
tempAccList,symbol_or_local,
tempDelete,symbol_or_local,
toivitri_actac,symbol_or_local,activity_actac
startimef1,symbol_or_local,
HD_ACTAC,symbol_or_local,activity_actac
strtimef,symbol_or_local,
strtief,symbol_or_local,
NV_T,symbol_or_local,
trainLEVEL1,symbol_or_local,train_combat
startime1,symbol_or_local,
startime2,symbol_or_local,
startime3,symbol_or_local,
Numrdx,symbol_or_local,
tatbang,symbol_or_local,
points,symbol_or_local,
backup_file,symbol_or_local,
tempAccList5,symbol_or_local,
guikblai,symbol_or_local,
checkptdoi,symbol_or_local,
taoptdoi,symbol_or_local,
stttt,symbol_or_local,
startim1e,symbol_or_local,
THOAT_VAOLAI_PT,symbol_or_local,party_follow
THOAT_PT,symbol_or_local,party_follow
TAO_PT_1NGUOI,symbol_or_local,party_follow
theodoi,symbol_or_local,party_follow
botheodoi,symbol_or_local,party_follow
batdanh,symbol_or_local,train_combat
tatdanh,symbol_or_local,train_combat
statime,symbol_or_local,
lenbaitrain,symbol_or_local,train_combat
toadox,symbol_or_local,travel_navigation
toadoy,symbol_or_local,travel_navigation
tenmap,symbol_or_local,
clickmap,symbol_or_local,
dendau,symbol_or_local,
toado,symbol_or_local,travel_navigation
donrac,symbol_or_local,inventory_sell
dir1,symbol_or_local,
itemsToClear1,symbol_or_local,
vuthettrangbi,symbol_or_local,inventory_sell
sellItemm,symbol_or_local,inventory_sell
catdo,symbol_or_local,
startimess,symbol_or_local,
startimesss,symbol_or_local,
dirxx,symbol_or_local,
itemsToClearxx,symbol_or_local,
dirx,symbol_or_local,
itemsToClearx,symbol_or_local,
vitri,symbol_or_local,
vitriy,symbol_or_local,
dirxe,symbol_or_local,
itemsToClearxe,symbol_or_local,
catdovaokho,symbol_or_local,storage
startimea,symbol_or_local,
laydotrongkho,symbol_or_local,storage
checkmuaitem,symbol_or_local,consumable_shop
muathemmau,symbol_or_local,
muathemmana,symbol_or_local,
muathemdoanpet,symbol_or_local,
muadochoipet,symbol_or_local,consumable_shop
soluongmuadoan,symbol_or_local,
soluongmuadochoi,symbol_or_local,consumable_shop
soluongmuamau,symbol_or_local,
soluongmuamana,symbol_or_local,
nhanitem,symbol_or_local,consumable_shop
checkfulltui,symbol_or_local,inventory_sell
checkdungx2,symbol_or_local,
closeapp,symbol_or_local,account_login
checktrilieutudong,symbol_or_local,heal_buff
batbuff,symbol_or_local,heal_buff
muamaumana,symbol_or_local,consumable_shop
muadochopet,symbol_or_local,consumable_shop
checkvedailythanh,symbol_or_local,
vekhuantoan,symbol_or_local,
Truyenvetochau,symbol_or_local,travel_navigation
truyenmap,symbol_or_local,travel_navigation
toinpcTBD,symbol_or_local,activity_tbd;travel_navigation
didau,symbol_or_local,travel_navigation
screen1,symbol_or_local,
point,symbol_or_local,
toinpcthuylao,symbol_or_local,activity_thuylao;travel_navigation
toinpcbanitem_daily,symbol_or_local,inventory_sell;travel_navigation
toinpc_duoc,symbol_or_local,travel_navigation
toinpc_pet_daily,symbol_or_local,travel_navigation;pet_mount
trilieutochaux,symbol_or_local,heal_buff
trilieudaily,symbol_or_local,heal_buff
checkdichuyen,symbol_or_local,travel_navigation
phudaily,symbol_or_local,pet_mount
setupautothuylao,symbol_or_local,activity_thuylao
time,symbol_or_local,
setupautotrain,symbol_or_local,train_combat
setupautotrungac,symbol_or_local,
batsach,symbol_or_local,
lienketmau_manalenauto,symbol_or_local,heal_buff
checkgiamnguc,symbol_or_local,
nhannvTBD,symbol_or_local,activity_tbd;quest_level
tranvTBD,symbol_or_local,quest_level
huynvTBD,symbol_or_local,quest_level
laylenhbai,symbol_or_local,activity_tbd
checklenhbai,symbol_or_local,activity_tbd
check_dinhviphu,symbol_or_local,activity_tbd
dilamnvuTBD,symbol_or_local,
startrtime,symbol_or_local,
lenngua,symbol_or_local,pet_mount
xuongngua,symbol_or_local,pet_mount
dungphuvetochau,symbol_or_local,pet_mount
starttime,symbol_or_local,
vaolaigame,symbol_or_local,account_login
startimefc,symbol_or_local,
getsonhieuchotrenscreen,symbol_or_local,vision_perception
screen2,symbol_or_local,
points1,symbol_or_local,
ress,symbol_or_local,
points2,symbol_or_local,
resss,symbol_or_local,
lccc,symbol_or_local,
getnhieuvitrihinhanh,symbol_or_local,vision_perception
GetFilterNumber,symbol_or_local,
template,symbol_or_local,
page,symbol_or_local,
ScaleImage,symbol_or_local,vision_perception
scale,symbol_or_local,
ResizeImage,symbol_or_local,vision_perception
destRect,symbol_or_local,
destImage,symbol_or_local,
graphics,symbol_or_local,
wrapMode,symbol_or_local,
laytoadotrongGame,symbol_or_local,travel_navigation;vision_perception
charsToRemove,symbol_or_local,
FindImage,symbol_or_local,vision_perception
FindImage_OK,symbol_or_local,vision_perception
Find,symbol_or_local,
FindImage_OutPoint,symbol_or_local,vision_perception
FindAndClick,symbol_or_local,vision_perception
FindAndClick_OK,symbol_or_local,vision_perception
FindAndClick_OnPoint,symbol_or_local,vision_perception
FindAndClick_Color,symbol_or_local,vision_perception
tempScreenCrop,symbol_or_local,
FindAndClick_Color_TBDTim,symbol_or_local,vision_perception
FindImage_Color_TBDTim,symbol_or_local,vision_perception
SoluongImage_mau,symbol_or_local,heal_buff;vision_perception
pointe,symbol_or_local,
SoluongImage,symbol_or_local,vision_perception
FindAndClick_OnPoint_Color,symbol_or_local,vision_perception
FindColor,symbol_or_local,vision_perception
tempColor,symbol_or_local,
IsMatchColor,symbol_or_local,
FindAndClick_Until_Found,symbol_or_local,vision_perception
FindAndClick_OnPoint_Until_Found,symbol_or_local,vision_perception
Not_FindAndClick_OnPoint_Until_Found,symbol_or_local,vision_perception
Not_FindAndClick_OnPoint,symbol_or_local,vision_perception
device,symbol_or_local,
StartQuestDevice,symbol_or_local,core_orchestration;quest_level
SoveNormalCapt,symbol_or_local,captcha
Nomal,symbol_or_local,captcha
ImageToByteArray,symbol_or_local,
memoryStream,symbol_or_local,
Button_Click_4,symbol_or_local,
StartAllSelectedDevice,symbol_or_local,core_orchestration
GetAcc,symbol_or_local,account_login
waitDevice,symbol_or_local,core_orchestration
wait,symbol_or_local,
Button_Click_3,symbol_or_local,
Button_Click_1,symbol_or_local,
Button_Click_2,symbol_or_local,
dialog,symbol_or_local,
accs,symbol_or_local,
Button_Click_5,symbol_or_local,
Button_Click_6,symbol_or_local,
datacontext,symbol_or_local,
Button_Click_7,symbol_or_local,
Button_Click_8,symbol_or_local,
Button_Click_10,symbol_or_local,
System.Windows.Markup.IStyleConnector.Connect,identifier,
<AutoUpdaterOnCheckForUpdateEvent>b__270_0,compiler_generated,auth_update
<TimerCheckAuthorize_Tick>b__278_0,compiler_generated,
<StartAllSelectedDevice>b__403_0,compiler_generated,core_orchestration
selectedDevices,symbol_or_local,
<Button_Click_3>b__406_0,compiler_generated,
COM+_Entry_Point,identifier,
Auto_ThanLong_Kteam_0789998118.Properties.Resources,identifier,
WPF.JoshSmith.Controls.Utilities.MouseUtilities,type_name,
WPF.JoshSmith.ServiceProviders.UI.ListViewDragDropManager`1,type_name,
WPF.JoshSmith.ServiceProviders.UI.ListViewItemDragState,type_name,
EB6FC254,symbol_or_local,
WPF.JoshSmith.ServiceProviders.UI.ProcessDropEventArgs`1,type_name,
WPF.JoshSmith.Adorners.DragAdorner,type_name,
KhungCode_Auto.App,type_name,
KhungCode_Auto.LogIn,type_name,
D92B7464,symbol_or_local,
KhungCode_Auto.LoginResponse,type_name,
KhungCode_Auto.Cons,type_name,
CDC0102B,symbol_or_local,
KhungCode_Auto.UserInfoDetail,type_name,
KhungCode_Auto.item,type_name,
CF272433,symbol_or_local,
KhungCode_Auto.MainWindow,type_name,
EA28D7B7,symbol_or_local,
KhungCode_Auto.TwoCaptResponseStatus,type_name,
F2E4F417,symbol_or_local,
KhungCode_Auto.CorinateStatus,type_name,
KhungCode_Auto.Request,type_name,
KhungCode_Auto.DeviceInfo,type_name,
B4146C2E,symbol_or_local,
KhungCode_Auto.QuestInfo,type_name,quest_level
BD6CC657,symbol_or_local,
KhungCode_Auto.AccountInfo,type_name,
EB03A5D9,symbol_or_local,
KhungCode_Auto.NoxMultiIni,type_name,
KhungCode_Auto.LogIn.<>c,type_name,
KhungCode_Auto.LogIn.<>c__DisplayClass5_0,type_name,
KhungCode_Auto.Cons.<Login>d__15,type_name,
KhungCode_Auto.Cons.<UserInfo>d__16,type_name,
KhungCode_Auto.Cons.<CheckKey>d__17,type_name,auth_update
F59B6BAF,symbol_or_local,
KhungCode_Auto.MainWindow.<>c,type_name,
FAACBA14,symbol_or_local,
KhungCode_Auto.MainWindow.<AutoUpdaterOnCheckForUpdateEvent>d__270,type_name,auth_update
C68B87CF,symbol_or_local,
KhungCode_Auto.MainWindow.<>c__DisplayClass280_0,type_name,
KhungCode_Auto.MainWindow.<>c__DisplayClass398_0,type_name,
KhungCode_Auto.MainWindow.<SoveNormalCapt>d__399,type_name,captcha
KhungCode_Auto.MainWindow.<Nomal>d__400,type_name,captcha
KhungCode_Auto.MainWindow.<>c__DisplayClass403_0,type_name,
C357518F,symbol_or_local,
KhungCode_Auto.MainWindow.<>c__DisplayClass404_1,type_name,
C7495076,symbol_or_local,
KhungCode_Auto.MainWindow.<>c__DisplayClass407_0,type_name,
KhungCode_Auto.MainWindow.<<TimerCheckAuthorize_Tick>b__278_0>d,type_name,
KhungCode_Auto.NoxMultiIni.<>c__DisplayClass13_0,type_name,
KhungCode_Auto.NoxMultiIni.<>c__DisplayClass13_1,type_name,
KhungCode_Auto.LogIn.<>c__DisplayClass5_0.<<Button_Click>b__0>d,type_name,
