sha256,count,paths
74760080f44c2fdce1c74a698de08c4b827142539a02946f700384fc1c8cb8cf,6,saveImage/-1189015542.png|saveImage/-921827622.png|saveImage/10031992.png|saveImage/1048794.png|saveImage/1051216.png|saveImage/1052468.png
41e4b080a73e5a1d53dc8f2cc770e70ecd51ac0c97ffa252f7207eda35c4642f,5,saveImage/-1775234320.png|saveImage/1043595386.png|saveImage/1051232.png|saveImage/1051824.png|saveImage/1052690.png
d24e21f1523778c9c5b172abe53766de942efc319f20e422a3b6eb1c0ad2bbec,5,saveImage/-118877462.png|saveImage/-1479731974.png|saveImage/-407955906.png|saveImage/1050248.png|saveImage/1052948.png
d535664c00b9501c7c71b6e05407df8891ed2712440191b9591f31b84ef8cb89,5,saveImage/-1412427206.png|saveImage/-1953687686.png|saveImage/-268954804.png|saveImage/-855177162.png|saveImage/10159240.png
d7806b07905e1313fc852d362354bbe8871f0b8358f43d6c48331f7a7b2115d8,5,saveImage/-1102049772.png|saveImage/-317844126.png|saveImage/-623048894.png|saveImage/-745728544.png|saveImage/-753265062.png
15459176ca85e57cd6d33e0657fa2a380fbed7fdf234974d0bbc32db6cc204e9,4,saveImage/-1648357430.png|saveImage/-2042490510.png|saveImage/-2143676426.png|saveImage/10356324.png
1ba96f9b87727be719fac3bc07f760f88985fc7093032a3c56d8c7e36bc8ddde,4,saveImage/-1475603912.png|saveImage/10423060.png|saveImage/1046680618.png|saveImage/1052096.png
cf38f23ee489f0c71b1450dbf4006e29892eaed4ef45eb53ce9b96ee00c8b7d1,4,saveImage/-2054546446.png|saveImage/1049796.png|saveImage/1050590.png|saveImage/1051618.png
e1a504f3ce5ba7f8dd1497ee542cb696a541f15ff5665edaaf51bc53401cd385,4,tranthu/1.PNG|tranthu/2.PNG|tranthu/3.PNG|tranthu/4.PNG
5c1c79ee4611476e29ff6462d719a73f86f65ad8d1fe30a3137295f923adc52e,3,saveImage/10294042.png|saveImage/1049890.png|saveImage/1051288.png
9e35c0bb5df3df14375b25583a13e4344f4e69cba13297f4ef3bcca53f600bfa,3,saveImage/-1089792882.png|saveImage/10292444.png|saveImage/1051696.png
a484c3ebc68158183ddbc511443ebe90598398ac54b0386c57d8ddbc1b87f8bb,3,saveImage/-1551104888.png|saveImage/1050426.png|saveImage/1052994.png
b2951721b3999fa425e70f4e6297c973ded99e4332288698d89dd33997e64dc8,3,saveImage/-1309535478.png|saveImage/101847664.png|saveImage/1050376.png
b739583fe1a282965c9aeee3eafc2d382176bc731dfc72432d885a8e76aedfe7,3,level/danhquai5.PNG|level/danhquai6.PNG|level/dingangqua5.PNG
bedd1b0a83cbbbabb257739a8ba2aae06c91c06174df67d6d3c123ff92c1f41b,3,saveImage/-781161992.png|saveImage/1033992.png|saveImage/1051234.png
d0dbd9797e0d7f7fd28b813563b27755e63753ed9d08ab64717cb0b9e3c5de2f,3,saveImage/-1719200066.png|saveImage/1000482860.png|saveImage/1051510.png
d41a978083c580f484255db324dcc087e781094cb4caaf38657f84c1ee5685a4,3,saveImage/-1395058080.png|saveImage/-2027548600.png|saveImage/1049978.png
f5920b370a05dd3f994b8dd98c3fb9faf0bba3a7b1f8f3fe6fbf0c629efba4d8,3,saveImage/-1952770066.png|saveImage/-1998584522.png|saveImage/-765851260.png
fd85afaaeb1057fb9001822359d8413de361727e29e04cd7ff32bf9463ef0892,3,saveImage/-479261530.png|saveImage/-881978344.png|saveImage/1052780.png
ffabd6fd967f0f181b93f01df6c7b6082e4b8705150e169bdd889321912c9d13,3,saveImage/10292202.png|saveImage/1050112.png|saveImage/1050786.png
00d096094c26501ab59365cac6fe6e36bf1392ce5b516b0306066bc6af0a51af,2,hoatdong/cong1.PNG|thuylao/cong1.PNG
0245ea82ce4383b9a9cfc283979a963e8d0e2967f96a855e3d7e2f3a16ad970a,2,ItemSell_TrangVatPham/11 - Copy.PNG|ItemSell_TrangVatPham/11.PNG
039c68b5fb3668681afbc8cc3994cf8711dccd720d8a6c94de041e2c3c10b903,2,hoatdong/batchat.PNG|thuylao/batchat.PNG
04a1820fde82a1ecb4b9910a67da7ebaf2acd1fcc3b06b8aac55275b6dfc6513,2,saveImage/-1932850336.png|saveImage/10227054.png
050d22d300e858df5fa4ca97d6abd21556bf40e432ff0fd0212c72d84af48b46,2,ItemSell_TrangVatPham/59 - Copy.PNG|ItemSell_TrangVatPham/59.PNG
06918af7547392343ea55f7f7898ad251c7203334bb2c3e74f0d1378111ae294,2,hoatdong/pbactac.PNG|thuylao/pbactac.PNG
06bdadc202ebf8a5dcd66fe0bf286fc13a660c9b388ca7be19dabd11570a2310,2,ItemSell_TrangVatPham/58 - Copy.PNG|ItemSell_TrangVatPham/58.PNG
0745dd935ef6c6efb6d48552873ceb888fb52b58ce56eff10239b294b7005c6b,2,hoatdong/vitridanhy2.PNG|hoatdong/vitridanhyNDL.PNG
077372cffd8babfebef24adcf55cb79ffda2734368be2daf8d4b0b18c43bcfa5,2,ItemSell_TrangVatPham/57 - Copy.PNG|ItemSell_TrangVatPham/57.PNG
087c8bec2b4a0f721c967ccfc8f4a60a4b826862fbc8bf477be191a0143ec32a,2,ItemSell_TrangVatPham/72 - Copy.PNG|ItemSell_TrangVatPham/72.PNG
0972ea7d7e98af25ac87b395236f8424c1781fc867bc53baccbe3f4b1d7673a2,2,ItemSell_TrangVatPham/99 - Copy.PNG|ItemSell_TrangVatPham/99.PNG
09bd47091f46d4d82739ea1dc90c03353b44e051848cefa9e206b7ae358deb27,2,ItemSell_TrangVatPham/6 - Copy.PNG|ItemSell_TrangVatPham/6.PNG
0a024d2088afedc945be15a1cb601b9dad7256dea78e0b542d3d01fbc8b92d41,2,ItemSell_TrangVatPham/51 - Copy.PNG|ItemSell_TrangVatPham/51.PNG
0bf8ac261b56ad2489eb202c59fb30120c9ce22fe5deede9c557d635a25a1cd4,2,ItemSell_TrangVatPham/43 - Copy.PNG|ItemSell_TrangVatPham/43.PNG
0c3eae57add6d3310e94bfc6160038535c1d2f5535c8f535a5e6a2e1938342a6,2,ItemSell_TrangVatPham/16 - Copy.PNG|ItemSell_TrangVatPham/16.PNG
0dafce563108de395d623349b80f67753559f4b29825e4a9c0f49747d9aee13c,2,ItemSell_TrangVatPham/48 - Copy.PNG|ItemSell_TrangVatPham/48.PNG
0eb3620bc491e38267a3d437671045cb2f330d881094b09835f9fb72a629d6ec,2,ItemSell_TrangVatPham/69 - Copy.PNG|ItemSell_TrangVatPham/69.PNG
0ef2616a307c1a349f8abbb99bfb4940c31e58f83d539094b2bcca49e9253232,2,ItemSell_TrangVatPham/77 - Copy.PNG|ItemSell_TrangVatPham/77.PNG
0f43238700d50a44d2f5a934360f7012509ea7526427be2187ad867d2f851e56,2,ItemSell_TrangVatPham/49 - Copy.PNG|ItemSell_TrangVatPham/49.PNG
109d29c1712a8af09c47c4832d3186d6757a613760a7c58591d59f5f654bf572,2,ItemSell_TrangVatPham/25 - Copy.PNG|ItemSell_TrangVatPham/25.PNG
13f03ec5d2389a1c2525d0274a11787ae34f7212da625b54d8d8e0644d282b00,2,ItemSell_TrangVatPham/30 - Copy.PNG|ItemSell_TrangVatPham/30.PNG
14d9bfd69780aee2387f2decdb1f3ccd1692938c7da741add8573aad46a4b4f2,2,ItemSell_TrangVatPham/107 - Copy.PNG|ItemSell_TrangVatPham/107.PNG
17880971c4338a12f2b9c392884b5e7299d34ab4a9b13a89f1b1fda882965541,2,ItemSell_TrangVatPham/89 - Copy.PNG|ItemSell_TrangVatPham/89.PNG
18a8a59478514a2ebefd63cc4d6f0deb32c67199239c58d24d021daaea6b163e,2,ItemSell_TrangVatPham/87 - Copy.PNG|ItemSell_TrangVatPham/87.PNG
1d135f6cf9704ddf2b0fc5c06275128df043294c964bba0cd1c91dc25887d245,2,ItemSell_TrangVatPham/100 - Copy.PNG|ItemSell_TrangVatPham/100.PNG
1da72cb153eee04814d0a841241188e16c7e27f61985266477cbdc5fe4c412ee,2,saveImage/-208465072.png|saveImage/1051320.png
21ed05baca2c723e3926e331c9b6ccbf6a7763fc44dc27696983f5a964bca609,2,ItemSell_TrangVatPham/1 - Copy.PNG|ItemSell_TrangVatPham/1.PNG
22c6c5be2cf1b1b9a039f5db24611ae3054b341264e51b85a94587317951a7f5,2,ItemSell_TrangVatPham/67 - Copy.PNG|ItemSell_TrangVatPham/67.PNG
23a802db724d268b3c08039a2270020ce46c3058050dddbedc2c511ebab3e85d,2,hoatdong/vitridanhy1.PNG|hoatdong/vitridanhyTTC.PNG
282b4009534c3e0a13d27b2bb417bc533ccb3ac1ef0bdd68860fb784c258913f,2,ItemSell_TrangVatPham/81 - Copy.PNG|ItemSell_TrangVatPham/81.PNG
2be1919445a88eb968f4dac4e726bd57f55ada0779b9725a9dedab1bed23defd,2,saveImage/-1724509538.png|saveImage/1051462.png
2e2df0596e73d94881cd9fc66f84ec8557bd961ed4e9fc2d7945faa735ac968c,2,saveImage/-1823993720.png|saveImage/10030674.png
2fb7e19e0e360681f65669ec9f164a611e6b5c9979dbdd237e7b6a175e0a3f70,2,saveImage/-1532946418.png|saveImage/1052164.png
30a39f62a5cd1e5bf4a01a7efdb82ca42d965242a52a49ea9d4e0e6c9ef98f4f,2,ItemSell_TrangVatPham/50 - Copy.PNG|ItemSell_TrangVatPham/50.PNG
316d12328d6e2ae2e5716920e979e215ae455533289b13ce8f15f2f8ae269820,2,ItemSell_TrangVatPham/32 - Copy.PNG|ItemSell_TrangVatPham/32.PNG
38372048355002a11470be651fbca5cac3900955d95d38c09f1b6d17c626dcfa,2,ItemSell_TrangVatPham/26 - Copy.PNG|ItemSell_TrangVatPham/26.PNG
38aef6e7ca8b18e33d10045e2effb5b9b684269ad7e8fb61dcd4cab967c8b87f,2,ItemSell_TrangVatPham/31 - Copy.PNG|ItemSell_TrangVatPham/31.PNG
3915a241d1d74aece6b55746ddf02e6f06328cb33e5aefd59b493afdd035c41d,2,ItemSell_TrangVatPham/115 - Copy.PNG|ItemSell_TrangVatPham/115.PNG
3a00008c70ed29831747a9aac053479370d31533dfc344938c7f1e2ed704e8fc,2,ItemSell_TrangVatPham/90 - Copy.PNG|ItemSell_TrangVatPham/90.PNG
3ef1aeaeea8aa27e35f623cef88e7af71238d35860da6df5288e1c8515c06ad4,2,ItemSell_TrangVatPham/109 - Copy.PNG|ItemSell_TrangVatPham/109.PNG
409a8a561d3825481f0620f0cc507ddc6fa0991d84af23184a85106744cb5ba8,2,saveImage/-1305080530.png|saveImage/-1649797188.png
417c6ca50e60d229abfd17f66c661b5baa257d032b036a5b7045bb20e3e74c01,2,ItemSell_TrangVatPham/38 - Copy.PNG|ItemSell_TrangVatPham/38.PNG
42ca89bb88972e48747534e7b24dd4c987c311d95c202b73e4fe2a9ba73f29c6,2,ItemSell_TrangVatPham/7 - Copy.PNG|ItemSell_TrangVatPham/7.PNG
43ac6486b80718df587fafd106854f49988a4c02e52bba482cb8f3ea13e75be1,2,ItemSell_TrangVatPham/94 - Copy.PNG|ItemSell_TrangVatPham/94.PNG
45175cc5ad121247d4074dc8f05877c47b59c04280f697e0dbbcd5d42067a5a2,2,ItemSell_TrangVatPham/47 - Copy.PNG|ItemSell_TrangVatPham/47.PNG
495671bab7bd15d87b35970f3ea5e14ba33dcac87321b96e5f6bb94fb1f008e6,2,ItemSell_TrangVatPham/40 - Copy.PNG|ItemSell_TrangVatPham/40.PNG
49a90118cfd7a0869569af8f0836fc07ad5125e9fdc041b6f1f28784e1efa951,2,ItemSell_TrangVatPham/95 - Copy.PNG|ItemSell_TrangVatPham/95.PNG
4bd72d499ab0073951bb974e1e73087d228c81646f6b7da5214c2c297c52c1a9,2,ItemSell_TrangVatPham/92 - Copy.PNG|ItemSell_TrangVatPham/92.PNG
4d00c0c99db393f9f169746ccd12cfef9dc56b590a2a8bda942ade8ccabce7c6,2,hoatdong/bangchat.PNG|thuylao/bangchat.PNG
4d7040dbb228f7b5222abb1a754cc2dc2cf5da43691b0d0e7fcc33b29072ad8d,2,ItemSell_TrangVatPham/46 - Copy.PNG|ItemSell_TrangVatPham/46.PNG
4d87f17db5edc9182081d4d7f4eceffbf7e7bb8369c6a5118e24f758bfa584a1,2,ItemSell_TrangVatPham/45 - Copy.PNG|ItemSell_TrangVatPham/45.PNG
4de7e12f0f57931893378fcf6d1284d742b7fc42bacf697ea8fbe9468ac68357,2,ItemSell_TrangVatPham/10 - Copy.PNG|ItemSell_TrangVatPham/10.PNG
4f3ce70a9a1b3650e63b7f69b1d71fe9018277dab2bd0220a8cfeacf9f6277e6,2,ItemSell_TrangVatPham/108 - Copy.PNG|ItemSell_TrangVatPham/108.PNG
4f7b3126da054466eaaed4f0d8bfbbe682c20fad459474cb688a6ef09d75a01d,2,ItemSell_TrangVatPham/64 - Copy.PNG|ItemSell_TrangVatPham/64.PNG
552c814506464a7e07f9122ba764ce58b6c3825af5a39150ef284e164106b434,2,saveImage/10032060.png|saveImage/102576298.png
5610128804f898d73cfacc2e003981e323d0d992270bd4998159559e624f522e,2,ItemSell_TrangVatPham/113 - Copy.PNG|ItemSell_TrangVatPham/113.PNG
5769bed9f342938c38ba8a587db4bce84bf3dce892554748161eb5fdb95b38a2,2,ItemSell_TrangVatPham/70 - Copy.PNG|ItemSell_TrangVatPham/70.PNG
5834e6ba2f347a938a4fbd78713252108ea6271136d6a15f1d00a8ca90598d99,2,ItemSell_TrangVatPham/117 - Copy.PNG|ItemSell_TrangVatPham/117.PNG
599aa5d3160f228e0d0b13d7edd187ab338c4cafa1ab917ee3e825aac27e1c15,2,ItemSell_TrangVatPham/12 - Copy.PNG|ItemSell_TrangVatPham/12.PNG
5b14a28f38c4b7b2912a85aedc966935bc64361e21921d6ad99d14b9043ca2c0,2,ItemSell_TrangVatPham/27 - Copy.PNG|ItemSell_TrangVatPham/27.PNG
5d1fd95f751bedb633246ff6982a3c1cb1e5c140dbb24447b0539d9e140d8baa,2,hoatdong/bossat.PNG|thuylao/bossat.PNG
611d23803e0a870728bfee712ce76a03455c021bb062dc7994ba0dd8d890800a,2,saveImage/-2072639938.png|saveImage/1049188.png
6123d00fcf4d4ef1496bf84a8aa5afd8e0c21859f28b14a7b9d21abcd20e55bc,2,saveImage/-2096622292.png|saveImage/1052106.png
665ce7e0a6d85eb56957556553ee99da3e53a607ebb76f8f31d06083358db3b0,2,ItemSell_TrangVatPham/17 - Copy.PNG|ItemSell_TrangVatPham/17.PNG
66681922a3c0641853311fd173d40341fcb1b876bac7a6803238644a6fb46752,2,ItemSell_TrangVatPham/119 - Copy.PNG|ItemSell_TrangVatPham/119.PNG
66ccd11c34b39516bfb8d36979f6bee7eab08a721e456444432ecc481f8a2a0a,2,ItemSell_TrangVatPham/60 - Copy.PNG|ItemSell_TrangVatPham/60.PNG
6aae848f187f4890d2ddf5fd7ab575c530e84cd02bc309b0752cee68990efcb9,2,ItemSell_TrangVatPham/55 - Copy.PNG|ItemSell_TrangVatPham/55.PNG
6b1cc95a267774de0c4afc94a027dc9d32912e8a9a70a4a2f36c7e0e8ec72483,2,hoatdong/dauthai.PNG|thuylao/dauthai.PNG
6d0acd3a21f6064feb215a0b8cbcb8771062c282bfc5d1125e36ccead6ced7c4,2,ItemSell_TrangVatPham/19 - Copy.PNG|ItemSell_TrangVatPham/19.PNG
6f994f7228d111e0c2fdd1005f0c790c5c408ae308496c16cc6d70374375ee77,2,ItemSell_TrangVatPham/106 - Copy.PNG|ItemSell_TrangVatPham/106.PNG
70a9f636a70203efc8fee7cb64ad1ee578106a7f3c4e394ea10809f2f0691fc3,2,ItemSell_TrangVatPham/65 - Copy.PNG|ItemSell_TrangVatPham/65.PNG
71401e5b10db6cff85d69651d7f1d0f8e540c30e167070b9672cbc1731f9fe9b,2,saveImage/-1804068036.png|saveImage/10357628.png
728fe6f6f58bfb2c2db36b680b432c47cea2f8178a07f3d722fee5edb95ea879,2,ItemSell_TrangVatPham/9 - Copy.PNG|ItemSell_TrangVatPham/9.PNG
737d46845cefc523196a55f54c58a13ef78fd0864850cccb9fc60a809e4b36a2,2,ItemSell_TrangVatPham/86 - Copy.PNG|ItemSell_TrangVatPham/86.PNG
745719bb669bab9381beea4811a47f939016e018419cfacecd49b904d2db54cd,2,ItemSell_TrangVatPham/71 - Copy.PNG|ItemSell_TrangVatPham/71.PNG
74c415992f1bee66c40be154e4aeec179352b658dc094f3edec8d8234344bef9,2,ItemSell_TrangVatPham/112 - Copy.PNG|ItemSell_TrangVatPham/112.PNG
769126f4cd9c2f5af84a8ae4f6fe46d842bbf363b3374d7c9cf28cff5ad81d1f,2,ItemSell_TrangVatPham/105 - Copy.PNG|ItemSell_TrangVatPham/105.PNG
7692f64f17189b989251610b2e89493517b87c9dc113b34c7710aafc4fca4fcf,2,ItemSell_TrangVatPham/13 - Copy.PNG|ItemSell_TrangVatPham/13.PNG
78181d544f11446bbb3697ea7fca7e9bcf14fbdddbb9e3d1ae212c3db158680c,2,hoatdong/bangxindoi.PNG|thuylao/bangxindoi.PNG
79556f6533279e6b9c02bdc68c51dec5f82a1d94d1e2927891c934daa9c9979f,2,hoatdong/loirathuylao.PNG|thuylao/loirathuylao.PNG
798e6c425875c68be0ca73b6b6ee1d55c6c2dc793bfd83c5bcb48cbd4137dcb9,2,ItemSell_TrangVatPham/14 - Copy.PNG|ItemSell_TrangVatPham/14.PNG
7e7a154db05876723e30bf1b509bbb38922922658ae4d736691a50f65b0aad28,2,ItemSell_TrangVatPham/102 - Copy.PNG|ItemSell_TrangVatPham/102.PNG
80b73c01404a8c276107fee933703648d6938aa39b4002fe12ebc7a9533525fb,2,ItemSell_TrangVatPham/41 - Copy.PNG|ItemSell_TrangVatPham/41.PNG
80d16766f96770d8263d4080a2beeeb2b3e9404dc76412e5ddc5d4bb46b22f2f,2,ItemSell_TrangVatPham/56 - Copy.PNG|ItemSell_TrangVatPham/56.PNG
81a38c2dd5bfebdb54baea9b5d3ea1da3a34903b247c6f446de7a748ed90c037,2,saveImage/1049224.png|saveImage/1049616.png
824a245f770ac3b5cc8f2bea888c246583c8a6195e6a352b269f32abe813ee85,2,ItemSell_TrangVatPham/93 - Copy.PNG|ItemSell_TrangVatPham/93.PNG
835bab673233a4f5a2dfa435ba5eaa90e0369d22a69ee523b2e33da6d1b5341d,2,hoatdong/xacnhan.PNG|thuylao/xacnhan.PNG
83af9fad9adae298e7165d395bd28fbb02c4fc00e2852edf43b73ea2f0cc32ab,2,ItemSell_TrangVatPham/3 - Copy.PNG|ItemSell_TrangVatPham/3.PNG
848864ca457dd7b756705691ed480b934091557aa50945b20ad0448346b643ab,2,ItemSell_TrangVatPham/110 - Copy.PNG|ItemSell_TrangVatPham/110.PNG
881ee5de3af0d613ce9a0e3137b2acfc51ce64e792c4f8d2ef28fca633289b7e,2,ItemSell_TrangVatPham/61 - Copy.PNG|ItemSell_TrangVatPham/61.PNG
88d5c28740445a67c6af695e5980edd63a074bc3d0f83dd8d0f5df704b76275e,2,hoatdong/clickkenhtodoi.PNG|thuylao/clickkenhtodoi.PNG
8902e620ccc3d82e0c5d50f43b1203f8d9bdf9bcf9859ebe19816330367fbe82,2,hoatdong/ban.PNG|itemrac/ban.PNG
89595a88b7b090023ac7a9d3925984f556a412d7414604e24077da4e0f8b5977,2,ItemSell_TrangVatPham/8 - Copy.PNG|ItemSell_TrangVatPham/8.PNG
8b3fe3f4c515eba3efbd1d9b6419f7dc44ec47722fb1aa19046786c09430e3ae,2,ItemSell_TrangVatPham/23 - Copy.PNG|ItemSell_TrangVatPham/23.PNG
8b77798b1cc3af3276b0a24460b72707b273ecee89d5be34552c6d7ccdc97cb5,2,saveImage/-2085808718.png|saveImage/1051608.png
8c7da4358957a5d95e4d742a51534b91b25a0557fe20db46f8acd5f45d7260ba,2,ItemSell_TrangVatPham/44 - Copy.PNG|ItemSell_TrangVatPham/44.PNG
8ceecdb425a52da649e863b859610c199b2a2a2f40827afd6855c3abf8b7db75,2,ItemSell_TrangVatPham/4 - Copy.PNG|ItemSell_TrangVatPham/4.PNG
8d07db673f47adc18600d973934a65c3cdd485d901b8f41d6efd22067dfb9715,2,ItemSell_TrangVatPham/39 - Copy.PNG|ItemSell_TrangVatPham/39.PNG
8d450ca859b6bf96db36a012a4440822d1d232cd45d90a3dc37ed3b22fcac455,2,hoatdong/davaodoi.PNG|thuylao/davaodoi.PNG
9007ddde39db43ab14693d0309172692ec38ab29549575fa8201810fd14f84b9,2,ItemSell_TrangVatPham/114 - Copy.PNG|ItemSell_TrangVatPham/114.PNG
902bca8135f09c29649c4da2f49cff91fc61d1c2b1ed35f3efe7c5231f4dd24d,2,ItemSell_TrangVatPham/62 - Copy.PNG|ItemSell_TrangVatPham/62.PNG
904ce7b796f8790e22fa8e8cd163db54b5cc2e441d27e16f117f05f1c939ee63,2,ItemSell_TrangVatPham/18 - Copy.PNG|ItemSell_TrangVatPham/18.PNG
91e5a6966a239c05bb2d03b6fb4a630d9dba368d53bfa1e74731c33fefd74fe4,2,hoatdong/xinvao.PNG|thuylao/xinvao.PNG
921f5dcfc35f02cf9ea5d36494dfb1c912ed13233cc761318918e3b4f324a185,2,ItemSell_TrangVatPham/24 - Copy.PNG|ItemSell_TrangVatPham/24.PNG
9472932d71e8c308a009a5a2966017276a6bb356c42b540bc4cd5d5636d2cd9a,2,ItemSell_TrangVatPham/103 - Copy.PNG|ItemSell_TrangVatPham/103.PNG
99e500e6d680ce50ccc3f3b931410b12dd87f6c8cdacc5dc840cbd301bff44d3,2,ItemSell_TrangVatPham/84 - Copy.PNG|ItemSell_TrangVatPham/84.PNG
9a42ecc0931c12b91d625eca3d174692b3e434ce7de5b0f5eaa687fcb4e9f542,2,ItemSell_TrangVatPham/52 - Copy.PNG|ItemSell_TrangVatPham/52.PNG
9b265238e603aad8932115cb9fb1d55dfcfcae70749210cdbd0dc2a6b82a6c39,2,ItemSell_TrangVatPham/78 - Copy.PNG|ItemSell_TrangVatPham/78.PNG
9d8738145010ee5613e1250000ac5569e083414a81dfbad465b7f5ad51976bc5,2,ItemSell_TrangVatPham/88 - Copy.PNG|ItemSell_TrangVatPham/88.PNG
a1fb8b4389880b38a5b06c0c79c1d18e2331cb3e20f95ea052b91ba96a600e9b,2,ItemSell_TrangVatPham/5 - Copy.PNG|ItemSell_TrangVatPham/5.PNG
a3ca3b9e6c26dabe22b8a130818947ab445bb03f0db931eac890bac4305e4002,2,ItemSell_TrangVatPham/68 - Copy.PNG|ItemSell_TrangVatPham/68.PNG
a72670bd074b4bb92de21704b329913e422ffdb64db08683329aa19d8a31f3a6,2,ItemSell_TrangVatPham/75 - Copy.PNG|ItemSell_TrangVatPham/75.PNG
a7907506a54b822878ce79357c2057093a2c20016ee3deb2aa9b9923e682f522,2,saveImage/1050588.png|saveImage/1053030.png
a928932eb3eb6b4005137852cde8f11a44c81b57847623265e6f4c4efa14e2e2,2,hoatdong/a1.png|thuylao/a1.png
a9ae4eac506e1e219263e0ee6c83e63fc1f0d0143a47e7c52ca5019d5fb71dce,2,ItemSell_TrangVatPham/97 - Copy.PNG|ItemSell_TrangVatPham/97.PNG
ab0e18fcc0a996b3a40df23a1793ef3388ee04ab891cc7966b610807e84049e2,2,ItemSell_TrangVatPham/29 - Copy.PNG|ItemSell_TrangVatPham/29.PNG
abcec24937500b5b16fe7b659b157d8368577f25768e4b012601cbeba16f754c,2,ItemSell_TrangVatPham/73 - Copy.PNG|ItemSell_TrangVatPham/73.PNG
ac19ae9d779e228d49f777b448838bf735117a711a0013e45a04970e8f327ddf,2,ItemSell_TrangVatPham/15 - Copy.PNG|ItemSell_TrangVatPham/15.PNG
ae5a1cd45faefb3c009fe625ff8e039c97c0a0657f7f5400df5dfe23da5050a2,2,ItemSell_TrangVatPham/63 - Copy.PNG|ItemSell_TrangVatPham/63.PNG
aeaa6a14d2d06e3f3572bce82fda1a6c1c056e91e09dc241f702ba269aeb743d,2,hoatdong/show2.PNG|thuylao/show2.PNG
b0bd363a55d37b096dd7274a578c9319a9a6fa00bb71d1f6e1b9328f853e70c4,2,ItemSell_TrangVatPham/2 - Copy.PNG|ItemSell_TrangVatPham/2.PNG
b530a080fc3a730b411e6e2146a63a997e3b46bfb36915ced58ba949a74a88a7,2,saveImage/1051960.png|saveImage/105256120.png
b6ad45f6265c46a3eeb78229c79e4f9f181e1885d70f68749d1f8849ce930236,2,ItemSell_TrangVatPham/96 - Copy.PNG|ItemSell_TrangVatPham/96.PNG
b81f08c3d8413363fb73fd1301b43985a53d30eb3f306dad39aebec15f028dd0,2,saveImage/1050032.png|saveImage/1052402.png
b9648a6865bc59260298e523cc0167ec57883d55b5c4e55a5eddc59bd3f42b99,2,hoatdong/dingangqua.PNG|level/dingangqua.PNG
b9ca44eec20524108c3328fbc6a21cbce0d02203fe242a0bddda658ce1c29b32,2,ItemSell_TrangVatPham/98 - Copy.PNG|ItemSell_TrangVatPham/98.PNG
bbd422a96647616eb1f7ed397688e3f82bf75cd0940237c6c9f86231558992ce,2,hoatdong/x3.PNG|thuylao/x3.PNG
bf3b6424ad74c3ac497783a7bde6c78609cd04e5b489e0ad5fe2efec17309330,2,ItemSell_TrangVatPham/53 - Copy.PNG|ItemSell_TrangVatPham/53.PNG
c06e9e1deae7088a2b235b8719ebf32f058477720604a9da398424866406013e,2,ItemSell_TrangVatPham/21 - Copy.PNG|ItemSell_TrangVatPham/21.PNG
c0adedfa55bad13e549ec528109fa94ea389915abc16b38f9724a3349dfd7d3a,2,ItemSell_TrangVatPham/85 - Copy.PNG|ItemSell_TrangVatPham/85.PNG
c42121a7b372d0a176eb9896e0493feb8e7873fbff03caca47fb791e57807ef9,2,ItemSell_TrangVatPham/79 - Copy.PNG|ItemSell_TrangVatPham/79.PNG
c480be3e2c3ad195e6253f19c2216bd2f155d647aabed1a9cc565718ffe08d31,2,ItemSell_TrangVatPham/28 - Copy.PNG|ItemSell_TrangVatPham/28.PNG
c4cd183d26a9b64e4e15f42477fe05331f39cb035b07f6dede26f76397ddf1c2,2,hoatdong/kenhchatpt.PNG|thuylao/kenhchatpt.PNG
c985cc00b64a0c7de5f06faeab4ffa0cabafb5f5ed1be963f826c8563d01e0d4,2,ItemSell_TrangVatPham/42 - Copy.PNG|ItemSell_TrangVatPham/42.PNG
ccf92464d735a3268068f688b34fd71ce1c5345d56018acee361eced305b63f4,2,ItemSell_TrangVatPham/104 - Copy.PNG|ItemSell_TrangVatPham/104.PNG
ce85dc5e186efd8467cf23711c2f29c468c98aad9edf5cd096e8336d79a6c95e,2,ItemSell_TrangVatPham/116 - Copy.PNG|ItemSell_TrangVatPham/116.PNG
d161d71d7349e66694e5702b302e628344b7628ee62de69916fff6caa1e4fb0f,2,ItemSell_TrangVatPham/82 - Copy.PNG|ItemSell_TrangVatPham/82.PNG
d5b38a5d0709078a909c69b9010c7cad113d380c2e1522209d39884d8a065817,2,ItemSell_TrangVatPham/33 - Copy.PNG|ItemSell_TrangVatPham/33.PNG
d707b2019047921fcf1cacd67dac9fdddafb6db5b1d65bfafd6e7fdc8e9e50d0,2,ItemSell_TrangVatPham/34 - Copy.PNG|ItemSell_TrangVatPham/34.PNG
d98e672a117528876638ef4826cc5e47d77a8a9ce78761da5050776e7559a1ac,2,ItemSell_TrangVatPham/66 - Copy.PNG|ItemSell_TrangVatPham/66.PNG
dede29aa7808f37e30749903d46e0d58fc02f3fb667895d9251d86b1777c8197,2,hoatdong/chatpt.PNG|thuylao/chatpt.PNG
e138d0467c9b6855c80c17010e58f13556c51fc6a83013df10dd610154026ee4,2,ItemSell_TrangVatPham/118 - Copy.PNG|ItemSell_TrangVatPham/118.PNG
e42b8b270bd679ac967d6bf367d1157b26c4371c8f84c5b551a0c7cda73808a1,2,ItemSell_TrangVatPham/111 - Copy.PNG|ItemSell_TrangVatPham/111.PNG
e44af465beb44b224d60e0a331221f0a6b40de5e07d279764a21031f59798813,2,ItemSell_TrangVatPham/76 - Copy.PNG|ItemSell_TrangVatPham/76.PNG
e4cdb102d56034201ad0a6ca4041cd79c7ef8bd1c27ce9adf04bd35ecb153137,2,hoatdong/show1.PNG|thuylao/show1.PNG
e56b3dcd3b99ef47c9fc7c324e03b091ed6bc7a2e5e96bbe3ed2edc0cc9ba6d7,2,ItemSell_TrangVatPham/22 - Copy.PNG|ItemSell_TrangVatPham/22.PNG
e93a0bbea3dd36d25be14580bfcfe61e6730473eb55d6f863514382757a3d3fb,2,saveImage/-1406200116.png|saveImage/1052444.png
f36891eeba55938bcf84c7c9aa2b7b7add53e83f957badea9078ec0627ad42e2,2,ItemSell_TrangVatPham/20 - Copy.PNG|ItemSell_TrangVatPham/20.PNG
f3be74d822c945d3a8a471de67dfefe0506cb6d6d69271bb810a1d6e58b9e7ff,2,ItemSell_TrangVatPham/101 - Copy.PNG|ItemSell_TrangVatPham/101.PNG
f69785d84164b02e643443e70c57ac88dac15f7fb6e52b68129b2d11c9d2ba03,2,saveImage/-1689320850.png|saveImage/1051982.png
f87206d2bdcee85b23db2b52cb80a1c7fb796b51d02a70a1c09915c75ede5e00,2,ItemSell_TrangVatPham/83 - Copy.PNG|ItemSell_TrangVatPham/83.PNG
f9181c2ce51a0afe3b9b961f21bc95ffcb707e9b3e79c69ca594114dfeb0ec8c,2,ItemSell_TrangVatPham/35 - Copy.PNG|ItemSell_TrangVatPham/35.PNG
f933070e4f43a03646d2f6d63a484549c8cd431fccd141883bc31de0d3aa2e26,2,ItemSell_TrangVatPham/54 - Copy.PNG|ItemSell_TrangVatPham/54.PNG
f98109477e62f11e19a03dc616ed21313e027e2dd748a945b5e7f8f1c9e1468e,2,ItemSell_TrangVatPham/91 - Copy.PNG|ItemSell_TrangVatPham/91.PNG
fc4e4bd106f529c796059fb9dea0f4f087eaf5069b0ea5cc1a43ef77a3424986,2,ItemSell_TrangVatPham/120 - Copy.PNG|ItemSell_TrangVatPham/120.PNG
fc5fbef67c6a870ea51f8d497433e198c4418c73e6b115d3c943631e13f07ab2,2,ItemSell_TrangVatPham/36 - Copy.PNG|ItemSell_TrangVatPham/36.PNG
fe9c5978bf2ab3a9d3dce8ed6fb04f92dad7557139effac50bf1491ad18908a9,2,hoatdong/x1.PNG|thuylao/x1.PNG
fffb86d6c390d899c31dfea2bfe1a1029a342e1c034e281e29f6eb4cb5f6ae67,2,ItemSell_TrangVatPham/37 - Copy.PNG|ItemSell_TrangVatPham/37.PNG
