feature,assembly,declaring_type,method,rid,rva,body_status
auth_update,Auto_ThanLong_obfusca.exe,Auto_ThanLong_Kteam_0789998118.KhungCode_Auto.Cons,get_UpdateURL,219,0x254864,valid_il_header
auth_update,Auto_ThanLong_obfusca.exe,Auto_ThanLong_Kteam_0789998118.KhungCode_Auto.Cons,set_UpdateURL,220,0x254878,protected_or_nonstandard
auth_update,Auto_ThanLong_obfusca.exe,Auto_ThanLong_Kteam_0789998118.KhungCode_Auto.Cons,Login,221,0x25488C,protected_or_nonstandard
auth_update,Auto_ThanLong_obfusca.exe,Auto_ThanLong_Kteam_0789998118.KhungCode_Auto.Cons,UserInfo,222,0x25491C,protected_or_nonstandard
auth_update,Auto_ThanLong_obfusca.exe,Auto_ThanLong_Kteam_0789998118.KhungCode_Auto.Cons,CheckKey,223,0x2549A0,protected_or_nonstandard
account_login,Auto_ThanLong_obfusca.exe,KhungCode_Auto.AccountInfo,get_Cum_Server,280,0x257034,protected_or_nonstandard
account_login,Auto_ThanLong_obfusca.exe,KhungCode_Auto.AccountInfo,set_Cum_Server,281,0x257090,protected_or_nonstandard
account_login,Auto_ThanLong_obfusca.exe,KhungCode_Auto.AccountInfo,get_STT_Server,282,0x2570F4,valid_il_header
account_login,Auto_ThanLong_obfusca.exe,KhungCode_Auto.AccountInfo,set_STT_Server,283,0x257150,protected_or_nonstandard
travel_navigation,Auto_ThanLong_obfusca.exe,KhungCode_Auto.AccountInfo,get_toadoX,284,0x257178,protected_or_nonstandard
travel_navigation,Auto_ThanLong_obfusca.exe,KhungCode_Auto.AccountInfo,set_toadoX,285,0x2571C0,protected_or_nonstandard
travel_navigation,Auto_ThanLong_obfusca.exe,KhungCode_Auto.AccountInfo,get_toadoY,286,0x257214,protected_or_nonstandard
travel_navigation,Auto_ThanLong_obfusca.exe,KhungCode_Auto.AccountInfo,set_toadoY,287,0x25725C,protected_or_nonstandard
vision_perception,Auto_ThanLong_obfusca.exe,KhungCode_Auto.DeviceInfo,get_ImageScreen,323,0x257C4C,protected_or_nonstandard
vision_perception,Auto_ThanLong_obfusca.exe,KhungCode_Auto.DeviceInfo,set_ImageScreen,324,0x257CA8,valid_il_header
pet_mount,Auto_ThanLong_obfusca.exe,KhungCode_Auto.DeviceInfo,get_phanloaithucan,325,0x257CFC,valid_il_header
pet_mount,Auto_ThanLong_obfusca.exe,KhungCode_Auto.DeviceInfo,set_phanloaithucan,326,0x257D58,protected_or_nonstandard
storage,Auto_ThanLong_obfusca.exe,KhungCode_Auto.DeviceInfo,get_catdovaokho,327,0x257DAC,protected_or_nonstandard
storage,Auto_ThanLong_obfusca.exe,KhungCode_Auto.DeviceInfo,set_catdovaokho,328,0x257DF4,protected_or_nonstandard
travel_navigation,Auto_ThanLong_obfusca.exe,KhungCode_Auto.DeviceInfo,get_dichuyen,333,0x257F84,protected_or_nonstandard
travel_navigation,Auto_ThanLong_obfusca.exe,KhungCode_Auto.DeviceInfo,set_dichuyen,334,0x257FE0,protected_or_nonstandard
activity_thuylao,Auto_ThanLong_obfusca.exe,KhungCode_Auto.DeviceInfo,get_TRANGTHAI_THUYLAO,341,0x25820C,protected_or_nonstandard
activity_thuylao,Auto_ThanLong_obfusca.exe,KhungCode_Auto.DeviceInfo,set_TRANGTHAI_THUYLAO,342,0x258268,protected_or_nonstandard
activity_actac,Auto_ThanLong_obfusca.exe,KhungCode_Auto.DeviceInfo,get_TRANGTHAITIMACTAC,343,0x258290,protected_or_nonstandard
activity_actac,Auto_ThanLong_obfusca.exe,KhungCode_Auto.DeviceInfo,set_TRANGTHAITIMACTAC,344,0x2582A8,protected_or_nonstandard
activity_actac,Auto_ThanLong_obfusca.exe,KhungCode_Auto.DeviceInfo,get_TRANGTHAI_ACTAC,353,0x25859C,valid_il_header
activity_actac,Auto_ThanLong_obfusca.exe,KhungCode_Auto.DeviceInfo,set_TRANGTHAI_ACTAC,354,0x2585E4,protected_or_nonstandard
captcha,Auto_ThanLong_obfusca.exe,KhungCode_Auto.DeviceInfo,get_slCAPTCHA,359,0x258768,valid_il_header
captcha,Auto_ThanLong_obfusca.exe,KhungCode_Auto.DeviceInfo,set_slCAPTCHA,360,0x258780,valid_il_header
train_combat,Auto_ThanLong_obfusca.exe,KhungCode_Auto.DeviceInfo,get_tenmaptrain,361,0x2587E4,protected_or_nonstandard
train_combat,Auto_ThanLong_obfusca.exe,KhungCode_Auto.DeviceInfo,set_tenmaptrain,362,0x258840,protected_or_nonstandard
activity_actac,Auto_ThanLong_obfusca.exe,KhungCode_Auto.DeviceInfo,get_toado_actac,363,0x2588A4,valid_il_header
travel_navigation,Auto_ThanLong_obfusca.exe,KhungCode_Auto.DeviceInfo,get_toado_actac,363,0x2588A4,valid_il_header
activity_actac,Auto_ThanLong_obfusca.exe,KhungCode_Auto.DeviceInfo,set_toado_actac,364,0x2588EC,valid_il_header
travel_navigation,Auto_ThanLong_obfusca.exe,KhungCode_Auto.DeviceInfo,set_toado_actac,364,0x2588EC,valid_il_header
core_orchestration,Auto_ThanLong_obfusca.exe,KhungCode_Auto.DeviceInfo,get_QuestThread,370,0x258ACC,protected_or_nonstandard
quest_level,Auto_ThanLong_obfusca.exe,KhungCode_Auto.DeviceInfo,get_QuestThread,370,0x258ACC,protected_or_nonstandard
core_orchestration,Auto_ThanLong_obfusca.exe,KhungCode_Auto.DeviceInfo,set_QuestThread,371,0x258B14,protected_or_nonstandard
quest_level,Auto_ThanLong_obfusca.exe,KhungCode_Auto.DeviceInfo,set_QuestThread,371,0x258B14,protected_or_nonstandard
core_orchestration,Auto_ThanLong_obfusca.exe,KhungCode_Auto.DeviceInfo,get_CheckQuestThread,372,0x258B8C,protected_or_nonstandard
quest_level,Auto_ThanLong_obfusca.exe,KhungCode_Auto.DeviceInfo,get_CheckQuestThread,372,0x258B8C,protected_or_nonstandard
core_orchestration,Auto_ThanLong_obfusca.exe,KhungCode_Auto.DeviceInfo,set_CheckQuestThread,373,0x258BE8,protected_or_nonstandard
quest_level,Auto_ThanLong_obfusca.exe,KhungCode_Auto.DeviceInfo,set_CheckQuestThread,373,0x258BE8,protected_or_nonstandard
quest_level,Auto_ThanLong_obfusca.exe,KhungCode_Auto.DeviceInfo,get_IsSelectAllQuest,374,0x258C4C,protected_or_nonstandard
quest_level,Auto_ThanLong_obfusca.exe,KhungCode_Auto.DeviceInfo,set_IsSelectAllQuest,375,0x258C94,protected_or_nonstandard
quest_level,Auto_ThanLong_obfusca.exe,KhungCode_Auto.DeviceInfo,get_Quest,378,0x258EEC,valid_il_header
quest_level,Auto_ThanLong_obfusca.exe,KhungCode_Auto.DeviceInfo,set_Quest,379,0x258F34,protected_or_nonstandard
quest_level,Auto_ThanLong_obfusca.exe,KhungCode_Auto.DeviceInfo,get_IsRuningQuest,382,0x259050,protected_or_nonstandard
quest_level,Auto_ThanLong_obfusca.exe,KhungCode_Auto.DeviceInfo,set_IsRuningQuest,383,0x259098,protected_or_nonstandard
account_login,Auto_ThanLong_obfusca.exe,KhungCode_Auto.DeviceInfo,get_taikhoan,392,0x25930C,protected_or_nonstandard
account_login,Auto_ThanLong_obfusca.exe,KhungCode_Auto.DeviceInfo,set_taikhoan,393,0x259354,valid_il_header
account_login,Auto_ThanLong_obfusca.exe,KhungCode_Auto.DeviceInfo,get_matkhau,394,0x2593B8,valid_il_header
account_login,Auto_ThanLong_obfusca.exe,KhungCode_Auto.DeviceInfo,set_matkhau,395,0x259400,protected_or_nonstandard
travel_navigation,Auto_ThanLong_obfusca.exe,KhungCode_Auto.DeviceInfo,get_toadoTRENBANG,400,0x259544,valid_il_header
travel_navigation,Auto_ThanLong_obfusca.exe,KhungCode_Auto.DeviceInfo,set_toadoTRENBANG,401,0x2595A0,protected_or_nonstandard
travel_navigation,Auto_ThanLong_obfusca.exe,KhungCode_Auto.DeviceInfo,get_toadoX,402,0x259604,protected_or_nonstandard
travel_navigation,Auto_ThanLong_obfusca.exe,KhungCode_Auto.DeviceInfo,set_toadoX,403,0x259660,protected_or_nonstandard
travel_navigation,Auto_ThanLong_obfusca.exe,KhungCode_Auto.DeviceInfo,get_toadoY,404,0x259688,protected_or_nonstandard
travel_navigation,Auto_ThanLong_obfusca.exe,KhungCode_Auto.DeviceInfo,set_toadoY,405,0x2596D0,protected_or_nonstandard
travel_navigation,Auto_ThanLong_obfusca.exe,KhungCode_Auto.DeviceInfo,get_toadoclickX,406,0x259734,valid_il_header
travel_navigation,Auto_ThanLong_obfusca.exe,KhungCode_Auto.DeviceInfo,set_toadoclickX,407,0x25977C,valid_il_header
travel_navigation,Auto_ThanLong_obfusca.exe,KhungCode_Auto.DeviceInfo,get_toado1,416,0x259B88,protected_or_nonstandard
travel_navigation,Auto_ThanLong_obfusca.exe,KhungCode_Auto.DeviceInfo,set_toado1,417,0x259BD0,valid_il_header
auth_update,Auto_ThanLong_obfusca.exe,KhungCode_Auto.LoginResponse,get_access_token,471,0x25AC20,protected_or_nonstandard
auth_update,Auto_ThanLong_obfusca.exe,KhungCode_Auto.LoginResponse,set_access_token,472,0x25AC34,protected_or_nonstandard
scheduler,Auto_ThanLong_obfusca.exe,KhungCode_Auto.MainWindow,get_IsHenGio,496,0x25B0D4,valid_il_header
scheduler,Auto_ThanLong_obfusca.exe,KhungCode_Auto.MainWindow,set_IsHenGio,497,0x25B11C,valid_il_header
storage,Auto_ThanLong_obfusca.exe,KhungCode_Auto.MainWindow,get_Chuyendovaokho,498,0x25B194,protected_or_nonstandard
storage,Auto_ThanLong_obfusca.exe,KhungCode_Auto.MainWindow,set_Chuyendovaokho,499,0x25B1F0,valid_il_header
trade_transfer,Auto_ThanLong_obfusca.exe,KhungCode_Auto.MainWindow,get_vitrigdX,500,0x25B244,protected_or_nonstandard
trade_transfer,Auto_ThanLong_obfusca.exe,KhungCode_Auto.MainWindow,set_vitrigdX,501,0x25B28C,protected_or_nonstandard
trade_transfer,Auto_ThanLong_obfusca.exe,KhungCode_Auto.MainWindow,get_vitrigdY,502,0x25B2E8,valid_il_header
trade_transfer,Auto_ThanLong_obfusca.exe,KhungCode_Auto.MainWindow,set_vitrigdY,503,0x25B344,valid_il_header
consumable_shop,Auto_ThanLong_obfusca.exe,KhungCode_Auto.MainWindow,get_soluongdochoi,508,0x25B518,protected_or_nonstandard
consumable_shop,Auto_ThanLong_obfusca.exe,KhungCode_Auto.MainWindow,set_soluongdochoi,509,0x25B560,valid_il_header
consumable_shop,Auto_ThanLong_obfusca.exe,KhungCode_Auto.MainWindow,get_soluongthucan,512,0x25B684,protected_or_nonstandard
pet_mount,Auto_ThanLong_obfusca.exe,KhungCode_Auto.MainWindow,get_soluongthucan,512,0x25B684,protected_or_nonstandard
consumable_shop,Auto_ThanLong_obfusca.exe,KhungCode_Auto.MainWindow,set_soluongthucan,513,0x25B6E0,protected_or_nonstandard
pet_mount,Auto_ThanLong_obfusca.exe,KhungCode_Auto.MainWindow,set_soluongthucan,513,0x25B6E0,protected_or_nonstandard
consumable_shop,Auto_ThanLong_obfusca.exe,KhungCode_Auto.MainWindow,get_soluongmau,514,0x25B73C,protected_or_nonstandard
consumable_shop,Auto_ThanLong_obfusca.exe,KhungCode_Auto.MainWindow,set_soluongmau,515,0x25B754,protected_or_nonstandard
consumable_shop,Auto_ThanLong_obfusca.exe,KhungCode_Auto.MainWindow,get_soluongmana,516,0x25B7B8,protected_or_nonstandard
consumable_shop,Auto_ThanLong_obfusca.exe,KhungCode_Auto.MainWindow,set_soluongmana,517,0x25B814,protected_or_nonstandard
quest_level,Auto_ThanLong_obfusca.exe,KhungCode_Auto.MainWindow,get_chinhtuyen5x,518,0x25B870,protected_or_nonstandard
quest_level,Auto_ThanLong_obfusca.exe,KhungCode_Auto.MainWindow,set_chinhtuyen5x,519,0x25B8B8,protected_or_nonstandard
consumable_shop,Auto_ThanLong_obfusca.exe,KhungCode_Auto.MainWindow,get_muaitem,520,0x25B91C,valid_il_header
consumable_shop,Auto_ThanLong_obfusca.exe,KhungCode_Auto.MainWindow,set_muaitem,521,0x25B978,protected_or_nonstandard
captcha,Auto_ThanLong_obfusca.exe,KhungCode_Auto.MainWindow,get_slgiaicaptcha,522,0x25B9CC,protected_or_nonstandard
captcha,Auto_ThanLong_obfusca.exe,KhungCode_Auto.MainWindow,set_slgiaicaptcha,523,0x25B9E4,protected_or_nonstandard
captcha,Auto_ThanLong_obfusca.exe,KhungCode_Auto.MainWindow,get_giaicaptcha,524,0x25BA0C,protected_or_nonstandard
captcha,Auto_ThanLong_obfusca.exe,KhungCode_Auto.MainWindow,set_giaicaptcha,525,0x25BA54,protected_or_nonstandard
inventory_sell,Auto_ThanLong_obfusca.exe,KhungCode_Auto.MainWindow,get_loctrangbi,528,0x25BB3C,protected_or_nonstandard
inventory_sell,Auto_ThanLong_obfusca.exe,KhungCode_Auto.MainWindow,set_loctrangbi,529,0x25BB98,protected_or_nonstandard
heal_buff,Auto_ThanLong_obfusca.exe,KhungCode_Auto.MainWindow,get_autodungmau,530,0x25BBFC,valid_il_header
heal_buff,Auto_ThanLong_obfusca.exe,KhungCode_Auto.MainWindow,set_autodungmau,531,0x25BC58,protected_or_nonstandard
heal_buff,Auto_ThanLong_obfusca.exe,KhungCode_Auto.MainWindow,get_phantramHP,532,0x25BC80,protected_or_nonstandard
heal_buff,Auto_ThanLong_obfusca.exe,KhungCode_Auto.MainWindow,set_phantramHP,533,0x25BCDC,protected_or_nonstandard
inventory_sell,Auto_ThanLong_obfusca.exe,KhungCode_Auto.MainWindow,get_cleartrangbi,536,0x25BDD4,protected_or_nonstandard
inventory_sell,Auto_ThanLong_obfusca.exe,KhungCode_Auto.MainWindow,set_cleartrangbi,537,0x25BE1C,protected_or_nonstandard
inventory_sell,Auto_ThanLong_obfusca.exe,KhungCode_Auto.MainWindow,get_banitem,538,0x25BE94,protected_or_nonstandard
inventory_sell,Auto_ThanLong_obfusca.exe,KhungCode_Auto.MainWindow,set_banitem,539,0x25BEAC,valid_il_header
activity_tbd,Auto_ThanLong_obfusca.exe,KhungCode_Auto.MainWindow,get_chayTBD,540,0x25BED4,protected_or_nonstandard
activity_tbd,Auto_ThanLong_obfusca.exe,KhungCode_Auto.MainWindow,set_chayTBD,541,0x25BEEC,protected_or_nonstandard
pet_mount,Auto_ThanLong_obfusca.exe,KhungCode_Auto.MainWindow,get_locthucuoi,548,0x25C138,protected_or_nonstandard
pet_mount,Auto_ThanLong_obfusca.exe,KhungCode_Auto.MainWindow,set_locthucuoi,549,0x25C180,protected_or_nonstandard
activity_actac,Auto_ThanLong_obfusca.exe,KhungCode_Auto.MainWindow,get_HDACTAC,550,0x25C1E4,protected_or_nonstandard
activity_actac,Auto_ThanLong_obfusca.exe,KhungCode_Auto.MainWindow,set_HDACTAC,551,0x25C1FC,protected_or_nonstandard
quest_level,Auto_ThanLong_obfusca.exe,KhungCode_Auto.MainWindow,get_LV10,552,0x25C250,protected_or_nonstandard
quest_level,Auto_ThanLong_obfusca.exe,KhungCode_Auto.MainWindow,set_LV10,553,0x25C2AC,protected_or_nonstandard
activity_actac,Auto_ThanLong_obfusca.exe,KhungCode_Auto.MainWindow,get_MAPACTAC,554,0x25C300,protected_or_nonstandard
activity_actac,Auto_ThanLong_obfusca.exe,KhungCode_Auto.MainWindow,set_MAPACTAC,555,0x25C35C,protected_or_nonstandard
trade_transfer,Auto_ThanLong_obfusca.exe,KhungCode_Auto.MainWindow,get_vitrigiaodich,556,0x25C3B0,valid_il_header
trade_transfer,Auto_ThanLong_obfusca.exe,KhungCode_Auto.MainWindow,set_vitrigiaodich,557,0x25C40C,protected_or_nonstandard
trade_transfer,Auto_ThanLong_obfusca.exe,KhungCode_Auto.MainWindow,get_trangthaigd,558,0x25C484,protected_or_nonstandard
trade_transfer,Auto_ThanLong_obfusca.exe,KhungCode_Auto.MainWindow,set_trangthaigd,559,0x25C4E0,protected_or_nonstandard
trade_transfer,Auto_ThanLong_obfusca.exe,KhungCode_Auto.MainWindow,get_chuyenitem,560,0x25C558,protected_or_nonstandard
trade_transfer,Auto_ThanLong_obfusca.exe,KhungCode_Auto.MainWindow,set_chuyenitem,561,0x25C5B4,protected_or_nonstandard
trade_transfer,Auto_ThanLong_obfusca.exe,KhungCode_Auto.MainWindow,get_chuyenitemvang,562,0x25C618,protected_or_nonstandard
trade_transfer,Auto_ThanLong_obfusca.exe,KhungCode_Auto.MainWindow,set_chuyenitemvang,563,0x25C674,protected_or_nonstandard
activity_thuylao,Auto_ThanLong_obfusca.exe,KhungCode_Auto.MainWindow,get_thuylao,564,0x25C6C8,protected_or_nonstandard
activity_thuylao,Auto_ThanLong_obfusca.exe,KhungCode_Auto.MainWindow,set_thuylao,565,0x25C6E0,valid_il_header
party_follow,Auto_ThanLong_obfusca.exe,KhungCode_Auto.MainWindow,get_autoPT,576,0x25CAF8,protected_or_nonstandard
party_follow,Auto_ThanLong_obfusca.exe,KhungCode_Auto.MainWindow,set_autoPT,577,0x25CB54,valid_il_header
account_login,Auto_ThanLong_obfusca.exe,KhungCode_Auto.MainWindow,get_AUTOLOGIN,578,0x25CBCC,protected_or_nonstandard
account_login,Auto_ThanLong_obfusca.exe,KhungCode_Auto.MainWindow,set_AUTOLOGIN,579,0x25CBE4,protected_or_nonstandard
train_combat,Auto_ThanLong_obfusca.exe,KhungCode_Auto.MainWindow,get_BAITRAIN_ALL,582,0x25CCF8,protected_or_nonstandard
train_combat,Auto_ThanLong_obfusca.exe,KhungCode_Auto.MainWindow,set_BAITRAIN_ALL,583,0x25CD54,protected_or_nonstandard
train_combat,Auto_ThanLong_obfusca.exe,KhungCode_Auto.MainWindow,get_BaiTrainSelected,584,0x25CDCC,protected_or_nonstandard
train_combat,Auto_ThanLong_obfusca.exe,KhungCode_Auto.MainWindow,set_BaiTrainSelected,585,0x25CDE4,protected_or_nonstandard
train_combat,Auto_ThanLong_obfusca.exe,KhungCode_Auto.MainWindow,get_BaiTrainAll,586,0x25CE48,protected_or_nonstandard
train_combat,Auto_ThanLong_obfusca.exe,KhungCode_Auto.MainWindow,set_BaiTrainAll,587,0x25CEA4,protected_or_nonstandard
inventory_sell,Auto_ThanLong_obfusca.exe,KhungCode_Auto.MainWindow,get_sellItem,588,0x25CECC,protected_or_nonstandard
inventory_sell,Auto_ThanLong_obfusca.exe,KhungCode_Auto.MainWindow,set_sellItem,589,0x25CF28,protected_or_nonstandard
train_combat,Auto_ThanLong_obfusca.exe,KhungCode_Auto.MainWindow,get_trainlevelNEW,594,0x25D0B4,protected_or_nonstandard
train_combat,Auto_ThanLong_obfusca.exe,KhungCode_Auto.MainWindow,set_trainlevelNEW,595,0x25D0CC,protected_or_nonstandard
heal_buff,Auto_ThanLong_obfusca.exe,KhungCode_Auto.MainWindow,get_danhytrilieu,596,0x25D120,valid_il_header
heal_buff,Auto_ThanLong_obfusca.exe,KhungCode_Auto.MainWindow,set_danhytrilieu,597,0x25D17C,valid_il_header
consumable_shop,Auto_ThanLong_obfusca.exe,KhungCode_Auto.MainWindow,get_muaItem,598,0x25D1D0,protected_or_nonstandard
consumable_shop,Auto_ThanLong_obfusca.exe,KhungCode_Auto.MainWindow,set_muaItem,599,0x25D1E8,protected_or_nonstandard
trade_transfer,Auto_ThanLong_obfusca.exe,KhungCode_Auto.MainWindow,get_dungvang,600,0x25D24C,protected_or_nonstandard
trade_transfer,Auto_ThanLong_obfusca.exe,KhungCode_Auto.MainWindow,set_dungvang,601,0x25D294,protected_or_nonstandard
captcha,Auto_ThanLong_obfusca.exe,KhungCode_Auto.MainWindow,get_DUNGCODE,602,0x25D2BC,valid_il_header
captcha,Auto_ThanLong_obfusca.exe,KhungCode_Auto.MainWindow,set_DUNGCODE,603,0x25D318,protected_or_nonstandard
activity_thuylao,Auto_ThanLong_obfusca.exe,KhungCode_Auto.MainWindow,get_sttbaithuylao,604,0x25D37C,protected_or_nonstandard
activity_thuylao,Auto_ThanLong_obfusca.exe,KhungCode_Auto.MainWindow,set_sttbaithuylao,605,0x25D3C4,protected_or_nonstandard
scheduler,Auto_ThanLong_obfusca.exe,KhungCode_Auto.MainWindow,get_HenGio,614,0x25D6F0,protected_or_nonstandard
scheduler,Auto_ThanLong_obfusca.exe,KhungCode_Auto.MainWindow,set_HenGio,615,0x25D74C,valid_il_header
auth_update,Auto_ThanLong_obfusca.exe,KhungCode_Auto.MainWindow,CheckUpdate,619,0x260010,protected_or_nonstandard
auth_update,Auto_ThanLong_obfusca.exe,KhungCode_Auto.MainWindow,AutoUpdaterOnCheckForUpdateEvent,620,0x260130,protected_or_nonstandard
auth_update,Auto_ThanLong_obfusca.exe,KhungCode_Auto.MainWindow,CheckMutant,621,0x2601C8,valid_il_header
auth_update,Auto_ThanLong_obfusca.exe,KhungCode_Auto.MainWindow,CheckLicense,622,0x2602BC,protected_or_nonstandard
auth_update,Auto_ThanLong_obfusca.exe,KhungCode_Auto.MainWindow,GetInterNetDate,623,0x260408,protected_or_nonstandard
scheduler,Auto_ThanLong_obfusca.exe,KhungCode_Auto.MainWindow,TimerCheckHenGio_Tick,625,0x2606EC,protected_or_nonstandard
core_orchestration,Auto_ThanLong_obfusca.exe,KhungCode_Auto.MainWindow,LoadDevices,627,0x2608CC,protected_or_nonstandard
core_orchestration,Auto_ThanLong_obfusca.exe,KhungCode_Auto.MainWindow,TimerCheckDevices_Tick,628,0x2608E8,protected_or_nonstandard
core_orchestration,Auto_ThanLong_obfusca.exe,KhungCode_Auto.MainWindow,LoadListDevices,629,0x260D14,protected_or_nonstandard
core_orchestration,Auto_ThanLong_obfusca.exe,KhungCode_Auto.MainWindow,LoadQuest,633,0x261418,protected_or_nonstandard
quest_level,Auto_ThanLong_obfusca.exe,KhungCode_Auto.MainWindow,LoadQuest,633,0x261418,protected_or_nonstandard
scheduler,Auto_ThanLong_obfusca.exe,KhungCode_Auto.MainWindow,checktime,634,0x2614C8,protected_or_nonstandard
account_login,Auto_ThanLong_obfusca.exe,KhungCode_Auto.MainWindow,nhaptkmk,635,0x261534,valid_il_header
activity_thuylao,Auto_ThanLong_obfusca.exe,KhungCode_Auto.MainWindow,vaothuylao,636,0x261D54,protected_or_nonstandard
activity_thuylao,Auto_ThanLong_obfusca.exe,KhungCode_Auto.MainWindow,hdthuylao,637,0x2636C4,protected_or_nonstandard
pet_mount,Auto_ThanLong_obfusca.exe,KhungCode_Auto.MainWindow,xuatpet,640,0x265BC0,protected_or_nonstandard
party_follow,Auto_ThanLong_obfusca.exe,KhungCode_Auto.MainWindow,duyetPT,641,0x26619C,protected_or_nonstandard
party_follow,Auto_ThanLong_obfusca.exe,KhungCode_Auto.MainWindow,checkthanhvien,642,0x26689C,valid_il_header
activity_actac,Auto_ThanLong_obfusca.exe,KhungCode_Auto.MainWindow,danh_actac,643,0x267070,protected_or_nonstandard
activity_actac,Auto_ThanLong_obfusca.exe,KhungCode_Auto.MainWindow,gettoado_actac,644,0x268D94,protected_or_nonstandard
travel_navigation,Auto_ThanLong_obfusca.exe,KhungCode_Auto.MainWindow,gettoado_actac,644,0x268D94,protected_or_nonstandard
activity_actac,Auto_ThanLong_obfusca.exe,KhungCode_Auto.MainWindow,toivitri_actac,645,0x26979C,valid_il_header
activity_actac,Auto_ThanLong_obfusca.exe,KhungCode_Auto.MainWindow,HD_ACTAC,646,0x26A4CC,protected_or_nonstandard
train_combat,Auto_ThanLong_obfusca.exe,KhungCode_Auto.MainWindow,trainLEVEL1,648,0x26E6E4,protected_or_nonstandard
party_follow,Auto_ThanLong_obfusca.exe,KhungCode_Auto.MainWindow,THOAT_VAOLAI_PT,654,0x275118,valid_il_header
party_follow,Auto_ThanLong_obfusca.exe,KhungCode_Auto.MainWindow,THOAT_PT,655,0x27572C,protected_or_nonstandard
party_follow,Auto_ThanLong_obfusca.exe,KhungCode_Auto.MainWindow,TAO_PT_1NGUOI,656,0x275B28,protected_or_nonstandard
party_follow,Auto_ThanLong_obfusca.exe,KhungCode_Auto.MainWindow,theodoi,657,0x275ECC,protected_or_nonstandard
party_follow,Auto_ThanLong_obfusca.exe,KhungCode_Auto.MainWindow,botheodoi,658,0x2763D4,protected_or_nonstandard
train_combat,Auto_ThanLong_obfusca.exe,KhungCode_Auto.MainWindow,batdanh,659,0x276670,protected_or_nonstandard
train_combat,Auto_ThanLong_obfusca.exe,KhungCode_Auto.MainWindow,tatdanh,660,0x276970,valid_il_header
train_combat,Auto_ThanLong_obfusca.exe,KhungCode_Auto.MainWindow,lenbaitrain,661,0x276D60,protected_or_nonstandard
inventory_sell,Auto_ThanLong_obfusca.exe,KhungCode_Auto.MainWindow,donrac,662,0x28BBE4,valid_il_header
inventory_sell,Auto_ThanLong_obfusca.exe,KhungCode_Auto.MainWindow,vuthettrangbi,663,0x28C888,protected_or_nonstandard
inventory_sell,Auto_ThanLong_obfusca.exe,KhungCode_Auto.MainWindow,sellItemm,664,0x28D264,protected_or_nonstandard
storage,Auto_ThanLong_obfusca.exe,KhungCode_Auto.MainWindow,catdovaokho,665,0x290220,protected_or_nonstandard
storage,Auto_ThanLong_obfusca.exe,KhungCode_Auto.MainWindow,laydotrongkho,666,0x291060,valid_il_header
consumable_shop,Auto_ThanLong_obfusca.exe,KhungCode_Auto.MainWindow,checkmuaitem,667,0x291824,protected_or_nonstandard
consumable_shop,Auto_ThanLong_obfusca.exe,KhungCode_Auto.MainWindow,nhanitem,668,0x293B48,valid_il_header
inventory_sell,Auto_ThanLong_obfusca.exe,KhungCode_Auto.MainWindow,checkfulltui,669,0x2945D0,protected_or_nonstandard
account_login,Auto_ThanLong_obfusca.exe,KhungCode_Auto.MainWindow,closeapp,671,0x295774,protected_or_nonstandard
heal_buff,Auto_ThanLong_obfusca.exe,KhungCode_Auto.MainWindow,checktrilieutudong,672,0x295AF8,protected_or_nonstandard
heal_buff,Auto_ThanLong_obfusca.exe,KhungCode_Auto.MainWindow,batbuff,673,0x29636C,protected_or_nonstandard
consumable_shop,Auto_ThanLong_obfusca.exe,KhungCode_Auto.MainWindow,muamaumana,674,0x296458,protected_or_nonstandard
consumable_shop,Auto_ThanLong_obfusca.exe,KhungCode_Auto.MainWindow,muadochopet,675,0x297040,protected_or_nonstandard
travel_navigation,Auto_ThanLong_obfusca.exe,KhungCode_Auto.MainWindow,Truyenvetochau,678,0x29AB9C,valid_il_header
travel_navigation,Auto_ThanLong_obfusca.exe,KhungCode_Auto.MainWindow,truyenmap,679,0x29BB74,protected_or_nonstandard
activity_tbd,Auto_ThanLong_obfusca.exe,KhungCode_Auto.MainWindow,toinpcTBD,680,0x29C148,protected_or_nonstandard
travel_navigation,Auto_ThanLong_obfusca.exe,KhungCode_Auto.MainWindow,toinpcTBD,680,0x29C148,protected_or_nonstandard
travel_navigation,Auto_ThanLong_obfusca.exe,KhungCode_Auto.MainWindow,didau,681,0x29C538,protected_or_nonstandard
activity_thuylao,Auto_ThanLong_obfusca.exe,KhungCode_Auto.MainWindow,toinpcthuylao,682,0x29D570,protected_or_nonstandard
travel_navigation,Auto_ThanLong_obfusca.exe,KhungCode_Auto.MainWindow,toinpcthuylao,682,0x29D570,protected_or_nonstandard
inventory_sell,Auto_ThanLong_obfusca.exe,KhungCode_Auto.MainWindow,toinpcbanitem_daily,683,0x29D860,protected_or_nonstandard
travel_navigation,Auto_ThanLong_obfusca.exe,KhungCode_Auto.MainWindow,toinpcbanitem_daily,683,0x29D860,protected_or_nonstandard
travel_navigation,Auto_ThanLong_obfusca.exe,KhungCode_Auto.MainWindow,toinpc_duoc,684,0x29DD20,protected_or_nonstandard
travel_navigation,Auto_ThanLong_obfusca.exe,KhungCode_Auto.MainWindow,toinpc_pet_daily,685,0x29DF48,valid_il_header
pet_mount,Auto_ThanLong_obfusca.exe,KhungCode_Auto.MainWindow,toinpc_pet_daily,685,0x29DF48,valid_il_header
heal_buff,Auto_ThanLong_obfusca.exe,KhungCode_Auto.MainWindow,trilieutochaux,686,0x29E224,protected_or_nonstandard
heal_buff,Auto_ThanLong_obfusca.exe,KhungCode_Auto.MainWindow,trilieudaily,687,0x29E950,protected_or_nonstandard
travel_navigation,Auto_ThanLong_obfusca.exe,KhungCode_Auto.MainWindow,checkdichuyen,688,0x29F044,protected_or_nonstandard
pet_mount,Auto_ThanLong_obfusca.exe,KhungCode_Auto.MainWindow,phudaily,689,0x29F7F0,protected_or_nonstandard
activity_thuylao,Auto_ThanLong_obfusca.exe,KhungCode_Auto.MainWindow,setupautothuylao,690,0x2A0008,protected_or_nonstandard
train_combat,Auto_ThanLong_obfusca.exe,KhungCode_Auto.MainWindow,setupautotrain,691,0x2A173C,protected_or_nonstandard
heal_buff,Auto_ThanLong_obfusca.exe,KhungCode_Auto.MainWindow,lienketmau_manalenauto,693,0x2A45DC,protected_or_nonstandard
activity_tbd,Auto_ThanLong_obfusca.exe,KhungCode_Auto.MainWindow,nhannvTBD,695,0x2A5B64,protected_or_nonstandard
quest_level,Auto_ThanLong_obfusca.exe,KhungCode_Auto.MainWindow,nhannvTBD,695,0x2A5B64,protected_or_nonstandard
quest_level,Auto_ThanLong_obfusca.exe,KhungCode_Auto.MainWindow,tranvTBD,696,0x2A6988,protected_or_nonstandard
quest_level,Auto_ThanLong_obfusca.exe,KhungCode_Auto.MainWindow,huynvTBD,697,0x2A6E2C,protected_or_nonstandard
activity_tbd,Auto_ThanLong_obfusca.exe,KhungCode_Auto.MainWindow,laylenhbai,698,0x2A73AC,protected_or_nonstandard
activity_tbd,Auto_ThanLong_obfusca.exe,KhungCode_Auto.MainWindow,checklenhbai,699,0x2A77A8,protected_or_nonstandard
activity_tbd,Auto_ThanLong_obfusca.exe,KhungCode_Auto.MainWindow,check_dinhviphu,700,0x2A87A4,valid_il_header
pet_mount,Auto_ThanLong_obfusca.exe,KhungCode_Auto.MainWindow,lenngua,702,0x2AB5B0,valid_il_header
pet_mount,Auto_ThanLong_obfusca.exe,KhungCode_Auto.MainWindow,xuongngua,703,0x2ABB08,protected_or_nonstandard
pet_mount,Auto_ThanLong_obfusca.exe,KhungCode_Auto.MainWindow,dungphuvetochau,704,0x2ABFF0,valid_il_header
account_login,Auto_ThanLong_obfusca.exe,KhungCode_Auto.MainWindow,vaolaigame,705,0x2AC75C,protected_or_nonstandard
vision_perception,Auto_ThanLong_obfusca.exe,KhungCode_Auto.MainWindow,getsonhieuchotrenscreen,706,0x2AD6F4,valid_il_header
vision_perception,Auto_ThanLong_obfusca.exe,KhungCode_Auto.MainWindow,getnhieuvitrihinhanh,707,0x2ADE08,protected_or_nonstandard
vision_perception,Auto_ThanLong_obfusca.exe,KhungCode_Auto.MainWindow,ScaleImage,709,0x2AE2F0,protected_or_nonstandard
vision_perception,Auto_ThanLong_obfusca.exe,KhungCode_Auto.MainWindow,ResizeImage,710,0x2AE3E4,protected_or_nonstandard
travel_navigation,Auto_ThanLong_obfusca.exe,KhungCode_Auto.MainWindow,laytoadotrongGame,711,0x2AE6A0,protected_or_nonstandard
vision_perception,Auto_ThanLong_obfusca.exe,KhungCode_Auto.MainWindow,laytoadotrongGame,711,0x2AE6A0,protected_or_nonstandard
vision_perception,Auto_ThanLong_obfusca.exe,KhungCode_Auto.MainWindow,FindImage,712,0x2AE970,protected_or_nonstandard
vision_perception,Auto_ThanLong_obfusca.exe,KhungCode_Auto.MainWindow,FindImage_OK,713,0x2AEC6C,valid_il_header
vision_perception,Auto_ThanLong_obfusca.exe,KhungCode_Auto.MainWindow,FindImage_OutPoint,715,0x2AEF74,valid_il_header
vision_perception,Auto_ThanLong_obfusca.exe,KhungCode_Auto.MainWindow,FindAndClick,716,0x2AF0BC,protected_or_nonstandard
vision_perception,Auto_ThanLong_obfusca.exe,KhungCode_Auto.MainWindow,FindAndClick_OK,717,0x2AF4FC,protected_or_nonstandard
vision_perception,Auto_ThanLong_obfusca.exe,KhungCode_Auto.MainWindow,FindAndClick_OnPoint,718,0x2AF838,protected_or_nonstandard
vision_perception,Auto_ThanLong_obfusca.exe,KhungCode_Auto.MainWindow,FindAndClick_Color,719,0x2AFAC4,protected_or_nonstandard
vision_perception,Auto_ThanLong_obfusca.exe,KhungCode_Auto.MainWindow,FindAndClick_Color_TBDTim,720,0x2AFE3C,valid_il_header
vision_perception,Auto_ThanLong_obfusca.exe,KhungCode_Auto.MainWindow,FindImage_Color_TBDTim,721,0x2B01A8,valid_il_header
heal_buff,Auto_ThanLong_obfusca.exe,KhungCode_Auto.MainWindow,SoluongImage_mau,722,0x2B04DC,protected_or_nonstandard
vision_perception,Auto_ThanLong_obfusca.exe,KhungCode_Auto.MainWindow,SoluongImage_mau,722,0x2B04DC,protected_or_nonstandard
vision_perception,Auto_ThanLong_obfusca.exe,KhungCode_Auto.MainWindow,SoluongImage,723,0x2B0930,protected_or_nonstandard
vision_perception,Auto_ThanLong_obfusca.exe,KhungCode_Auto.MainWindow,FindAndClick_OnPoint_Color,724,0x2B0BA4,protected_or_nonstandard
vision_perception,Auto_ThanLong_obfusca.exe,KhungCode_Auto.MainWindow,FindColor,725,0x2B0EE0,protected_or_nonstandard
vision_perception,Auto_ThanLong_obfusca.exe,KhungCode_Auto.MainWindow,FindAndClick_Until_Found,730,0x2B15A4,valid_il_header
vision_perception,Auto_ThanLong_obfusca.exe,KhungCode_Auto.MainWindow,FindAndClick_OnPoint_Until_Found,731,0x2B1704,protected_or_nonstandard
vision_perception,Auto_ThanLong_obfusca.exe,KhungCode_Auto.MainWindow,Not_FindAndClick_OnPoint_Until_Found,732,0x2B1828,protected_or_nonstandard
vision_perception,Auto_ThanLong_obfusca.exe,KhungCode_Auto.MainWindow,Not_FindAndClick_OnPoint,733,0x2B1914,protected_or_nonstandard
core_orchestration,Auto_ThanLong_obfusca.exe,KhungCode_Auto.MainWindow,StartQuestDevice,735,0x2B1BDC,protected_or_nonstandard
quest_level,Auto_ThanLong_obfusca.exe,KhungCode_Auto.MainWindow,StartQuestDevice,735,0x2B1BDC,protected_or_nonstandard
captcha,Auto_ThanLong_obfusca.exe,KhungCode_Auto.MainWindow,SoveNormalCapt,736,0x2B2188,protected_or_nonstandard
captcha,Auto_ThanLong_obfusca.exe,KhungCode_Auto.MainWindow,Nomal,737,0x2B2238,protected_or_nonstandard
core_orchestration,Auto_ThanLong_obfusca.exe,KhungCode_Auto.MainWindow,StartAllSelectedDevice,740,0x2B23F8,valid_il_header
account_login,Auto_ThanLong_obfusca.exe,KhungCode_Auto.MainWindow,GetAcc,741,0x2B2458,valid_il_header
auth_update,Auto_ThanLong_obfusca.exe,KhungCode_Auto.MainWindow,<AutoUpdaterOnCheckForUpdateEvent>b__200_0,759,0x2B5D48,protected_or_nonstandard
core_orchestration,Auto_ThanLong_obfusca.exe,KhungCode_Auto.MainWindow,<StartAllSelectedDevice>b__320_0,761,0x2B5DE8,protected_or_nonstandard
quest_level,Auto_ThanLong_obfusca.exe,KhungCode_Auto.QuestInfo,.ctor,1001,0x2BBA14,valid_il_header
core_orchestration,Auto_ThanLong_obfusca.exe,KhungCode_Auto.QuestInfo,get_QuestThread,1002,0x2BBA80,protected_or_nonstandard
quest_level,Auto_ThanLong_obfusca.exe,KhungCode_Auto.QuestInfo,get_QuestThread,1002,0x2BBA80,protected_or_nonstandard
core_orchestration,Auto_ThanLong_obfusca.exe,KhungCode_Auto.QuestInfo,set_QuestThread,1003,0x2BBAC8,protected_or_nonstandard
quest_level,Auto_ThanLong_obfusca.exe,KhungCode_Auto.QuestInfo,set_QuestThread,1003,0x2BBAC8,protected_or_nonstandard
quest_level,Auto_ThanLong_obfusca.exe,KhungCode_Auto.QuestInfo,get_DeviceID,1004,0x2BBAF0,protected_or_nonstandard
quest_level,Auto_ThanLong_obfusca.exe,KhungCode_Auto.QuestInfo,set_DeviceID,1005,0x2BBB4C,protected_or_nonstandard
quest_level,Auto_ThanLong_obfusca.exe,KhungCode_Auto.QuestInfo,get_Device,1006,0x2BBB74,protected_or_nonstandard
quest_level,Auto_ThanLong_obfusca.exe,KhungCode_Auto.QuestInfo,set_Device,1007,0x2BBBD0,protected_or_nonstandard
quest_level,Auto_ThanLong_obfusca.exe,KhungCode_Auto.QuestInfo,get_IsRuningQuest,1008,0x2BBC24,valid_il_header
quest_level,Auto_ThanLong_obfusca.exe,KhungCode_Auto.QuestInfo,set_IsRuningQuest,1009,0x2BBC6C,protected_or_nonstandard
quest_level,Auto_ThanLong_obfusca.exe,KhungCode_Auto.QuestInfo,get_QuestToDo,1010,0x2BBCD0,protected_or_nonstandard
quest_level,Auto_ThanLong_obfusca.exe,KhungCode_Auto.QuestInfo,set_QuestToDo,1011,0x2BBD2C,protected_or_nonstandard
quest_level,Auto_ThanLong_obfusca.exe,KhungCode_Auto.QuestInfo,get_ThoiGian,1012,0x2BBD54,valid_il_header
scheduler,Auto_ThanLong_obfusca.exe,KhungCode_Auto.QuestInfo,get_ThoiGian,1012,0x2BBD54,valid_il_header
quest_level,Auto_ThanLong_obfusca.exe,KhungCode_Auto.QuestInfo,set_ThoiGian,1013,0x2BBD9C,valid_il_header
scheduler,Auto_ThanLong_obfusca.exe,KhungCode_Auto.QuestInfo,set_ThoiGian,1013,0x2BBD9C,valid_il_header
quest_level,Auto_ThanLong_obfusca.exe,KhungCode_Auto.QuestInfo,get_IsThoiGian,1014,0x2BBE14,protected_or_nonstandard
scheduler,Auto_ThanLong_obfusca.exe,KhungCode_Auto.QuestInfo,get_IsThoiGian,1014,0x2BBE14,protected_or_nonstandard
quest_level,Auto_ThanLong_obfusca.exe,KhungCode_Auto.QuestInfo,set_IsThoiGian,1015,0x2BBE5C,protected_or_nonstandard
scheduler,Auto_ThanLong_obfusca.exe,KhungCode_Auto.QuestInfo,set_IsThoiGian,1015,0x2BBE5C,protected_or_nonstandard
quest_level,Auto_ThanLong_obfusca.exe,KhungCode_Auto.QuestInfo,get_Isslnhanvat,1016,0x2BBEB0,protected_or_nonstandard
quest_level,Auto_ThanLong_obfusca.exe,KhungCode_Auto.QuestInfo,set_Isslnhanvat,1017,0x2BBF0C,protected_or_nonstandard
quest_level,Auto_ThanLong_obfusca.exe,KhungCode_Auto.QuestInfo,get_Status,1018,0x2BBF84,protected_or_nonstandard
quest_level,Auto_ThanLong_obfusca.exe,KhungCode_Auto.QuestInfo,set_Status,1019,0x2BBFE0,protected_or_nonstandard
quest_level,Auto_ThanLong_obfusca.exe,KhungCode_Auto.QuestInfo,get_QuestName,1020,0x2BC044,protected_or_nonstandard
quest_level,Auto_ThanLong_obfusca.exe,KhungCode_Auto.QuestInfo,set_QuestName,1021,0x2BC08C,valid_il_header
quest_level,Auto_ThanLong_obfusca.exe,KhungCode_Auto.QuestInfo,get_IsSelected,1022,0x2BC0F0,protected_or_nonstandard
quest_level,Auto_ThanLong_obfusca.exe,KhungCode_Auto.QuestInfo,set_IsSelected,1023,0x2BC14C,valid_il_header
quest_level,Auto_ThanLong_obfusca.exe,KhungCode_Auto.QuestInfo,get_Color,1024,0x2BC1A0,valid_il_header
quest_level,Auto_ThanLong_obfusca.exe,KhungCode_Auto.QuestInfo,set_Color,1025,0x2BC1E8,protected_or_nonstandard
quest_level,Auto_ThanLong_obfusca.exe,KhungCode_Auto.QuestInfo,get_EStatus,1026,0x2BC244,protected_or_nonstandard
quest_level,Auto_ThanLong_obfusca.exe,KhungCode_Auto.QuestInfo,set_EStatus,1027,0x2BC28C,protected_or_nonstandard
quest_level,Auto_ThanLong_obfusca.exe,KhungCode_Auto.QuestInfo,get_IsLeader,1028,0x2BC3FC,protected_or_nonstandard
quest_level,Auto_ThanLong_obfusca.exe,KhungCode_Auto.QuestInfo,set_IsLeader,1029,0x2BC414,protected_or_nonstandard
quest_level,Auto_ThanLong_obfusca.exe,KhungCode_Auto.QuestInfo,add_PropertyChanged,1030,0x2BC43C,valid_il_header
quest_level,Auto_ThanLong_obfusca.exe,KhungCode_Auto.QuestInfo,remove_PropertyChanged,1031,0x2BC4B8,protected_or_nonstandard
quest_level,Auto_ThanLong_obfusca.exe,KhungCode_Auto.QuestInfo,OnPropertyChanged,1032,0x2BC534,protected_or_nonstandard
quest_level,Auto_ThanLong_obfusca.exe,KhungCode_Auto.QuestInfo,‎‭​⁬⁮‌​‮‭⁬⁯‍‍‭‬‭‏​⁪‮‬⁪‎‌‏‏‮‪‫⁪⁭⁯⁫‪⁬‫‫⁬‬⁪‮,1033,0x253820,protected_or_nonstandard
quest_level,Auto_ThanLong_obfusca.exe,KhungCode_Auto.QuestInfo,⁭​⁭⁫‍‍‪‎⁮‭‮⁬‌‍‭⁬‌⁭⁮‫‪‍⁬‍⁪‌‌‏‫⁯⁪⁮‬⁬⁫‭‭‬⁪‮,1034,0x253834,protected_or_nonstandard
quest_level,Auto_ThanLong_obfusca.exe,KhungCode_Auto.QuestInfo,‍‪⁬⁫‭‏⁫‌‌‎⁫‌‭⁮⁪‍‪‫‭⁬‍⁯⁮⁭⁫⁪‪⁮‬‏‭‫⁫⁯⁭‬⁬‬⁯‪‮,1035,0x257AB0,protected_or_nonstandard
